age,period_flow_intensity,fatigue_frequency,dizziness_frequency,pale_skin_flag,cold_hands_feet_flag,diet_type_code,shortness_of_breath_flag,estimated_hemoglobin_gl,anemia_risk_level
54,0,1,2,0,0,1,0,12.8,0
44,1,3,1,0,0,0,1,10.6,1
30,0,1,3,0,0,0,1,13.3,0
58,1,0,1,0,0,0,0,12.4,0
23,2,2,0,0,0,2,0,12.1,0
36,1,2,0,0,1,0,1,11.4,1
54,2,1,0,0,0,0,0,11.0,1
34,2,3,0,0,1,0,0,9.8,2
38,1,3,0,0,0,2,0,10.9,1
26,1,1,0,0,1,2,0,12.6,0
26,1,3,1,1,1,1,0,9.9,2
39,2,0,1,0,0,1,0,11.6,1
51,1,1,1,0,1,2,0,13.1,0
55,2,0,1,0,0,0,1,11.1,1
39,1,3,0,0,1,0,0,11.4,1
18,2,2,0,0,1,0,0,9.5,2
37,1,0,1,0,0,0,0,13.3,0
17,1,1,1,0,0,1,0,11.5,1
39,3,2,0,1,0,2,0,9.3,2
59,2,0,2,0,0,2,0,12.5,0
45,1,3,2,0,0,1,0,11.5,1
53,2,2,1,1,0,2,0,11.0,1
17,1,1,0,0,0,0,0,11.1,1
36,2,3,2,1,1,0,0,9.4,2
48,2,1,1,0,0,1,0,11.2,1
27,1,3,2,1,0,2,0,10.0,1
37,0,2,2,0,1,0,0,12.5,0
59,1,2,2,0,0,1,0,12.4,0
40,1,0,1,1,0,2,1,12.0,1
42,2,3,0,0,0,2,1,11.5,1
57,1,1,1,0,1,2,0,11.8,1
43,1,0,1,0,1,0,0,13.3,0
31,2,0,1,0,0,0,0,12.0,0
30,3,1,0,0,1,1,1,10.2,1
59,1,1,0,0,0,0,0,13.1,0
18,1,2,2,0,1,2,0,11.5,1
52,1,3,1,0,1,1,0,12.0,0
22,0,0,2,0,1,0,0,13.2,0
36,3,2,2,0,0,2,1,10.6,1
24,1,0,1,0,0,1,0,13.3,0
54,2,3,1,0,0,0,0,10.7,1
33,1,2,2,0,1,2,0,11.6,1
19,2,1,1,0,0,2,0,11.9,1
40,2,2,1,0,1,2,0,11.4,1
29,2,1,0,0,1,0,0,11.3,1
24,1,1,1,0,0,1,1,12.2,0
41,0,2,1,1,1,2,0,12.0,0
17,1,1,0,0,1,0,0,13.1,0
35,3,1,0,0,1,0,1,10.3,1
43,2,1,0,0,1,2,0,12.3,0
22,2,2,0,1,1,0,0,9.7,2
59,2,1,0,1,0,2,0,10.5,1
23,2,0,1,0,1,1,1,14.1,0
50,1,2,2,0,0,1,0,12.1,0
29,3,2,1,1,1,0,1,9.7,2
32,1,0,0,0,1,2,0,13.2,0
51,1,1,0,0,0,1,0,13.1,0
55,1,0,1,0,1,1,0,13.0,0
19,0,1,0,0,0,2,0,13.5,0
17,1,1,2,1,0,2,0,11.1,1
21,2,2,1,1,0,2,0,11.1,1
57,0,2,2,0,1,1,1,12.4,0
19,2,2,0,0,1,1,0,11.5,1
44,1,1,1,1,1,2,0,10.7,1
33,1,2,0,0,0,2,0,12.2,0
41,1,1,3,0,1,0,0,10.6,1
59,1,3,1,1,1,0,0,10.1,1
49,2,2,0,0,0,2,0,10.1,1
25,1,0,0,0,0,1,0,13.2,0
51,2,2,0,0,0,2,0,11.1,1
29,1,1,1,1,1,1,0,11.2,1
46,2,2,0,0,1,0,1,11.6,1
30,3,0,1,0,1,2,1,10.9,1
23,2,0,0,0,0,0,0,9.9,2
29,1,3,1,1,1,1,0,11.0,1
38,0,1,2,1,0,1,0,11.3,1
55,1,2,2,0,0,1,0,11.3,1
36,2,1,2,0,1,2,0,11.3,1
31,0,2,0,0,0,2,0,11.6,1
33,1,2,0,1,1,2,0,10.9,1
39,2,1,1,0,0,0,0,10.4,1
41,1,1,0,1,1,0,0,11.4,1
40,2,1,1,0,0,1,0,10.9,1
56,1,0,0,1,0,2,0,12.2,0
44,0,1,0,1,0,2,1,13.1,0
30,2,2,0,0,0,2,0,11.6,1
16,1,3,2,1,1,0,0,10.3,1
40,2,3,0,0,0,1,0,10.0,1
22,1,2,1,0,1,1,1,11.9,1
24,1,2,0,0,1,0,0,11.0,1
39,2,2,1,0,0,0,0,10.8,1
16,2,1,0,0,0,2,1,10.6,1
59,2,3,2,0,1,0,0,10.7,1
23,1,2,2,0,1,0,0,11.4,1
39,2,1,0,0,1,0,0,12.5,0
26,1,0,2,0,0,2,0,13.6,0
32,0,1,3,0,1,1,0,13.3,0
23,3,1,2,0,0,2,0,10.8,1
50,1,3,2,0,1,2,0,10.9,1
50,3,1,0,0,1,0,0,11.1,1
48,1,1,1,0,0,2,0,12.2,0
20,1,3,0,0,0,0,0,11.6,1
57,1,0,0,1,0,0,0,12.0,0
54,2,1,3,1,0,2,1,11.2,1
56,2,0,0,0,1,2,0,12.5,0
43,2,2,1,1,0,1,0,9.9,2
22,2,3,2,1,0,1,0,9.4,2
24,2,1,2,1,0,1,0,10.4,1
23,2,3,3,0,1,0,0,10.8,1
27,1,1,0,1,1,0,0,10.7,1
49,1,3,0,0,0,0,0,10.4,1
48,1,2,1,0,0,0,0,11.7,1
38,3,2,0,0,1,2,0,10.2,1
39,3,0,0,0,1,0,0,10.8,1
52,0,3,0,0,0,0,0,11.3,1
50,2,2,2,0,0,1,0,9.7,2
59,3,1,1,0,0,2,0,10.3,1
55,1,2,0,1,0,0,0,11.5,1
37,2,1,1,1,0,0,0,10.3,1
42,3,3,0,0,1,1,0,8.8,2
50,0,0,0,1,0,2,0,12.3,0
16,2,2,2,1,1,1,1,10.7,1
50,1,1,1,1,0,2,0,11.9,1
52,3,0,2,0,1,2,0,11.2,1
29,3,1,0,0,1,2,1,10.5,1
18,3,0,2,1,0,2,0,10.0,2
16,1,1,1,0,0,1,0,12.5,0
20,2,1,1,0,1,0,0,11.7,1
41,2,1,1,0,0,2,0,12.4,0
29,1,1,2,0,0,1,0,11.6,1
54,2,1,1,0,0,0,0,12.0,0
42,0,2,1,0,1,2,0,12.5,0
24,2,0,3,0,0,0,0,11.7,1
30,1,3,2,1,1,1,0,11.2,1
30,1,3,1,1,0,1,0,10.4,1
41,0,2,1,0,1,1,0,11.2,1
57,2,1,0,1,0,2,0,11.4,1
28,1,3,0,0,1,0,0,11.1,1
47,2,0,1,0,0,1,0,11.9,1
54,0,0,2,1,1,1,0,13.3,0
47,1,1,2,1,1,2,0,12.2,0
19,1,2,0,1,0,2,0,10.3,1
45,2,0,1,0,0,1,0,12.1,0
52,1,1,0,1,0,2,0,10.3,1
38,2,3,3,0,0,0,0,10.1,1
54,2,3,3,0,1,2,0,10.4,1
30,2,1,1,0,0,1,0,11.9,1
58,1,0,2,0,0,2,0,12.2,0
44,0,2,1,0,1,0,0,11.8,1
51,2,1,1,1,0,0,1,8.7,2
28,0,0,0,0,0,1,0,13.8,0
47,2,0,1,0,0,2,1,12.0,0
22,1,3,1,0,1,1,1,11.4,1
37,3,2,1,0,1,2,0,9.5,2
43,2,2,0,1,1,1,0,10.7,1
17,3,3,3,0,0,1,0,10.9,1
57,1,1,0,0,1,0,1,11.8,1
21,2,1,1,1,0,2,0,11.4,1
43,1,1,1,0,0,0,1,11.4,1
43,1,1,1,0,0,2,0,12.3,0
59,2,1,1,0,0,2,0,10.7,1
59,2,2,0,0,0,2,0,11.6,1
35,3,2,0,0,0,1,0,10.5,1
45,2,3,1,0,0,2,0,9.9,2
26,1,1,1,1,0,2,0,11.2,1
43,1,2,0,1,1,0,1,10.8,1
40,2,2,1,0,0,2,0,11.7,1
54,1,1,1,0,1,0,0,12.8,0
48,1,2,1,1,0,1,0,11.1,1
16,1,1,2,0,1,0,0,11.1,1
42,1,1,0,0,0,0,0,12.0,0
28,1,0,0,0,0,1,0,13.9,0
56,1,1,2,1,0,1,0,10.7,1
18,0,1,1,0,1,2,0,12.4,0
54,0,2,1,0,1,0,0,12.5,0
21,3,3,2,0,0,1,0,10.0,2
23,1,2,2,1,0,0,0,10.5,1
42,1,2,3,0,1,1,0,11.9,1
24,2,1,1,1,1,2,0,11.6,1
52,1,2,1,0,0,1,0,11.7,1
48,3,0,1,0,0,2,0,11.3,1
57,2,1,0,0,0,0,0,11.6,1
59,0,1,1,0,1,2,1,12.8,0
39,1,1,0,1,0,1,1,12.4,0
30,2,0,2,0,1,1,0,13.3,0
47,3,0,1,1,0,2,0,10.3,1
47,1,1,1,0,0,0,1,11.1,1
39,2,3,0,0,0,2,0,10.8,1
56,1,1,0,0,1,2,0,11.5,1
27,3,1,0,0,1,0,0,9.7,2
54,1,0,1,1,0,0,0,10.6,1
17,3,2,0,0,1,0,1,9.8,2
18,2,1,1,0,0,2,0,11.6,1
52,2,1,2,0,0,2,0,11.3,1
32,1,1,2,0,0,0,0,12.7,0
17,1,0,1,0,0,1,0,13.6,0
17,1,0,0,1,0,1,1,13.4,0
43,1,1,2,0,1,2,0,12.3,0
38,1,0,2,0,0,0,0,13.1,0
52,2,0,0,0,1,0,0,11.9,1
47,1,1,1,1,0,2,1,11.8,1
48,0,2,0,0,1,0,0,11.8,1
16,3,1,2,0,0,0,0,9.1,2
34,2,1,3,0,0,2,0,12.0,1
17,3,1,0,0,0,2,0,11.6,1
59,3,3,2,0,0,0,0,8.6,2
41,1,1,1,0,1,0,0,11.9,1
47,1,0,3,1,0,0,0,12.4,0
21,2,2,1,0,1,0,0,10.5,1
47,2,0,2,1,0,2,0,12.2,0
19,1,1,0,0,0,1,0,12.2,0
26,2,1,0,0,0,2,0,11.3,1
32,1,3,0,0,1,2,0,12.1,0
53,1,1,3,0,1,1,0,11.7,1
39,1,2,2,1,0,0,0,10.4,1
20,2,3,2,0,0,1,0,10.1,1
49,2,0,3,0,0,2,0,11.4,1
21,0,1,0,0,1,2,1,13.1,0
37,2,1,0,1,1,0,0,10.3,1
26,1,1,0,0,0,2,1,12.6,0
31,1,1,0,1,0,1,0,10.7,1
48,2,3,0,0,0,2,0,9.9,2
24,3,2,1,0,1,0,0,10.0,1
21,2,2,0,0,0,1,0,12.0,1
31,2,1,0,0,1,2,0,11.8,1
44,2,2,0,0,0,1,0,10.7,1
18,2,3,0,0,1,1,1,9.7,2
35,0,2,3,1,1,0,0,11.1,1
51,1,0,2,1,1,0,1,11.8,1
34,1,2,3,0,1,0,1,10.0,2
41,1,0,1,0,1,2,0,12.1,0
18,2,1,0,0,0,0,0,10.8,1
34,1,0,2,0,0,1,0,12.6,0
35,0,2,0,0,0,2,1,12.5,0
47,1,2,0,1,1,0,0,10.4,1
22,2,0,0,0,0,1,0,12.4,0
56,0,1,0,0,1,2,0,13.1,0
48,2,1,0,0,1,2,1,11.4,1
55,1,1,0,0,0,2,0,12.7,0
54,1,0,1,0,0,2,0,13.1,0
33,2,1,0,0,0,0,0,10.3,1
55,2,2,0,0,0,2,1,11.1,1
16,1,0,2,0,0,0,0,12.9,0
26,2,0,0,0,0,2,0,12.7,0
43,2,1,0,1,1,0,0,10.8,1
40,1,3,2,0,1,2,1,11.2,1
38,2,2,0,0,0,2,0,11.4,1
46,2,2,0,0,0,2,1,11.6,1
45,2,1,1,0,0,0,0,11.3,1
57,2,1,0,0,1,1,0,11.7,1
50,2,0,1,1,1,2,0,11.4,1
22,2,2,2,0,0,2,1,10.3,1
31,2,3,0,0,0,0,0,10.1,1
41,2,2,1,0,1,2,1,10.7,1
17,2,3,1,0,1,2,0,10.2,1
16,2,2,0,1,0,0,0,11.0,1
27,2,0,1,1,1,2,0,12.1,0
20,1,3,0,0,0,1,0,10.3,1
52,2,0,1,1,0,1,0,10.8,1
47,2,1,0,0,1,0,0,11.0,1
24,0,0,1,1,1,1,0,12.5,0
56,2,0,0,0,0,2,1,12.3,0
50,1,1,2,1,1,1,0,11.0,1
34,1,1,0,1,0,2,0,12.3,0
31,2,1,1,0,1,2,0,11.6,1
18,1,1,1,0,0,2,0,12.1,0
35,2,0,1,1,1,0,0,11.1,1
39,2,0,1,1,1,2,0,11.2,1
48,1,1,1,0,0,1,0,11.1,1
39,0,1,2,0,1,0,0,12.6,0
26,1,2,2,0,1,0,0,11.2,1
23,2,2,0,0,1,1,0,10.5,1
51,3,2,1,0,0,2,0,11.1,1
53,2,2,2,0,1,1,0,11.5,1
55,1,1,3,1,1,2,0,13.2,0
35,2,2,2,0,0,0,0,11.2,1
50,1,1,0,1,1,1,0,11.3,1
40,2,1,0,0,0,2,0,11.1,1
50,1,2,1,0,0,2,0,11.5,1
40,2,1,1,0,0,0,0,10.8,1
44,1,2,1,0,0,1,0,11.9,1
33,3,2,1,0,1,0,0,9.1,2
33,1,3,2,0,0,1,0,11.7,1
17,2,3,0,0,1,2,0,10.7,1
50,3,1,2,0,0,2,1,11.2,1
31,1,1,1,0,0,0,0,11.2,1
56,3,1,0,0,0,2,0,11.0,1
51,2,1,1,1,0,1,1,11.8,1
48,0,2,2,1,1,1,0,11.4,1
19,1,2,0,0,1,1,0,11.3,1
48,2,2,0,0,1,2,0,11.5,1
29,0,1,3,0,0,1,0,12.4,0
36,2,0,0,1,0,1,0,11.4,1
35,1,1,1,0,0,1,1,13.2,0
23,2,0,1,0,0,0,0,11.2,1
22,0,3,1,0,0,2,0,12.9,0
18,2,1,1,0,1,1,0,11.4,1
32,3,0,0,0,0,0,0,10.3,1
48,3,0,1,1,1,2,0,11.2,1
27,2,2,0,0,0,2,1,11.2,1
37,1,2,1,0,0,2,1,11.8,1
37,2,1,0,0,1,1,0,11.1,1
45,0,0,1,0,0,0,1,13.2,0
53,0,1,0,1,1,1,0,11.2,1
53,1,1,0,0,1,0,0,12.0,0
23,1,2,0,1,0,2,0,12.0,1
42,2,2,0,0,1,0,0,9.6,2
42,2,1,2,0,0,0,0,11.0,1
49,1,1,0,1,0,1,0,11.2,1
36,1,3,2,0,1,1,0,10.4,1
45,3,1,3,1,0,2,0,9.1,2
48,1,2,1,0,1,1,0,11.1,1
43,1,0,0,1,1,0,1,11.7,1
48,1,1,0,0,1,0,0,12.6,0
20,2,0,2,0,0,1,0,11.2,1
34,2,1,0,1,0,0,0,10.8,1
19,1,3,0,1,1,2,0,10.8,1
50,0,1,1,1,0,1,0,13.4,0
32,2,0,2,1,0,2,0,11.8,1
59,2,0,2,1,0,2,0,11.9,1
43,1,1,0,0,0,2,0,12.7,0
45,3,0,1,0,0,2,0,10.8,1
44,1,0,0,0,1,0,0,12.1,0
21,1,2,0,0,1,0,0,12.1,0
50,3,1,2,0,0,0,0,9.3,2
56,1,1,0,0,0,2,0,11.9,1
52,2,3,0,0,0,2,0,9.8,2
39,1,0,0,0,1,2,0,12.9,0
44,1,3,2,0,0,0,1,10.6,1
46,3,1,2,0,1,2,0,11.3,1
50,1,3,1,0,0,1,0,11.2,1
48,2,2,2,1,1,0,0,9.2,2
36,1,2,0,0,0,1,0,10.9,1
47,1,3,1,0,1,0,0,10.9,1
38,0,1,0,0,0,1,1,12.5,0
48,2,3,0,0,1,0,1,9.9,2
18,1,1,1,0,0,1,0,12.9,0
33,2,1,2,0,1,2,0,12.1,0
40,1,1,0,0,1,2,0,13.4,0
57,3,1,0,0,0,2,0,10.7,1
46,1,0,0,0,1,1,0,12.4,0
18,2,1,0,1,0,2,0,11.3,1
55,2,1,2,1,0,2,0,10.7,1
39,2,2,1,0,0,0,0,10.4,1
47,2,2,1,0,0,1,0,11.0,1
37,2,1,2,0,1,0,0,12.2,0
38,2,1,0,0,1,0,0,11.6,1
17,1,1,1,1,0,2,0,12.2,0
42,0,0,1,0,0,2,1,14.5,0
57,3,0,1,1,1,0,0,10.9,1
17,2,1,3,0,1,2,0,10.9,1
41,2,1,2,1,0,2,0,11.5,1
32,1,3,0,0,1,2,0,11.9,1
55,1,1,2,1,0,0,0,11.7,1
48,1,1,0,0,0,2,0,12.2,0
24,2,1,0,0,1,0,1,11.5,1
58,1,0,0,0,0,1,0,12.8,0
54,1,1,0,0,0,0,0,11.3,1
44,1,2,1,1,0,0,0,10.4,1
57,0,1,1,1,1,2,1,12.8,0
41,2,1,2,1,1,1,0,10.5,1
50,1,3,1,0,0,0,1,10.4,1
40,2,3,1,1,0,0,1,10.1,1
39,1,2,0,0,0,2,0,11.9,1
28,1,1,0,0,0,0,1,12.2,0
22,0,2,1,0,0,2,1,11.8,1
51,0,1,1,0,1,0,0,12.9,0
35,1,1,2,0,0,0,0,11.5,1
16,1,0,0,0,0,1,0,12.2,0
23,2,1,0,0,0,1,0,11.3,1
31,1,1,1,1,0,1,0,12.5,0
29,2,1,0,0,1,0,0,11.0,1
27,2,3,0,0,0,2,0,11.9,1
38,2,3,1,0,0,2,0,9.4,2
30,0,2,0,0,0,0,0,11.2,1
43,1,1,1,0,0,1,1,13.1,0
49,1,3,0,0,0,2,0,12.2,0
17,1,0,0,0,0,0,0,11.9,1
47,3,2,0,0,0,0,0,10.0,1
38,1,0,2,0,0,2,0,13.2,0
37,1,2,0,1,0,2,1,11.1,1
40,2,1,2,0,0,1,0,11.7,1
37,2,3,0,0,1,0,0,10.2,1
37,2,3,2,1,0,0,1,8.7,2
57,0,0,0,0,0,2,1,13.3,0
21,1,1,1,0,0,0,0,11.9,1
30,1,3,1,1,0,1,0,10.8,1
58,0,1,2,0,1,1,0,12.0,1
52,1,3,0,0,0,0,0,11.4,1
48,0,1,0,0,1,2,0,13.1,0
23,0,1,0,0,0,2,0,12.4,0
59,1,1,2,0,0,2,1,13.4,0
59,1,1,1,0,1,0,0,11.7,1
20,2,2,2,0,0,0,0,10.5,1
54,2,1,0,0,0,1,1,12.0,1
19,2,1,0,0,0,0,0,12.3,0
21,1,1,0,0,1,2,1,12.7,0
47,1,1,3,0,0,0,1,12.4,0
45,1,3,1,0,1,1,0,10.7,1
50,2,3,3,0,0,1,0,10.7,1
55,2,1,0,1,1,2,0,10.7,1
31,0,2,1,0,0,0,0,12.5,0
28,3,2,1,0,1,1,0,10.9,1
57,0,1,0,0,0,0,0,13.6,0
45,1,3,2,0,1,2,1,10.0,1
34,2,1,3,1,0,0,0,10.2,1
32,2,0,2,0,0,2,0,12.9,0
34,2,3,1,1,0,2,0,9.2,2
43,2,1,0,0,0,0,0,11.7,1
41,1,2,0,0,0,2,1,12.5,0
52,2,3,3,0,1,0,0,10.2,1
41,0,0,0,1,1,2,0,12.0,0
38,2,3,1,0,0,1,0,10.5,1
24,1,1,1,0,1,0,0,12.8,0
27,2,1,1,0,0,1,0,12.5,0
16,1,2,3,0,0,0,0,11.5,1
16,2,3,0,1,1,2,0,9.4,2
49,1,0,0,0,1,0,1,13.4,0
47,2,1,0,0,1,2,1,12.1,0
40,0,2,1,1,0,1,0,11.4,1
55,0,2,0,0,1,2,1,12.7,0
16,1,2,0,1,0,0,0,11.0,1
31,1,0,2,0,0,1,0,12.4,0
54,2,1,3,0,0,1,0,11.8,1
20,1,1,0,1,1,2,0,12.4,0
37,3,2,0,0,1,0,0,9.8,2
44,1,1,2,0,1,0,0,12.6,0
18,1,1,0,0,0,0,0,10.8,1
27,2,3,0,0,0,2,0,11.9,1
41,2,0,0,0,0,0,0,11.7,1
31,1,3,1,1,0,1,0,11.3,1
52,2,2,0,0,0,0,1,10.8,1
37,2,2,3,0,1,2,0,10.6,1
44,1,1,1,1,0,2,0,11.7,1
29,3,0,1,0,0,1,0,10.3,1
43,3,2,0,0,0,1,0,10.8,1
20,2,2,1,0,0,0,0,10.8,1
45,1,2,1,1,0,0,0,10.7,1
20,2,0,2,0,1,0,1,12.2,0
27,0,2,2,1,1,2,0,11.9,1
31,0,2,1,1,1,1,1,12.3,0
41,1,2,2,0,0,2,0,12.4,0
41,1,2,2,0,0,1,0,11.5,1
36,2,2,2,1,0,2,1,10.0,2
54,2,2,0,0,1,1,0,10.1,1
51,2,0,0,1,1,1,0,11.6,1
48,1,1,0,1,0,0,0,11.6,1
45,1,0,1,0,0,1,1,12.0,0
52,1,1,1,0,0,1,0,13.2,0
38,3,1,1,1,1,2,0,9.8,2
25,0,0,2,1,1,2,0,11.6,1
20,2,1,2,0,0,0,1,12.1,0
51,2,0,2,0,0,0,0,10.5,1
49,1,2,0,0,0,1,0,12.4,0
46,2,3,1,0,0,1,0,11.0,1
25,1,0,0,0,0,0,0,12.6,0
34,2,3,0,0,0,2,0,10.3,1
47,3,1,0,0,1,2,0,11.2,1
16,1,1,0,0,1,2,0,12.9,0
20,1,0,1,0,0,0,0,11.8,1
19,2,1,2,0,1,2,1,12.2,0
31,3,2,0,0,0,2,0,11.0,1
39,1,2,1,0,0,1,1,12.0,1
31,2,0,1,0,0,1,0,11.8,1
17,2,0,0,0,0,2,1,12.7,0
43,2,1,1,0,0,1,0,11.9,1
47,1,1,0,0,0,1,0,11.7,1
42,2,1,1,1,0,1,1,10.8,1
35,3,1,1,0,1,1,1,11.4,1
39,1,2,0,1,0,0,0,10.9,1
27,1,3,0,0,0,2,0,12.0,1
50,3,1,1,0,0,2,0,10.7,1
48,1,3,2,1,1,2,0,10.1,1
48,2,1,0,0,0,0,0,12.5,0
58,1,1,1,0,1,2,0,11.3,1
52,1,1,1,0,0,0,1,11.6,1
27,2,2,3,0,0,0,0,10.9,1
18,1,3,2,0,0,1,0,11.9,1
16,1,2,1,0,0,1,0,12.2,0
48,1,1,1,0,0,1,0,13.7,0
55,2,2,2,0,0,0,0,10.6,1
25,1,0,0,1,0,1,0,11.7,1
58,1,3,0,0,0,0,0,10.8,1
59,3,1,0,0,0,2,1,10.7,1
44,1,1,2,1,1,1,0,11.7,1
28,2,1,2,0,0,2,0,11.0,1
27,1,2,0,0,1,0,0,11.9,1
46,2,0,1,0,1,0,1,11.9,1
17,1,2,1,0,0,2,0,11.0,1
50,3,1,0,0,0,0,0,11.1,1
38,1,2,3,1,0,1,0,10.7,1
32,1,2,0,1,1,2,1,10.5,1
41,0,2,0,0,1,0,0,12.2,0
23,1,1,1,0,1,2,0,11.2,1
44,1,1,1,0,1,1,1,12.7,0
41,1,0,0,0,1,0,0,10.7,1
25,2,2,1,1,0,0,0,9.5,2
41,1,1,1,0,0,0,0,12.8,0
49,1,1,0,0,1,2,0,11.9,1
56,2,1,0,1,0,2,0,10.7,1
22,2,0,1,0,0,0,0,12.5,0
19,1,2,0,0,1,0,0,10.9,1
26,1,0,3,0,0,2,0,13.3,0
44,0,2,2,1,1,1,1,12.6,0
51,2,1,3,0,1,1,0,11.9,1
40,2,0,0,1,0,1,0,10.6,1
36,1,1,3,0,1,0,0,11.5,1
51,2,0,1,1,0,2,0,13.1,0
25,2,1,0,1,0,2,0,10.7,1
52,2,2,0,0,0,0,0,12.5,0
24,2,0,0,0,0,1,1,13.1,0
39,1,2,1,0,0,1,0,12.1,0
50,1,0,1,0,0,1,1,13.0,0
50,1,1,0,0,0,0,1,11.6,1
51,0,2,1,0,0,2,0,12.4,0
33,1,1,0,0,1,1,0,11.9,1
54,3,0,1,0,1,1,1,11.4,1
47,0,1,0,0,0,0,1,11.8,1
39,1,1,2,0,0,0,0,11.1,1
38,1,2,2,0,0,0,0,12.2,0
47,3,1,1,1,0,2,0,9.3,2
52,1,2,0,0,1,0,1,11.9,1
27,1,3,0,0,1,2,0,10.2,1
28,0,1,2,1,0,1,0,12.8,0
38,1,3,0,0,0,1,1,11.2,1
40,3,1,0,1,0,1,0,11.1,1
50,3,3,0,0,1,1,0,9.7,2
56,0,0,1,0,0,0,0,11.9,1
45,3,2,1,0,1,0,1,9.9,2
32,2,1,2,0,1,2,0,11.7,1
35,2,1,0,0,0,2,0,11.5,1
40,1,2,0,0,0,0,0,11.7,1
37,1,2,2,0,1,1,0,11.5,1
28,1,0,2,0,0,0,0,11.6,1
34,2,0,0,0,0,0,0,11.1,1
51,1,2,1,0,0,0,0,11.1,1
27,0,2,0,0,1,2,1,12.2,0
56,1,3,3,0,1,0,1,12.3,0
34,2,2,0,1,1,0,0,10.9,1
27,1,3,3,0,1,0,0,11.3,1
24,2,2,1,1,1,0,0,10.4,1
22,3,1,1,1,1,2,1,10.5,1
43,0,0,0,0,0,0,0,13.3,0
29,2,2,1,0,0,0,0,10.8,1
46,1,2,1,0,1,2,0,11.8,1
34,2,0,0,0,1,0,0,10.4,1
31,1,1,1,0,1,2,0,12.1,0
20,2,3,3,0,0,1,0,10.5,1
50,2,1,1,0,1,0,0,10.8,1
27,3,1,1,0,1,2,0,10.6,1
40,2,1,0,0,0,0,0,11.4,1
36,1,1,1,0,0,1,0,12.8,0
51,2,1,0,1,0,1,0,11.2,1
38,2,1,1,0,0,0,0,11.6,1
31,2,0,3,0,0,2,0,12.6,0
54,0,2,1,0,0,2,0,12.3,0
57,3,1,0,0,0,2,0,11.2,1
54,2,2,0,0,1,2,0,10.1,1
29,2,3,1,0,1,1,0,10.4,1
46,1,1,1,0,1,0,0,11.6,1
20,2,2,2,0,0,0,1,11.6,1
50,1,1,2,1,0,1,0,11.9,1
38,2,3,1,1,1,1,0,9.2,2
44,1,1,0,0,0,2,0,12.7,0
58,2,2,0,0,1,1,0,11.6,1
26,3,2,0,0,1,1,0,10.3,1
33,0,1,0,0,0,1,0,13.4,0
27,3,0,1,0,1,2,0,9.9,2
24,1,2,1,0,0,2,0,10.2,1
25,2,2,1,1,0,2,0,9.8,2
59,2,1,0,0,1,0,1,11.3,1
32,2,2,0,0,0,2,1,12.0,0
53,2,1,0,0,1,0,0,10.5,1
22,2,2,0,0,0,2,0,10.6,1
28,1,0,2,0,0,1,0,12.9,0
55,1,3,0,1,0,1,0,10.4,1
57,2,1,1,0,1,1,0,11.3,1
24,2,1,0,0,0,2,0,11.3,1
42,2,0,2,0,0,0,0,12.5,0
17,2,0,1,0,1,2,0,12.8,0
20,1,1,0,0,0,1,0,12.3,0
44,2,1,1,0,1,0,0,12.2,0
52,1,2,1,0,0,0,1,11.7,1
53,1,0,3,1,1,1,0,12.9,0
34,0,1,0,0,1,1,0,12.5,0
23,1,1,2,0,0,1,0,11.9,1
16,1,0,3,0,0,2,0,12.4,0
37,1,0,2,1,1,1,0,12.1,0
32,2,1,1,0,0,2,0,11.6,1
22,1,1,1,0,1,1,0,12.5,0
40,1,1,1,0,0,2,0,13.5,0
19,1,1,2,0,0,0,0,12.3,0
51,1,1,1,0,0,1,0,12.0,1
21,1,0,1,1,1,0,0,11.8,1
46,0,1,1,0,0,1,0,13.9,0
34,2,3,1,0,1,2,0,11.1,1
59,2,1,2,0,1,0,0,12.1,0
54,2,2,0,1,0,0,1,9.8,2
42,1,1,2,0,0,2,0,11.9,1
25,1,2,1,0,1,0,0,11.0,1
41,2,2,2,0,0,2,0,10.9,1
34,1,1,1,0,1,1,1,11.7,1
54,1,3,0,0,0,2,1,11.5,1
18,0,0,2,0,0,0,0,13.3,0
28,1,0,0,0,1,0,0,13.2,0
43,1,2,2,0,0,1,0,10.7,1
35,1,2,1,0,0,2,0,11.2,1
43,2,0,1,0,0,1,0,12.6,0
23,1,1,0,0,0,0,0,12.0,0
56,2,0,1,1,0,2,0,11.5,1
54,2,1,0,1,1,2,0,11.8,1
16,2,2,0,1,0,2,1,9.9,2
18,2,1,0,1,0,2,0,10.6,1
28,3,1,0,0,1,0,0,10.0,2
43,0,1,3,0,0,0,0,11.4,1
40,1,0,3,0,0,2,1,12.9,0
48,0,1,0,0,1,2,1,12.7,0
53,2,2,1,0,1,0,0,10.3,1
21,2,3,0,0,0,0,0,9.7,2
59,1,2,1,1,1,2,1,11.2,1
47,3,0,2,0,0,0,0,10.5,1
36,0,3,3,0,1,1,0,12.1,0
31,3,2,1,1,0,1,0,10.1,1
36,1,2,2,0,0,1,0,11.6,1
26,1,1,0,0,0,2,0,12.1,0
52,1,1,3,1,0,1,1,11.8,1
51,1,1,0,0,0,2,0,12.3,0
50,1,0,1,0,1,1,0,13.6,0
34,1,1,1,0,0,1,0,12.5,0
35,2,1,1,0,0,2,0,12.3,0
33,1,1,0,1,0,0,0,11.7,1
56,1,2,3,0,0,0,0,10.6,1
29,2,1,0,0,1,0,0,10.9,1
30,2,0,1,0,0,0,0,11.7,1
46,1,3,0,0,0,1,0,11.8,1
16,1,3,0,1,0,2,0,11.9,1
18,1,2,1,0,1,2,1,11.5,1
31,1,3,1,0,0,2,0,11.3,1
38,2,1,0,0,0,1,0,12.1,0
26,1,3,0,0,0,1,0,11.3,1
27,1,0,1,1,0,1,0,13.2,0
25,2,1,2,0,0,0,0,10.4,1
47,1,1,2,0,1,0,0,12.3,0
31,2,0,0,0,1,1,0,12.5,0
23,1,0,0,1,1,2,0,12.9,0
53,3,2,0,0,0,0,0,10.0,1
27,1,2,0,1,0,0,0,11.3,1
39,2,1,1,0,0,2,0,11.5,1
43,2,0,1,1,1,0,0,10.6,1
23,0,2,0,0,0,2,0,11.9,1
43,2,2,0,0,1,2,0,10.2,1
51,3,1,0,0,0,2,0,10.6,1
41,2,2,2,0,0,1,0,11.3,1
23,2,1,3,1,0,2,0,10.9,1
43,2,1,0,1,0,1,0,11.1,1
43,1,3,0,0,1,2,1,12.0,0
52,1,1,2,0,1,1,1,12.0,1
56,2,1,2,0,0,0,0,12.6,0
51,1,3,1,1,0,1,0,11.2,1
42,2,2,0,0,1,1,0,11.0,1
32,3,0,0,0,1,2,0,11.3,1
24,1,0,1,0,0,2,0,12.2,0
48,1,0,0,0,0,2,0,12.8,0
35,2,2,0,0,0,0,0,9.4,2
28,1,1,1,0,0,2,1,13.1,0
43,2,0,0,0,0,1,0,10.4,1
44,1,3,2,1,0,2,1,10.7,1
28,2,1,0,0,0,2,0,10.9,1
50,0,1,0,0,0,0,0,12.2,0
21,2,1,1,0,0,2,0,11.3,1
33,1,2,0,1,1,0,0,12.0,1
20,2,0,3,0,1,1,0,11.4,1
40,1,1,1,0,0,1,0,12.8,0
17,2,2,0,0,1,0,0,11.4,1
25,2,1,1,0,1,2,0,10.2,1
45,1,1,0,0,0,0,1,11.5,1
20,0,1,2,1,0,0,0,12.9,0
48,0,0,0,1,1,1,1,12.1,0
16,2,0,1,0,1,2,0,12.8,0
33,2,1,0,0,1,2,0,11.6,1
47,1,1,1,1,1,2,0,11.7,1
26,1,0,2,0,1,2,0,12.8,0
36,1,2,2,1,0,1,1,11.4,1
41,2,3,0,0,0,0,0,9.6,2
40,1,2,0,1,0,0,0,10.6,1
37,3,3,2,1,0,1,0,9.5,2
42,1,1,3,1,1,2,0,11.8,1
28,2,3,0,0,0,1,0,10.8,1
48,1,0,1,0,1,2,0,12.4,0
49,1,3,0,1,0,1,0,11.1,1
56,2,3,2,0,0,0,0,10.3,1
50,2,2,0,0,0,0,1,9.8,2
16,3,3,0,0,0,2,0,9.6,2
36,1,1,2,1,1,2,0,11.2,1
21,1,1,0,1,1,2,0,11.2,1
43,2,1,1,0,1,0,0,10.9,1
32,2,1,1,1,0,2,0,11.4,1
20,1,0,0,0,0,0,0,12.0,0
46,0,2,0,0,0,0,0,12.2,0
20,0,3,1,0,0,2,0,12.0,0
53,2,0,0,0,1,0,0,11.2,1
18,1,2,1,0,1,2,0,11.6,1
38,1,3,2,1,1,0,0,10.8,1
52,1,3,2,0,0,1,0,11.4,1
52,1,3,0,0,1,2,1,11.6,1
25,0,1,0,1,0,0,0,12.8,0
25,1,3,0,0,1,2,1,11.6,1
34,0,2,0,1,0,0,0,10.3,1
32,2,0,1,0,0,2,0,12.3,0
36,1,1,1,1,0,0,0,10.9,1
29,1,2,0,0,1,0,0,12.5,0
24,2,1,0,1,0,0,0,10.8,1
16,2,2,0,0,0,0,0,10.3,1
28,1,2,1,0,1,2,1,12.1,0
19,1,0,0,1,0,1,0,12.3,0
16,1,1,1,0,0,0,0,10.9,1
55,2,2,0,0,0,1,0,11.6,1
47,3,1,2,0,0,0,0,10.3,1
49,2,0,2,0,1,2,0,13.0,0
43,2,0,0,0,1,2,0,12.0,0
46,2,1,0,0,0,1,0,12.5,0
23,1,3,1,0,1,2,0,11.6,1
54,0,1,0,0,0,1,1,13.6,0
41,2,2,1,0,0,0,0,10.4,1
49,3,1,2,0,0,2,0,11.1,1
18,1,1,1,0,0,1,1,11.3,1
27,2,2,2,0,0,2,0,11.0,1
16,1,2,0,0,1,2,0,10.9,1
59,1,0,0,1,1,1,0,11.5,1
20,0,1,1,0,0,2,0,12.5,0
45,1,0,0,0,0,2,0,13.2,0
45,2,1,1,0,1,1,0,11.5,1
32,1,2,0,0,1,2,0,11.8,1
38,2,0,0,0,1,0,0,11.6,1
30,2,1,3,0,0,2,0,12.2,0
52,3,1,0,0,1,2,1,10.9,1
36,1,3,3,0,0,0,0,11.0,1
29,1,3,3,0,0,0,0,10.6,1
17,1,0,2,0,0,2,0,13.5,0
26,3,2,1,0,0,0,1,10.7,1
54,3,1,1,0,0,0,0,10.5,1
53,1,1,2,1,0,1,0,11.3,1
49,2,2,0,0,0,0,1,9.7,2
53,1,3,1,0,1,1,0,10.8,1
49,2,3,1,1,0,0,1,8.3,2
33,0,1,1,0,0,0,0,12.1,0
45,2,1,1,0,0,2,0,11.8,1
30,1,2,0,1,1,1,1,11.2,1
42,2,1,1,1,0,0,0,12.0,1
49,2,1,2,0,0,0,0,11.0,1
53,2,1,0,0,0,1,0,11.3,1
48,0,2,3,0,1,0,1,12.7,0
39,1,1,1,1,1,0,0,10.1,1
30,1,0,2,0,0,0,0,11.5,1
45,1,3,1,0,0,2,0,11.7,1
57,0,0,2,1,1,2,0,12.8,0
32,3,1,0,0,0,2,0,10.8,1
20,2,1,2,0,1,2,0,11.0,1
44,1,0,0,0,0,2,0,12.9,0
19,1,0,2,0,0,1,0,12.3,0
25,1,0,3,1,0,2,0,12.2,0
32,2,3,0,0,0,0,0,9.5,2
25,1,1,0,1,1,2,1,11.6,1
32,3,3,2,0,1,2,1,11.1,1
35,1,1,0,0,0,1,0,12.0,0
39,3,1,2,1,1,1,0,10.2,1
20,2,1,0,0,0,0,0,11.1,1
49,1,1,0,0,0,2,0,12.4,0
21,3,2,3,0,0,2,0,10.7,1
17,1,1,1,1,1,2,0,11.9,1
28,2,1,2,0,1,0,0,11.4,1
58,1,3,0,0,1,2,1,11.2,1
58,2,3,1,0,1,1,0,10.7,1
26,2,3,1,0,1,2,0,10.5,1
38,2,1,1,1,1,1,0,9.9,2
31,2,2,1,0,1,1,1,12.7,0
46,1,1,1,0,1,1,0,12.7,0
26,0,1,1,0,0,2,0,12.4,0
31,1,1,0,0,0,2,0,12.4,0
23,1,1,2,1,0,0,0,10.5,1
19,2,0,0,0,0,0,0,11.4,1
55,1,1,1,1,0,2,0,10.8,1
19,3,3,0,0,0,1,0,9.9,2
40,2,1,1,0,1,2,0,10.7,1
18,2,0,1,1,0,1,0,11.7,1
47,1,0,0,0,0,0,1,12.8,0
18,2,3,0,0,0,2,0,10.1,1
42,3,1,0,1,1,2,0,10.4,1
44,1,1,1,0,0,0,0,11.4,1
47,2,2,2,0,0,0,0,11.0,1
34,2,2,0,0,1,2,0,10.7,1
36,1,1,1,0,1,0,0,12.4,0
20,1,2,0,0,0,2,1,10.7,1
33,1,2,1,0,0,0,1,10.8,1
43,1,2,2,0,0,1,0,11.1,1
57,1,0,0,1,1,2,0,12.3,0
37,0,3,1,0,0,2,0,12.3,0
36,0,1,0,0,0,1,0,13.2,0
21,1,1,0,0,0,2,0,12.0,1
16,3,1,0,0,0,0,0,8.8,2
20,1,0,0,0,1,0,1,12.4,0
56,3,0,1,1,0,2,0,11.3,1
27,1,2,1,0,0,2,1,13.4,0
41,1,0,1,1,0,2,0,11.9,1
49,1,1,0,1,0,1,0,11.3,1
29,1,1,0,0,0,0,0,12.1,0
41,1,0,1,0,1,0,0,12.2,0
42,2,3,3,0,1,1,0,11.4,1
24,1,1,0,0,1,2,0,11.8,1
41,2,1,2,1,1,1,0,10.9,1
37,2,1,1,1,1,2,1,11.5,1
45,1,1,1,0,0,0,0,12.1,0
58,0,0,1,0,1,1,0,14.2,0
32,2,2,0,1,1,0,1,9.8,2
41,1,3,0,1,1,1,0,11.5,1
51,0,1,1,0,0,0,0,11.6,1
16,3,2,0,0,0,2,0,9.4,2
23,0,2,2,0,1,0,0,12.9,0
50,2,2,1,1,1,2,1,10.5,1
30,3,1,0,0,1,1,0,11.5,1
37,1,1,1,0,0,2,0,12.4,0
29,1,1,0,0,0,1,0,12.3,0
41,1,2,1,0,0,2,0,11.0,1
43,1,2,1,0,1,0,0,11.4,1
38,1,0,2,1,0,2,1,13.0,0
29,2,1,2,0,0,2,0,11.6,1
39,0,3,1,0,1,0,0,12.0,0
17,1,2,1,0,0,0,0,11.8,1
41,3,3,3,0,1,1,0,9.3,2
29,2,2,0,0,0,2,0,11.6,1
22,2,1,0,0,1,1,1,11.4,1
18,1,1,0,0,0,1,0,12.1,0
38,2,2,0,0,1,0,0,12.0,1
58,1,0,1,0,1,0,0,12.8,0
33,1,1,1,0,0,2,0,11.9,1
53,1,2,1,1,0,0,0,10.8,1
50,2,0,0,1,0,2,0,11.5,1
30,1,2,1,0,1,2,0,12.8,0
40,1,1,0,0,1,0,1,11.9,1
52,1,3,1,1,0,2,0,12.0,0
43,1,0,1,0,1,0,0,11.6,1
25,2,1,0,1,0,2,0,11.0,1
54,2,2,0,1,1,0,0,9.6,2
32,2,1,0,0,1,2,1,11.3,1
54,0,2,2,0,0,0,1,11.8,1
37,1,2,2,1,0,1,0,10.8,1
41,1,0,1,0,0,1,1,13.8,0
59,0,1,0,0,0,0,0,13.5,0
40,1,1,1,0,0,2,1,12.5,0
32,2,1,1,0,0,0,0,10.9,1
28,1,3,2,0,0,2,0,10.9,1
35,1,2,0,0,0,0,0,11.8,1
40,1,2,0,1,0,2,1,11.4,1
19,0,2,1,0,0,0,0,12.0,0
25,1,1,0,0,0,1,0,12.6,0
18,3,3,0,0,1,0,0,10.0,1
56,2,2,0,0,1,2,0,11.0,1
33,3,2,1,0,0,0,0,9.5,2
51,1,3,2,1,0,2,1,9.9,2
37,1,1,3,1,1,2,0,11.9,1
49,1,2,1,0,1,0,1,12.7,0
23,1,0,1,0,0,2,0,12.1,0
55,2,1,0,0,0,0,0,11.9,1
59,0,1,1,0,0,1,0,12.6,0
34,1,3,0,0,0,2,0,11.0,1
57,1,3,1,0,0,2,0,11.8,1
56,1,2,0,1,0,2,0,11.0,1
52,2,2,0,0,1,0,0,10.8,1
21,1,1,0,0,0,1,0,12.4,0
41,1,3,0,1,0,0,0,9.9,2
49,1,1,0,0,0,2,0,12.8,0
21,1,1,0,0,0,1,0,12.3,0
52,2,0,3,0,0,2,0,11.3,1
48,2,2,1,0,0,0,0,10.2,1
37,3,2,1,1,1,0,0,7.5,2
36,2,1,2,0,0,0,0,11.2,1
21,1,0,3,1,1,0,0,12.6,0
21,2,2,1,0,1,0,0,10.1,1
19,1,0,2,0,0,2,0,13.2,0
45,1,2,0,1,0,2,0,11.5,1
26,2,3,0,0,0,1,0,10.1,1
45,0,1,1,0,1,1,0,13.9,0
46,3,1,1,0,1,0,0,10.3,1
39,1,2,1,0,1,2,0,13.0,0
24,2,2,0,0,0,0,0,9.7,2
18,2,1,0,0,1,2,0,11.4,1
46,2,3,1,0,0,1,0,10.5,1
55,2,0,0,0,0,0,0,11.7,1
52,2,1,1,1,0,2,1,11.4,1
51,0,2,1,0,0,0,1,14.1,0
39,1,3,1,1,1,1,0,11.0,1
46,1,0,2,0,0,1,0,12.8,0
21,2,2,2,0,0,0,0,10.0,1
17,1,1,1,1,0,1,0,10.6,1
35,2,1,1,0,1,2,0,12.3,0
43,0,0,1,0,1,2,0,13.2,0
26,0,3,0,0,0,0,0,13.2,0
19,2,0,0,0,0,2,0,12.6,0
30,0,1,0,0,0,0,1,12.8,0
21,0,1,1,0,1,0,0,12.8,0
45,0,3,1,1,0,0,1,11.2,1
53,3,2,2,0,0,0,1,9.6,2
17,2,2,0,1,0,0,0,9.0,2
30,1,1,0,1,0,2,0,11.4,1
26,1,2,3,0,1,0,0,11.4,1
23,1,1,0,0,0,0,0,11.5,1
41,2,2,1,1,0,0,0,9.3,2
59,2,3,1,1,0,2,0,9.6,2
20,1,0,1,0,0,2,0,13.4,0
21,1,2,0,0,1,0,0,11.8,1
41,0,0,0,0,0,0,0,13.2,0
19,2,1,0,0,1,0,0,11.6,1
34,2,1,1,0,1,0,0,10.5,1
35,1,1,1,0,0,0,0,11.4,1
48,0,1,0,0,0,1,0,13.2,0
35,0,2,1,0,0,0,0,11.5,1
27,3,1,2,0,1,1,0,11.0,1
16,1,2,0,0,0,0,0,10.6,1
41,2,1,1,0,0,2,1,10.6,1
29,2,0,1,0,0,2,0,12.5,0
53,1,2,0,0,1,1,0,12.4,0
52,1,1,0,0,0,1,0,11.9,1
26,1,1,1,0,0,1,1,11.4,1
51,2,2,2,1,0,1,0,9.2,2
28,2,1,2,0,0,2,0,12.7,0
58,2,0,1,0,1,1,0,12.2,0
18,1,1,1,0,0,2,0,11.9,1
48,0,3,0,1,1,2,0,11.2,1
21,3,2,1,0,1,0,0,8.9,2
25,2,2,1,0,0,1,1,11.5,1
20,1,2,0,0,1,0,0,12.6,0
38,3,0,1,0,0,0,0,10.5,1
25,2,1,1,0,0,1,0,13.0,0
59,2,2,0,0,1,0,0,10.6,1
17,2,0,2,0,0,2,1,13.1,0
28,2,1,0,0,1,0,0,11.4,1
55,2,1,0,0,0,1,0,11.8,1
17,1,1,0,0,1,2,0,13.4,0
35,1,3,2,1,0,2,1,11.2,1
16,3,0,1,0,0,1,0,11.6,1
52,1,1,0,1,0,2,0,10.5,1
24,1,0,1,0,1,1,0,11.9,1
32,1,3,0,0,1,1,0,11.6,1
24,1,0,2,0,0,0,1,13.3,0
26,2,1,1,1,1,1,0,11.1,1
30,3,2,1,0,0,2,0,10.0,1
39,1,2,3,0,0,2,0,10.7,1
53,1,1,0,0,1,2,0,11.8,1
50,1,1,0,0,1,1,0,12.4,0
45,2,1,1,0,1,0,1,10.7,1
46,2,1,3,0,1,0,0,10.6,1
20,1,1,0,0,0,0,1,11.9,1
59,2,1,0,0,1,2,0,12.5,0
29,2,1,0,0,0,2,0,12.0,0
26,2,1,1,0,0,0,0,11.4,1
24,3,2,0,0,0,1,0,10.5,1
49,1,3,1,0,0,1,1,11.6,1
27,2,2,3,0,0,1,1,11.0,1
50,1,0,1,0,0,0,0,12.2,0
50,2,0,0,1,0,0,0,11.5,1
16,2,3,1,1,0,0,0,9.5,2
55,2,1,0,1,0,0,1,9.9,2
37,2,0,2,0,0,0,1,12.6,0
44,1,1,1,0,0,0,0,10.8,1
23,1,2,0,0,1,2,0,12.7,0
26,3,2,1,0,1,0,0,10.3,1
56,3,1,1,0,1,2,0,10.3,1
52,0,0,1,1,0,0,0,12.5,0
29,1,3,0,1,1,0,0,10.0,1
45,1,1,2,1,0,1,0,12.2,0
50,2,2,3,0,0,0,0,11.2,1
36,2,2,1,0,0,2,1,11.4,1
52,1,2,3,0,1,0,0,11.8,1
20,1,1,0,0,0,2,0,12.2,0
34,2,1,1,0,0,2,0,12.7,0
29,2,1,1,0,0,1,0,12.3,0
41,1,3,1,0,1,1,0,11.0,1
19,2,3,1,0,1,2,0,11.1,1
40,1,0,0,0,0,1,0,13.2,0
57,1,0,0,1,0,2,0,12.0,0
40,2,3,0,0,0,0,0,10.0,2
33,2,2,0,1,1,0,0,10.8,1
55,2,3,1,0,0,1,0,10.6,1
23,2,1,0,0,1,1,0,11.8,1
54,2,1,0,0,0,2,0,12.4,0
55,1,2,1,0,1,0,0,12.9,0
29,1,2,1,1,0,2,0,10.9,1
47,0,1,2,0,0,0,0,12.5,0
53,1,0,1,0,0,1,1,12.8,0
48,2,1,0,0,0,0,0,11.3,1
38,3,1,2,1,0,1,0,10.5,1
30,0,1,1,0,1,0,0,12.3,0
48,1,3,0,1,0,1,0,9.9,2
40,2,1,1,0,1,2,0,12.7,0
32,1,2,2,0,1,1,0,12.2,0
48,2,0,0,0,0,1,0,11.8,1
17,2,2,0,0,1,2,1,11.4,1
29,2,3,0,0,1,2,0,11.7,1
55,1,0,0,1,0,1,0,11.7,1
55,1,0,1,0,1,0,1,12.5,0
54,2,1,1,0,0,2,0,10.8,1
21,2,0,0,0,0,1,0,12.0,0
21,0,2,3,0,1,0,0,12.5,0
18,2,3,2,0,0,0,0,9.5,2
22,0,1,1,0,0,2,0,12.9,0
23,2,1,2,0,0,0,0,11.7,1
57,1,1,0,0,1,2,0,12.7,0
30,3,2,1,0,1,0,0,9.3,2
44,1,0,1,0,0,2,1,13.0,0
48,1,1,2,0,1,1,0,12.6,0
45,1,2,2,0,1,1,0,11.9,1
54,1,2,0,0,0,2,1,12.5,0
42,2,1,3,1,0,1,0,10.6,1
51,3,2,0,1,1,1,0,10.0,1
44,1,0,2,0,1,0,0,11.7,1
53,1,0,3,0,1,0,0,11.4,1
48,2,3,0,1,0,0,0,10.1,1
52,2,2,1,1,0,2,0,10.5,1
42,2,0,0,1,0,0,1,10.8,1
48,1,1,1,0,0,0,1,11.3,1
19,1,1,1,0,0,1,1,12.8,0
37,2,1,1,1,1,2,1,10.1,1
17,0,1,3,0,0,2,0,13.6,0
25,2,0,1,0,1,0,0,12.0,1
20,1,1,1,0,0,0,1,11.0,1
25,2,2,2,0,0,2,0,11.2,1
48,0,2,3,0,0,0,1,13.7,0
53,2,2,0,0,0,2,0,11.8,1
28,1,0,3,0,0,2,0,12.3,0
46,2,3,0,0,1,2,0,11.0,1
51,0,2,2,0,1,0,1,11.3,1
39,2,2,0,0,0,2,0,10.3,1
30,2,2,0,0,0,2,0,11.1,1
44,2,3,1,0,1,1,0,10.9,1
23,2,1,1,1,0,0,0,11.1,1
20,2,1,0,0,0,0,0,11.7,1
44,2,2,0,0,0,0,0,11.0,1
19,1,2,1,0,1,1,0,10.8,1
27,2,2,2,1,0,1,0,10.5,1
17,1,1,0,0,0,1,0,12.9,0
42,0,0,0,0,1,1,0,13.8,0
46,0,1,1,0,0,1,0,13.1,0
51,1,3,0,0,0,2,0,11.5,1
51,2,1,2,1,0,2,1,11.2,1
41,2,1,2,1,1,0,0,9.4,2
58,2,1,1,0,0,1,0,12.3,0
42,1,1,0,0,1,0,0,11.8,1
20,1,3,2,0,1,2,0,11.7,1
35,1,2,1,0,0,2,0,10.4,1
26,1,2,2,0,1,2,0,12.8,0
25,1,1,1,0,0,0,0,11.2,1
55,0,2,2,0,0,2,0,14.0,0
53,1,1,1,0,0,0,0,13.2,0
21,2,2,1,1,0,2,0,9.7,2
23,2,1,3,0,0,0,0,11.7,1
38,3,1,1,1,0,2,0,9.7,2
41,3,2,1,0,0,1,0,10.0,1
58,2,3,0,0,1,2,1,10.2,1
27,1,0,1,0,0,2,0,13.1,0
41,2,2,1,0,1,0,0,10.9,1
28,2,1,0,0,0,0,0,10.5,1
55,1,1,0,0,0,2,1,12.6,0
33,1,0,1,1,0,0,0,11.7,1
40,2,1,2,0,0,0,0,10.1,1
48,1,1,1,0,0,1,0,12.0,0
55,2,0,0,1,1,1,1,12.5,0
58,2,1,1,0,1,0,1,11.0,1
27,1,3,0,0,1,0,1,9.8,2
59,1,0,1,0,0,0,0,12.9,0
51,1,2,0,1,1,1,0,10.6,1
19,0,1,0,1,0,2,0,12.5,0
20,0,2,0,1,0,2,0,11.8,1
52,2,1,0,0,1,2,1,12.7,0
23,1,0,0,1,1,0,0,11.7,1
57,1,0,0,0,0,2,0,12.1,0
43,1,0,1,0,0,1,0,12.5,0
46,3,0,1,0,0,0,0,10.3,1
24,1,2,0,0,1,2,0,11.7,1
44,1,3,2,1,0,2,0,11.8,1
29,2,2,0,1,1,2,0,11.2,1
55,2,2,1,0,0,2,0,12.3,0
56,1,0,0,0,0,0,0,12.7,0
37,2,1,0,0,0,0,0,11.3,1
26,1,1,1,1,0,2,0,11.1,1
38,1,1,1,0,0,0,0,12.1,0
16,1,1,2,0,1,1,0,12.2,0
52,0,1,1,0,1,2,0,13.5,0
36,2,1,3,0,1,2,0,10.9,1
41,1,1,0,0,1,1,0,12.3,0
51,1,2,0,1,1,2,1,10.3,1
38,2,2,0,0,0,2,1,11.3,1
16,2,1,0,0,1,2,1,12.0,0
55,1,3,1,0,0,0,0,9.9,2
30,2,3,1,0,0,0,1,9.4,2
36,1,1,0,1,0,0,1,10.5,1
24,2,1,3,0,0,0,1,11.1,1
24,2,1,2,0,0,0,0,10.4,1
25,3,3,0,0,1,0,0,10.3,1
41,0,3,0,0,0,1,1,12.3,0
56,0,0,0,0,0,2,0,13.9,0
50,1,1,0,0,0,0,0,10.9,1
40,1,1,0,0,0,2,1,13.1,0
41,1,1,1,0,0,2,0,12.7,0
26,3,0,0,0,0,0,0,10.6,1
53,1,3,0,0,0,2,0,10.4,1
17,1,2,3,0,0,1,1,11.8,1
22,2,2,1,0,1,1,0,10.8,1
33,1,3,3,1,1,2,0,10.4,1
42,2,2,0,1,0,0,0,9.7,2
49,0,1,0,0,0,2,0,13.4,0
42,1,2,1,0,0,0,0,9.8,2
32,0,0,0,0,1,2,1,14.4,0
58,0,2,0,0,0,1,1,13.1,0
59,3,0,1,1,0,2,0,10.9,1
39,1,2,1,0,1,0,0,11.3,1
40,1,1,1,0,0,2,0,12.9,0
22,1,0,1,1,0,2,0,12.2,0
21,1,0,1,1,0,1,0,12.0,0
39,2,0,0,0,1,2,1,12.8,0
48,0,2,0,0,1,1,1,13.8,0
44,2,2,0,0,1,2,0,10.5,1
58,3,1,0,0,0,1,0,11.2,1
37,2,0,3,1,0,2,0,10.8,1
41,3,0,1,1,1,2,0,11.1,1
43,0,0,1,1,1,1,0,12.4,0
36,1,0,0,0,0,0,1,13.1,0
22,1,3,0,1,1,1,1,10.6,1
32,2,1,0,0,0,2,0,11.6,1
35,3,1,0,0,0,0,1,11.5,1
56,1,0,0,0,1,1,0,12.4,0
35,2,1,2,0,0,2,0,12.0,0
37,1,1,1,1,1,1,0,11.3,1
43,2,2,1,0,0,2,0,11.8,1
55,1,1,1,0,0,0,1,13.0,0
22,3,0,2,0,1,0,0,10.8,1
16,2,1,0,0,1,2,0,10.3,1
47,1,1,0,0,0,0,0,11.5,1
28,1,1,0,0,0,0,0,13.4,0
45,1,3,2,1,1,2,0,10.3,1
38,1,2,3,0,0,0,0,12.5,0
34,1,1,0,0,1,2,0,11.9,1
47,2,1,2,0,1,2,0,11.2,1
45,2,1,2,1,0,0,0,11.1,1
44,1,1,0,0,0,0,0,12.3,0
44,1,2,0,0,0,2,0,12.3,0
45,2,2,1,0,1,1,0,11.1,1
31,2,0,3,0,0,0,1,12.3,0
55,0,1,0,0,0,2,0,13.6,0
34,2,1,2,0,0,0,0,11.9,1
33,1,3,0,0,0,2,0,10.9,1
16,0,2,1,0,0,0,0,12.7,0
29,1,1,1,0,0,0,0,11.6,1
17,1,0,1,0,1,0,0,12.3,0
43,1,2,2,0,1,2,0,11.7,1
45,3,0,2,0,1,2,0,10.8,1
53,2,1,2,0,0,2,0,10.6,1
19,2,0,0,0,0,1,0,12.8,0
16,1,2,1,0,1,0,0,11.0,1
23,1,1,0,1,0,0,0,11.1,1
44,2,1,1,1,1,1,0,10.6,1
54,1,3,1,0,1,1,0,11.1,1
18,0,1,1,0,0,2,0,12.7,0
47,1,1,1,0,1,0,0,12.7,0
25,2,1,3,1,1,2,0,10.6,1
25,1,0,0,0,0,0,0,13.4,0
34,0,2,1,0,0,2,1,13.2,0
49,2,0,0,1,0,0,0,10.8,1
48,1,1,0,0,0,1,0,12.5,0
38,1,1,0,1,0,0,0,11.6,1
43,1,2,3,0,0,1,0,12.3,0
47,1,2,2,0,1,1,0,12.4,0
22,2,1,2,1,0,1,0,11.1,1
44,1,0,3,0,0,1,0,12.2,0
23,1,2,0,0,1,2,0,12.2,0
16,2,1,0,0,0,2,0,11.5,1
18,2,2,1,1,1,2,0,8.8,2
39,2,2,1,0,0,0,0,10.9,1
38,1,2,1,0,0,2,0,11.4,1
23,1,1,0,0,0,1,0,12.0,0
52,3,1,1,0,1,1,0,10.9,1
18,2,2,1,0,0,1,0,10.2,1
48,0,1,0,0,1,0,0,12.7,0
43,0,0,1,0,0,0,1,12.9,0
23,1,3,1,1,0,0,0,9.8,2
49,3,3,1,0,0,0,0,9.5,2
50,1,1,0,0,1,2,1,11.3,1
47,1,0,1,1,1,2,0,12.2,0
39,1,1,0,0,0,2,0,12.6,0
29,2,2,0,1,0,2,1,10.7,1
47,2,3,2,0,0,0,0,10.7,1
58,1,1,1,0,0,2,0,13.0,0
31,2,0,0,0,0,2,0,12.1,0
19,3,3,1,0,1,1,0,10.6,1
52,1,1,1,0,1,1,0,12.2,0
36,1,1,2,0,0,2,0,11.9,1
29,1,3,1,1,0,1,1,10.5,1
46,2,0,1,0,1,2,1,12.3,0
33,2,2,1,0,1,0,1,11.4,1
22,2,0,0,0,0,0,1,11.7,1
25,2,1,0,1,0,1,1,10.6,1
