age,bmi,prev_cycle_length,cycle_variance,sleep_avg_hours,stress_score_avg,activity_intensity_min,caffeine_intake_mg,bbt_celsius,predicted_cycle_length_days
24,18.0,28.1,0.51,6.4,9.1,23.0,196.0,36.39,25.9
37,28.3,27.1,0.66,7.9,2.5,8.0,96.0,36.92,26.4
46,25.1,28.5,1.46,5.7,4.4,23.0,157.0,36.18,26.5
32,22.2,30.4,1.6,7.8,2.3,34.0,109.0,36.25,28.0
28,26.3,23.9,1.0,7.8,6.6,11.0,141.0,36.33,22.4
25,32.7,21.2,1.72,7.5,7.6,12.0,102.0,36.29,21.1
46,24.5,26.7,0.2,6.0,9.4,77.0,173.0,36.43,24.9
38,24.8,24.6,0.2,7.4,3.5,18.0,0.0,36.32,23.8
24,22.0,26.9,0.34,5.8,9.6,29.0,91.0,36.3,25.6
43,20.5,28.0,1.31,6.8,1.6,28.0,144.0,36.79,27.5
36,27.0,27.0,0.43,8.2,6.4,27.0,163.0,36.81,25.8
40,20.5,33.1,0.6,8.0,1.5,47.0,239.0,36.74,27.6
28,24.1,29.5,0.92,7.1,9.0,54.0,89.0,36.63,27.8
28,21.9,29.5,3.01,6.0,5.8,29.0,238.0,36.52,26.3
41,25.7,30.5,0.2,7.8,7.0,10.0,67.0,36.38,27.4
38,25.1,24.9,1.89,7.1,8.5,60.0,226.0,36.26,23.8
21,27.8,31.8,1.99,4.5,2.4,33.0,185.0,36.59,28.3
25,21.8,28.3,2.88,8.0,1.3,70.0,47.0,36.21,25.5
41,22.7,30.6,4.86,7.1,8.9,0.0,145.0,36.25,28.9
20,20.0,25.1,0.2,8.4,3.8,39.0,116.0,36.79,22.9
39,22.1,23.5,0.3,5.9,2.2,73.0,170.0,36.98,23.1
38,25.3,31.1,3.91,4.0,5.2,28.0,102.0,36.6,30.3
19,26.8,29.7,1.1,7.4,6.4,30.0,95.0,36.78,26.3
41,20.2,25.6,1.5,7.4,1.3,41.0,230.0,36.44,24.4
29,27.2,25.7,1.96,5.2,3.5,24.0,112.0,36.17,22.5
47,29.1,32.1,2.05,6.0,1.3,29.0,186.0,36.65,28.9
23,25.4,24.7,4.83,10.0,4.8,28.0,102.0,36.64,24.8
19,31.1,33.8,8.5,6.8,9.1,22.0,253.0,36.52,32.0
49,20.8,25.6,2.29,7.9,9.8,60.0,66.0,36.44,25.1
45,18.9,30.5,0.61,6.4,6.7,44.0,71.0,36.74,28.7
38,17.5,27.4,3.81,4.8,2.5,40.0,242.0,36.25,28.0
18,29.6,30.4,0.2,6.9,9.2,51.0,84.0,36.31,29.5
29,26.4,26.8,0.47,6.8,5.6,30.0,248.0,36.25,24.9
43,23.6,28.0,4.1,6.7,2.4,20.0,191.0,36.52,25.3
39,24.9,28.6,0.53,7.0,9.3,23.0,108.0,36.23,26.6
46,19.4,25.3,0.45,7.4,7.8,35.0,0.0,36.33,23.8
29,33.3,30.9,0.27,6.9,7.6,14.0,118.0,36.32,28.9
42,24.3,26.9,3.53,5.7,7.4,25.0,128.0,36.43,24.9
34,24.2,27.8,1.25,7.6,2.8,25.0,213.0,36.13,26.0
44,26.6,25.3,2.02,5.0,2.9,77.0,247.0,36.52,24.9
44,25.7,21.0,0.49,4.8,7.2,0.0,65.0,36.81,21.3
48,24.7,27.9,2.55,7.9,3.0,31.0,184.0,36.53,25.5
27,20.7,36.2,2.57,7.7,4.9,70.0,181.0,36.89,33.1
49,25.6,31.0,0.67,7.0,8.0,37.0,206.0,36.83,27.1
45,31.1,28.4,0.95,5.6,8.1,50.0,160.0,36.69,26.5
45,29.0,27.7,0.42,6.3,5.1,37.0,0.0,36.52,25.9
33,30.0,28.6,6.76,6.8,8.1,22.0,108.0,36.51,27.6
32,21.8,30.3,1.87,5.3,8.5,0.0,28.0,36.69,28.2
47,19.9,24.7,4.91,6.3,6.9,39.0,104.0,36.4,24.8
47,23.3,32.1,0.65,7.8,3.1,19.0,198.0,36.03,29.0
32,24.0,30.8,2.74,8.7,3.5,19.0,144.0,36.62,28.0
47,28.1,30.8,2.61,6.6,3.8,25.0,212.0,36.22,28.0
36,17.5,29.9,2.12,7.9,2.1,70.0,147.0,36.26,27.2
29,29.8,28.6,6.07,5.0,3.5,83.0,16.0,36.5,27.6
40,23.2,30.7,0.9,7.8,2.9,39.0,0.0,36.48,27.5
37,22.1,30.4,0.25,6.2,5.1,26.0,132.0,36.15,28.5
49,19.9,27.4,2.0,7.4,9.2,11.0,103.0,36.54,26.2
42,17.5,26.7,2.35,6.8,1.9,44.0,42.0,36.74,25.0
20,27.0,28.8,1.54,8.6,7.5,71.0,0.0,36.22,27.7
22,24.1,33.5,0.42,6.1,7.2,30.0,61.0,36.82,29.7
36,18.8,24.5,1.26,7.8,1.9,0.0,104.0,36.11,24.3
24,18.7,23.8,0.67,6.8,9.3,48.0,173.0,37.03,23.7
38,22.5,29.0,1.0,6.9,6.1,55.0,135.0,36.4,26.4
26,30.3,28.7,1.87,6.9,4.3,3.0,249.0,36.54,27.3
24,22.8,29.1,2.46,6.2,7.8,39.0,37.0,36.03,27.9
35,17.9,29.3,0.48,7.1,3.3,44.0,190.0,36.48,28.0
21,22.8,27.8,0.94,7.0,7.2,34.0,124.0,36.56,27.1
42,22.7,33.3,0.56,7.4,1.4,19.0,176.0,36.48,30.2
45,17.5,23.4,0.4,7.2,8.6,55.0,85.0,36.36,22.3
31,23.6,25.8,2.75,8.0,5.0,27.0,206.0,36.26,26.8
35,22.9,28.2,4.32,8.1,6.7,5.0,144.0,36.78,25.5
43,26.5,23.2,0.83,5.9,3.0,0.0,66.0,36.51,23.5
26,31.0,27.9,2.5,8.1,7.1,60.0,119.0,36.89,27.1
43,28.2,33.8,4.09,5.8,8.0,47.0,101.0,36.37,29.8
38,22.8,28.6,3.37,7.7,5.3,37.0,159.0,36.39,26.7
19,19.5,29.2,0.36,7.8,6.6,26.0,26.0,36.7,26.9
37,33.8,24.5,5.63,5.0,5.1,24.0,118.0,36.09,25.2
45,24.0,26.5,0.85,7.2,9.0,13.0,152.0,36.2,24.9
32,23.9,27.3,0.75,6.6,5.5,26.0,123.0,36.77,25.5
45,23.7,27.5,0.2,6.3,8.6,0.0,228.0,36.21,24.2
24,24.6,32.6,1.2,8.6,8.2,20.0,182.0,36.05,31.2
29,23.2,30.3,0.21,6.4,4.7,29.0,119.0,36.97,26.9
46,21.6,24.9,0.51,6.2,3.1,47.0,137.0,36.15,24.3
25,21.7,29.3,0.69,7.2,4.7,34.0,144.0,36.55,27.0
32,23.7,30.1,2.98,7.9,8.4,51.0,152.0,36.52,28.1
20,21.7,32.1,3.75,6.9,3.0,62.0,0.0,35.9,30.0
31,21.0,33.6,0.65,8.4,5.7,56.0,96.0,36.43,31.4
34,24.2,25.3,3.52,7.7,8.3,44.0,1.0,36.61,25.1
21,22.8,25.9,3.5,4.7,4.2,35.0,222.0,36.59,25.4
35,29.7,24.5,2.6,6.5,6.8,15.0,115.0,36.73,24.2
25,17.5,27.8,0.29,6.5,3.2,50.0,105.0,36.4,26.8
21,28.1,30.0,2.11,7.6,2.0,69.0,192.0,36.68,27.3
19,28.7,31.7,5.22,4.2,8.1,42.0,154.0,36.33,30.2
47,17.5,28.3,2.07,9.9,1.9,73.0,30.0,36.15,27.4
23,22.5,27.5,0.73,7.7,3.4,4.0,114.0,36.18,26.7
39,22.4,29.0,1.25,7.3,8.7,12.0,93.0,36.13,26.7
27,18.3,25.8,1.87,8.4,4.1,52.0,0.0,36.75,24.6
21,20.8,35.2,1.29,9.7,9.8,40.0,65.0,36.12,31.8
39,19.5,23.4,0.23,8.1,9.8,61.0,105.0,36.57,22.1
46,30.6,29.1,0.67,8.1,3.4,35.0,111.0,36.43,28.3
48,27.4,35.0,2.92,7.2,1.4,18.0,1.0,36.47,31.3
35,28.8,28.5,3.56,6.9,7.3,31.0,212.0,36.84,27.4
43,26.6,27.9,0.27,6.6,5.1,4.0,112.0,36.39,25.6
29,19.4,27.4,5.48,6.2,1.9,12.0,123.0,36.65,25.1
19,21.8,27.9,0.72,6.3,7.4,54.0,152.0,36.51,26.0
27,25.7,32.9,1.95,5.6,1.3,52.0,57.0,36.46,29.7
47,19.0,21.4,2.51,7.0,8.8,42.0,157.0,37.07,22.6
21,26.6,33.4,3.01,5.2,2.2,1.0,91.0,36.14,30.2
31,22.9,23.9,5.25,7.3,2.1,28.0,48.0,36.82,24.1
48,22.3,27.6,0.68,7.1,2.6,11.0,166.0,36.66,25.7
33,26.6,27.1,3.52,7.3,9.6,59.0,239.0,36.38,26.6
32,25.5,30.4,0.25,6.5,7.2,23.0,178.0,36.91,29.3
25,22.4,23.4,2.2,10.0,8.2,13.0,194.0,36.04,24.0
31,28.3,30.0,2.44,8.6,4.6,36.0,78.0,36.37,28.4
40,19.6,35.0,2.04,5.7,4.0,22.0,0.0,36.2,31.3
45,26.2,24.1,0.52,7.4,3.1,65.0,239.0,36.6,22.2
42,26.1,29.1,3.72,6.4,5.3,20.0,284.0,36.22,26.4
47,22.6,26.4,0.33,6.0,6.0,7.0,243.0,36.61,25.2
25,25.1,29.9,0.2,5.6,6.7,0.0,93.0,36.45,27.3
38,18.9,28.6,2.28,7.6,3.3,34.0,28.0,36.38,27.1
33,27.4,26.4,1.16,6.4,9.5,24.0,35.0,36.6,26.8
30,23.1,30.1,3.4,8.2,2.5,6.0,0.0,36.43,28.5
35,21.8,34.3,0.87,8.2,9.7,59.0,111.0,36.23,31.9
32,27.9,27.9,0.33,8.6,1.1,48.0,248.0,37.2,26.1
38,21.1,30.8,3.26,6.2,5.3,34.0,109.0,36.38,27.7
41,18.3,24.4,1.43,7.6,4.0,62.0,144.0,35.95,23.7
43,17.7,25.4,0.38,7.8,5.0,48.0,230.0,36.29,23.7
42,26.2,30.0,2.29,6.6,6.1,19.0,88.0,36.18,29.0
45,18.8,33.2,1.29,6.3,4.9,14.0,283.0,36.71,30.5
45,30.6,29.6,1.67,8.9,4.7,51.0,279.0,36.58,27.9
45,17.5,27.5,1.11,7.4,7.6,43.0,110.0,36.6,27.2
30,30.4,28.5,3.18,7.8,7.2,38.0,74.0,36.41,25.6
26,24.6,24.5,3.18,6.2,8.5,18.0,176.0,36.43,24.8
46,23.4,30.4,2.22,5.8,3.2,47.0,92.0,36.41,26.8
32,21.7,31.3,0.2,6.5,6.5,20.0,27.0,36.48,28.4
30,25.4,27.1,3.29,7.0,6.3,33.0,222.0,36.71,25.5
18,23.7,27.0,2.0,5.9,4.3,64.0,217.0,36.58,26.0
42,28.1,29.4,2.15,7.1,5.4,22.0,132.0,36.63,27.4
24,24.2,27.1,0.81,5.2,3.8,4.0,19.0,36.62,26.5
26,24.4,28.3,3.81,5.9,2.3,14.0,22.0,36.72,26.1
41,22.4,35.2,2.33,7.8,2.9,55.0,129.0,36.57,32.0
18,23.6,27.7,0.22,7.8,1.9,40.0,80.0,36.59,26.0
29,25.0,27.4,0.94,6.7,7.1,32.0,93.0,36.8,24.8
25,17.5,26.4,3.91,6.0,6.9,25.0,202.0,36.33,24.5
41,18.5,30.9,0.2,6.0,9.6,45.0,179.0,36.29,28.2
48,26.7,27.9,5.86,6.7,7.6,18.0,230.0,36.2,27.8
28,24.5,26.4,2.05,7.8,1.5,41.0,41.0,36.55,25.6
36,23.1,32.7,1.8,8.1,9.0,20.0,93.0,36.04,29.0
34,23.9,33.0,0.57,6.6,8.8,17.0,181.0,36.62,29.9
25,25.2,26.6,0.51,5.8,5.0,22.0,156.0,36.47,26.6
20,21.7,22.5,5.13,7.4,6.3,27.0,243.0,36.78,22.9
20,20.8,31.7,0.64,6.2,9.8,34.0,154.0,36.33,28.8
18,24.6,26.3,2.69,6.5,5.8,40.0,268.0,36.45,25.6
44,20.0,31.0,0.9,8.6,9.1,0.0,163.0,36.78,29.3
22,25.4,22.2,0.27,8.0,1.7,19.0,205.0,36.85,21.7
27,17.5,31.4,0.2,7.3,2.7,27.0,94.0,36.33,28.9
24,27.8,24.6,1.41,5.7,5.0,65.0,121.0,36.55,23.5
43,25.6,30.8,6.7,7.3,6.3,13.0,193.0,36.57,29.3
26,24.8,28.5,0.83,8.3,8.3,38.0,249.0,36.59,27.0
45,27.6,25.4,0.8,6.7,9.9,65.0,178.0,36.43,25.1
24,30.3,27.2,0.76,8.6,4.5,9.0,113.0,36.82,25.1
26,27.8,30.7,1.32,8.5,1.4,43.0,230.0,36.03,27.5
25,17.5,28.8,1.05,8.9,8.2,19.0,0.0,36.39,27.9
29,18.8,30.4,3.82,7.4,6.4,25.0,6.0,36.61,28.1
19,21.4,34.8,1.27,7.7,2.8,19.0,175.0,36.61,31.2
18,23.9,23.5,1.28,8.7,5.5,20.0,121.0,36.84,22.8
33,25.8,33.7,0.27,7.6,7.7,89.0,168.0,36.8,31.1
40,21.0,28.8,7.31,6.5,7.9,52.0,125.0,36.43,27.3
40,24.5,25.6,0.52,6.6,5.5,57.0,166.0,36.82,24.4
47,20.9,24.2,0.2,7.4,3.7,45.0,55.0,36.32,24.1
41,21.4,27.9,1.96,5.7,9.8,3.0,166.0,36.73,27.3
22,18.3,31.4,1.63,6.9,7.0,43.0,200.0,36.95,28.3
20,20.2,28.1,0.97,8.3,4.7,56.0,218.0,36.8,27.8
29,18.5,33.3,0.99,4.7,3.5,18.0,281.0,36.53,30.0
25,20.0,23.9,2.77,8.8,7.6,54.0,140.0,36.42,23.0
39,27.9,28.5,0.39,8.3,3.2,49.0,142.0,36.12,26.8
44,20.1,24.5,3.09,6.6,2.5,72.0,0.0,36.58,23.6
20,34.1,29.7,1.88,7.7,5.8,27.0,77.0,36.22,27.9
18,25.7,31.3,0.98,7.1,3.6,13.0,105.0,36.3,28.5
20,24.5,27.2,1.1,8.5,6.7,28.0,204.0,36.2,25.7
22,20.5,21.0,0.53,8.2,2.1,64.0,71.0,36.38,21.0
32,26.5,29.1,2.51,5.6,6.9,0.0,184.0,36.49,27.8
31,21.6,29.9,1.29,7.7,3.5,0.0,120.0,36.57,26.6
20,24.3,29.8,0.7,6.9,1.0,37.0,106.0,36.35,26.5
18,33.8,32.5,1.63,7.2,2.1,26.0,140.0,36.77,29.8
22,23.4,25.1,8.5,6.3,9.4,35.0,89.0,36.45,26.5
43,28.3,30.7,1.03,9.0,8.8,54.0,86.0,36.3,28.1
40,21.1,32.3,4.56,8.2,3.1,24.0,0.0,36.56,30.1
48,23.7,22.8,0.76,6.3,8.0,0.0,100.0,36.99,23.7
31,30.7,29.5,0.2,5.6,6.5,76.0,82.0,36.58,27.8
24,21.4,26.9,0.41,6.7,9.7,15.0,79.0,36.41,25.4
44,30.9,28.2,0.98,7.6,4.4,14.0,153.0,36.12,25.6
26,26.6,29.6,0.45,7.4,7.1,57.0,173.0,36.45,25.8
32,21.6,26.9,0.2,8.5,1.6,27.0,139.0,36.56,25.2
32,26.3,26.3,4.44,8.0,4.6,34.0,200.0,36.4,26.3
43,27.6,28.6,3.34,8.2,9.7,45.0,166.0,36.08,26.3
27,26.2,25.0,2.44,7.5,5.9,57.0,96.0,36.29,24.8
45,17.7,25.0,0.33,5.6,3.6,28.0,83.0,36.86,23.1
30,21.0,30.7,0.23,6.9,2.1,65.0,145.0,36.86,28.1
36,22.8,24.8,0.2,8.3,7.3,0.0,166.0,36.28,24.8
48,23.5,30.6,2.32,7.0,6.8,50.0,232.0,36.67,27.6
49,26.2,30.0,4.76,7.7,4.4,18.0,215.0,36.21,28.1
24,24.5,23.0,1.01,6.7,9.6,62.0,77.0,36.85,22.7
34,18.6,26.3,0.23,6.0,1.2,38.0,112.0,36.56,25.4
37,25.3,32.3,1.29,7.0,3.7,22.0,174.0,36.74,29.4
46,26.2,25.4,0.77,7.4,9.3,48.0,205.0,36.07,24.7
49,26.0,27.0,0.85,6.4,3.9,53.0,195.0,36.67,26.7
21,28.0,30.0,1.75,6.8,3.3,48.0,115.0,36.5,28.2
47,27.1,31.0,2.28,6.1,5.8,14.0,20.0,36.71,27.9
22,25.6,27.7,0.21,8.3,8.4,25.0,40.0,36.73,26.2
40,23.5,26.6,0.2,6.8,1.9,35.0,142.0,36.52,25.1
24,17.5,33.1,8.5,8.7,9.5,34.0,147.0,36.35,30.9
30,25.5,34.1,0.48,8.8,8.2,50.0,32.0,36.69,32.7
32,24.6,31.6,0.2,7.0,2.6,0.0,124.0,36.48,29.0
28,24.9,28.8,0.38,6.0,7.4,42.0,170.0,36.28,25.2
46,18.8,25.9,0.2,4.8,4.5,29.0,28.0,36.27,24.1
21,19.6,25.8,0.9,5.5,4.6,18.0,208.0,36.13,23.0
30,27.9,30.2,2.92,5.6,8.0,20.0,90.0,36.37,27.8
49,23.6,29.8,0.75,8.6,9.7,31.0,221.0,36.78,26.2
24,26.5,33.0,1.06,7.2,2.1,0.0,77.0,36.54,29.0
44,23.9,30.6,2.03,7.5,4.8,21.0,38.0,36.37,26.9
36,23.9,23.7,1.28,4.7,5.3,17.0,83.0,36.7,23.4
39,27.5,31.9,3.56,5.8,4.4,46.0,112.0,36.29,29.0
45,21.8,25.3,3.62,8.1,4.3,19.0,89.0,36.52,24.8
19,24.2,27.3,0.2,7.4,1.5,31.0,103.0,36.46,25.5
27,22.0,29.3,2.71,6.9,7.2,66.0,147.0,36.69,26.5
30,22.1,34.9,1.11,7.7,4.9,55.0,106.0,36.11,31.4
47,22.6,38.5,8.09,8.9,2.8,53.0,115.0,36.29,35.8
42,24.7,30.4,1.19,6.9,8.3,25.0,0.0,36.09,28.6
38,21.9,27.9,7.8,7.2,8.2,46.0,151.0,36.44,26.8
23,28.7,30.2,2.53,7.3,5.4,30.0,113.0,36.8,26.8
45,20.3,31.3,0.51,9.7,3.7,31.0,249.0,36.37,27.8
45,23.1,27.5,1.39,4.8,6.7,43.0,45.0,36.37,26.1
29,22.1,34.2,8.5,7.9,3.6,23.0,0.0,36.72,32.2
29,29.4,29.2,3.51,7.0,3.1,65.0,169.0,36.77,27.5
37,24.6,30.1,0.2,7.7,7.6,32.0,148.0,36.48,28.6
47,27.8,30.6,2.21,6.4,1.4,47.0,39.0,36.67,28.7
47,18.0,29.8,0.76,7.0,1.9,64.0,0.0,36.23,27.9
28,24.8,31.2,0.2,7.9,1.1,56.0,243.0,36.84,27.8
49,27.3,26.5,0.93,10.0,2.4,7.0,233.0,37.04,25.3
43,24.1,26.7,0.48,8.0,1.6,44.0,0.0,36.63,24.6
40,28.0,25.0,3.08,6.2,10.0,52.0,83.0,35.98,24.6
45,21.8,29.9,0.74,6.6,3.6,53.0,253.0,36.36,27.8
42,29.3,31.0,3.16,6.6,2.3,13.0,82.0,36.65,29.9
24,32.8,30.0,0.2,5.1,3.2,22.0,81.0,36.39,26.4
47,22.4,33.9,0.66,6.7,9.4,55.0,97.0,36.82,31.0
18,22.1,28.5,0.5,7.9,5.7,20.0,30.0,36.65,27.7
18,29.5,30.6,0.48,5.7,4.3,29.0,0.0,36.32,28.5
42,30.0,25.0,0.2,8.3,8.9,67.0,204.0,36.51,25.0
44,21.8,27.3,0.37,7.6,4.6,34.0,0.0,36.28,26.1
47,22.2,30.7,1.46,6.3,4.0,20.0,140.0,36.45,29.2
42,22.7,31.2,0.62,6.9,2.9,17.0,191.0,36.36,27.5
37,18.6,27.6,0.97,8.9,4.4,42.0,4.0,36.79,24.8
30,20.2,28.3,0.85,7.9,3.9,8.0,46.0,37.03,26.4
26,19.9,23.6,3.76,7.1,7.1,30.0,217.0,36.14,22.0
20,20.8,27.4,4.24,6.8,3.6,42.0,163.0,36.02,27.1
24,23.7,31.3,1.22,7.2,6.2,61.0,71.0,36.44,29.5
23,24.7,30.3,0.72,6.5,1.6,48.0,216.0,36.12,27.5
25,29.8,30.1,0.2,4.8,2.7,21.0,217.0,36.51,27.1
44,19.9,28.7,5.52,9.3,4.7,59.0,142.0,36.69,27.1
26,27.6,28.5,0.2,7.3,9.4,29.0,48.0,36.87,26.9
47,23.0,26.4,0.64,7.5,4.4,10.0,87.0,36.55,25.1
22,23.6,30.7,0.64,7.0,7.0,32.0,143.0,36.45,28.5
18,26.4,29.8,0.7,6.3,3.3,64.0,105.0,36.01,27.3
36,19.4,30.1,0.32,6.9,2.1,38.0,195.0,36.51,28.3
27,25.3,26.8,2.75,5.3,1.5,35.0,0.0,36.52,25.8
29,24.4,21.6,0.24,9.6,3.7,68.0,0.0,36.66,21.2
41,25.7,32.0,1.81,5.7,2.4,6.0,134.0,36.32,30.0
32,24.9,27.0,0.24,6.0,2.6,9.0,81.0,36.39,24.2
44,33.4,25.7,0.2,6.6,7.8,3.0,70.0,36.13,24.9
39,21.3,30.7,4.32,8.5,1.1,42.0,0.0,35.93,29.2
49,21.7,27.2,0.38,7.1,6.0,38.0,122.0,36.22,25.0
49,21.4,31.9,3.1,5.7,4.4,66.0,116.0,36.11,29.2
41,21.6,30.5,1.42,8.5,5.6,40.0,172.0,36.58,28.4
26,21.3,30.7,0.2,7.9,6.1,27.0,126.0,36.37,27.3
37,28.4,24.1,5.6,7.7,3.8,35.0,109.0,36.37,23.9
34,29.3,32.4,0.51,7.9,3.7,37.0,214.0,36.25,29.1
47,21.6,29.3,3.53,9.7,7.6,2.0,15.0,35.9,27.3
34,20.6,27.3,0.33,9.5,8.8,89.0,163.0,36.88,27.8
43,25.6,29.0,3.46,6.3,2.7,45.0,0.0,36.25,26.5
37,21.6,22.8,0.2,8.9,1.9,39.0,53.0,36.4,23.3
29,26.3,29.8,1.29,7.5,9.1,47.0,23.0,36.14,27.5
47,24.6,25.2,2.64,7.6,4.1,49.0,183.0,36.74,23.5
24,17.9,24.2,4.91,5.2,6.0,32.0,115.0,36.54,23.8
19,29.8,23.6,4.32,6.9,4.2,22.0,119.0,36.29,24.0
20,30.8,32.1,3.08,6.2,2.1,47.0,31.0,36.4,30.1
34,21.4,26.5,3.94,8.0,6.3,43.0,96.0,36.92,26.7
22,22.3,33.4,0.4,8.3,5.7,19.0,59.0,36.48,32.3
34,24.9,26.8,0.6,4.8,2.8,63.0,151.0,36.45,25.4
41,25.1,23.0,0.61,7.1,5.1,41.0,41.0,36.26,22.2
34,26.4,24.9,0.85,8.3,8.2,50.0,226.0,36.03,24.7
44,31.6,32.5,0.9,6.9,6.3,63.0,0.0,36.46,29.2
34,23.1,28.0,1.42,7.9,1.9,35.0,55.0,36.58,27.0
19,20.7,26.7,0.31,7.5,5.9,41.0,254.0,36.77,24.2
19,18.4,29.0,2.12,7.5,7.3,51.0,85.0,35.94,29.2
45,20.9,30.1,0.33,6.8,8.1,21.0,15.0,36.22,28.6
39,23.7,32.1,0.67,5.8,6.7,36.0,138.0,36.35,27.5
40,30.8,33.1,1.26,5.9,2.4,38.0,82.0,36.5,29.2
22,21.8,27.3,2.87,7.9,7.4,16.0,53.0,36.46,26.9
49,24.7,24.3,2.42,7.1,7.1,81.0,32.0,36.47,25.0
18,23.7,27.2,1.87,6.9,1.2,7.0,341.0,36.6,24.7
18,28.4,29.3,0.3,6.6,4.7,9.0,100.0,36.27,27.6
36,33.7,25.4,1.43,6.8,4.0,61.0,0.0,36.73,23.0
47,21.7,25.4,0.2,8.3,7.0,49.0,239.0,36.61,24.6
19,21.9,29.6,0.85,6.7,2.9,14.0,169.0,36.42,28.2
38,27.9,28.3,0.96,5.6,6.3,47.0,59.0,36.9,25.8
29,26.5,28.6,0.2,7.9,9.2,64.0,45.0,36.89,25.7
43,31.0,26.1,0.58,6.9,8.2,34.0,174.0,36.73,25.3
49,26.1,27.8,5.61,7.1,9.3,87.0,100.0,35.9,26.3
23,22.4,25.5,5.53,8.9,9.8,1.0,0.0,36.89,25.8
49,26.1,31.3,0.78,7.1,1.1,49.0,263.0,36.7,27.8
40,28.1,31.8,0.2,7.4,6.6,58.0,85.0,37.0,28.2
21,27.0,22.6,0.36,5.8,4.7,53.0,240.0,36.81,21.0
40,25.8,25.5,0.9,6.9,8.7,31.0,222.0,36.89,24.9
28,28.0,23.7,5.31,7.8,3.3,29.0,40.0,36.72,23.5
41,28.4,26.4,0.27,5.4,9.8,44.0,203.0,36.84,24.3
44,29.2,28.2,2.6,7.3,6.5,51.0,68.0,37.0,26.7
34,26.3,23.9,0.21,7.2,8.1,47.0,0.0,36.55,24.4
48,23.1,25.6,7.16,7.1,1.8,56.0,86.0,36.11,24.9
23,24.4,25.3,0.87,8.2,2.7,15.0,152.0,36.42,24.5
41,28.5,29.2,2.69,7.5,7.8,30.0,83.0,36.6,27.7
22,20.6,28.7,0.76,8.7,1.2,16.0,95.0,36.52,25.7
37,25.2,26.2,1.78,6.0,8.4,27.0,211.0,36.19,27.0
19,22.3,29.1,0.38,7.2,1.1,55.0,129.0,36.09,26.5
23,23.9,26.8,0.28,7.2,6.9,37.0,53.0,36.31,25.8
39,28.8,27.6,5.01,5.9,4.3,87.0,176.0,36.7,26.8
28,24.5,33.9,4.49,8.2,6.5,39.0,136.0,36.9,30.5
48,24.0,32.8,3.93,9.7,7.3,36.0,0.0,36.73,30.7
33,18.5,24.3,1.77,7.1,4.1,37.0,154.0,36.76,23.9
33,26.7,31.2,2.97,7.7,2.0,22.0,151.0,36.48,27.5
18,26.3,31.1,0.2,7.2,1.6,34.0,122.0,36.06,28.0
26,32.2,24.8,0.73,6.3,6.3,58.0,191.0,36.39,23.6
45,22.6,31.1,0.68,5.1,5.7,37.0,66.0,36.44,27.8
44,24.7,33.4,1.82,6.3,7.7,19.0,147.0,36.38,29.4
23,24.8,24.9,0.79,5.6,5.6,16.0,0.0,36.51,24.8
33,30.0,25.6,0.29,9.0,4.8,26.0,153.0,36.61,25.7
46,23.4,31.8,1.63,7.0,4.6,36.0,276.0,36.71,29.7
20,24.9,29.4,3.03,6.7,1.2,59.0,40.0,36.43,28.4
37,26.2,30.3,0.87,8.1,4.0,8.0,59.0,36.02,27.5
45,24.5,29.6,0.26,5.9,9.8,29.0,63.0,36.38,26.9
44,22.1,29.8,0.39,6.3,8.9,38.0,130.0,36.51,27.1
21,24.6,24.3,0.49,7.2,4.0,0.0,35.0,36.81,24.0
36,28.0,31.9,0.64,8.2,6.3,18.0,154.0,36.36,29.0
43,19.8,32.2,1.85,7.7,8.6,21.0,188.0,36.63,29.5
20,24.3,27.8,1.65,7.4,5.0,19.0,163.0,36.57,27.1
48,21.1,28.4,2.14,7.2,1.2,39.0,0.0,36.51,26.9
36,28.5,23.6,0.81,7.5,1.7,32.0,200.0,36.73,22.4
37,17.9,30.1,3.13,7.3,5.6,24.0,195.0,36.33,27.4
49,21.6,30.3,0.41,6.0,9.7,44.0,186.0,36.36,28.5
24,25.3,28.3,1.14,7.2,7.2,69.0,150.0,36.5,27.6
37,29.9,32.1,2.91,5.9,1.6,68.0,138.0,36.34,29.6
26,23.5,27.4,0.36,7.2,2.7,0.0,203.0,36.63,27.3
18,21.6,30.3,0.21,6.6,7.9,47.0,274.0,36.32,29.4
25,31.1,25.2,3.87,9.9,8.6,31.0,44.0,36.56,25.3
49,18.2,28.4,0.76,7.1,6.6,38.0,206.0,36.47,25.8
24,17.5,27.9,2.07,5.6,6.8,27.0,113.0,36.55,25.1
35,25.5,29.2,0.2,7.0,1.3,37.0,110.0,36.39,26.7
25,21.8,27.3,2.11,7.7,8.5,38.0,0.0,36.42,26.8
18,19.8,28.1,0.68,8.9,8.1,23.0,97.0,36.52,28.0
28,26.6,31.1,0.2,6.5,3.3,17.0,40.0,36.55,28.7
45,24.8,27.1,1.69,5.4,7.4,26.0,83.0,36.5,26.8
42,21.6,23.4,0.5,8.0,2.9,40.0,32.0,36.93,22.7
42,18.8,34.1,0.88,5.6,1.4,47.0,84.0,36.25,30.8
35,27.2,32.9,0.2,6.6,2.8,52.0,88.0,36.48,30.2
40,26.3,24.4,0.29,6.8,2.6,25.0,128.0,36.11,22.0
48,23.4,30.7,0.64,7.0,4.0,41.0,0.0,36.59,27.7
47,31.0,26.9,0.2,7.9,4.8,54.0,4.0,36.22,26.2
27,19.6,29.3,4.35,6.3,5.6,58.0,149.0,36.43,27.7
20,17.9,29.4,0.2,6.8,5.3,34.0,56.0,36.41,26.2
24,21.1,27.7,1.19,7.1,3.4,31.0,206.0,36.57,24.1
45,23.6,26.0,0.24,7.3,1.3,39.0,138.0,36.36,24.4
33,24.7,26.3,0.66,7.2,6.4,12.0,169.0,36.35,24.9
43,22.9,25.6,4.69,7.6,4.6,31.0,233.0,36.86,24.2
33,25.2,25.8,0.32,8.0,3.7,50.0,95.0,36.57,24.7
42,18.9,28.3,6.08,7.5,8.8,48.0,74.0,36.36,27.6
37,29.4,26.2,0.41,7.6,7.7,30.0,190.0,36.44,25.8
45,23.5,30.7,2.44,5.4,8.7,39.0,161.0,36.91,26.5
34,28.2,33.3,1.42,7.2,5.5,19.0,105.0,36.44,28.9
19,25.1,26.6,3.88,7.6,2.2,49.0,231.0,36.33,25.3
18,25.6,29.3,1.45,7.9,7.3,33.0,103.0,36.33,27.9
33,26.0,30.1,1.38,6.3,2.9,29.0,123.0,36.36,28.1
47,25.5,30.0,0.39,6.4,5.0,28.0,122.0,36.35,27.9
29,26.3,28.7,0.33,6.5,1.6,34.0,45.0,36.18,26.3
22,29.0,30.9,4.47,7.7,8.4,26.0,126.0,36.22,28.6
22,24.6,30.0,0.72,8.2,2.1,48.0,232.0,36.29,27.0
49,26.6,24.5,0.84,6.7,9.1,27.0,156.0,36.65,24.7
44,23.5,31.3,2.57,8.1,8.8,67.0,122.0,36.4,28.2
40,29.4,31.3,0.74,7.2,5.2,64.0,107.0,36.45,29.2
26,21.2,26.1,5.47,7.0,7.7,17.0,146.0,36.82,25.8
26,30.8,28.6,2.41,6.9,6.6,36.0,180.0,36.82,26.8
20,23.6,30.7,1.64,7.9,8.2,22.0,169.0,36.43,27.9
36,18.2,27.8,3.83,7.5,4.9,28.0,93.0,36.34,25.3
33,24.3,31.9,0.2,9.6,8.1,75.0,146.0,36.28,28.7
33,21.1,36.1,0.53,6.2,5.2,29.0,158.0,36.67,31.5
20,27.1,26.0,1.13,7.7,9.5,42.0,39.0,36.45,23.2
37,21.3,24.1,0.46,6.5,5.4,46.0,133.0,36.4,23.2
41,22.1,29.5,2.45,6.1,5.2,15.0,0.0,36.3,28.1
39,17.5,30.8,4.53,7.1,8.1,18.0,159.0,36.31,29.3
41,22.0,27.8,0.99,7.3,8.4,11.0,173.0,36.58,26.0
18,17.5,33.2,0.75,10.0,6.0,17.0,180.0,36.17,29.8
41,17.6,24.2,5.87,6.9,2.6,0.0,88.0,36.75,23.6
37,26.8,30.7,1.06,5.9,5.2,46.0,145.0,36.37,28.1
28,26.9,26.6,1.21,7.4,9.7,76.0,234.0,36.46,26.8
34,25.5,34.0,0.78,4.8,7.8,38.0,233.0,36.17,31.3
25,20.0,34.9,4.33,7.0,8.3,7.0,118.0,36.5,32.1
21,23.6,26.0,1.51,7.1,1.3,22.0,131.0,36.42,24.5
23,23.8,26.7,2.59,8.0,5.2,26.0,209.0,36.49,26.1
25,19.3,31.3,3.01,8.2,6.8,15.0,0.0,36.87,27.3
37,29.7,27.3,0.75,6.5,8.5,52.0,94.0,36.54,25.8
47,27.2,28.4,1.02,6.9,1.4,51.0,227.0,36.3,26.9
20,22.9,28.6,3.4,6.3,8.7,12.0,198.0,36.32,27.8
33,23.9,22.4,0.81,5.9,5.9,50.0,150.0,36.65,22.6
47,24.6,28.5,2.84,7.4,2.8,66.0,0.0,36.82,26.9
42,17.5,26.3,5.09,5.7,3.9,73.0,116.0,36.57,25.1
20,22.8,26.9,1.76,6.6,3.5,92.0,73.0,36.67,26.0
42,21.1,33.1,2.44,6.0,5.8,17.0,146.0,36.65,29.2
46,19.9,24.5,2.94,7.7,1.5,91.0,55.0,36.85,23.3
35,22.7,31.1,3.36,9.1,2.4,28.0,38.0,36.01,28.7
49,30.8,27.6,0.9,5.7,8.3,23.0,0.0,36.67,26.3
31,26.3,27.6,0.2,5.1,2.2,42.0,218.0,36.75,24.2
35,21.6,31.0,0.93,7.0,3.1,23.0,88.0,36.17,28.7
19,26.0,29.6,2.02,7.1,5.1,43.0,133.0,36.28,28.0
39,29.3,30.3,1.08,7.3,5.7,9.0,120.0,36.29,27.8
20,27.4,31.6,2.49,6.6,7.9,30.0,35.0,36.32,31.1
33,24.0,27.4,0.79,6.9,5.0,61.0,19.0,36.38,25.2
46,21.3,26.5,1.81,7.5,8.1,34.0,40.0,36.56,25.3
26,26.5,25.0,0.37,8.2,6.6,38.0,62.0,36.72,23.7
21,25.3,25.9,2.49,4.9,2.0,45.0,149.0,36.77,24.6
18,27.3,37.9,1.42,6.7,2.4,58.0,56.0,36.29,32.9
21,26.3,32.5,0.41,7.3,4.9,2.0,260.0,36.29,28.2
18,27.9,24.2,0.62,6.1,4.6,47.0,202.0,36.83,23.0
31,21.7,24.3,2.49,9.0,7.7,30.0,185.0,36.66,24.0
38,28.9,30.0,1.19,6.4,6.2,38.0,110.0,36.52,28.6
33,24.6,30.3,0.44,7.1,4.5,56.0,241.0,36.62,29.5
37,31.9,30.3,6.16,7.7,2.5,11.0,103.0,36.49,29.5
41,21.1,27.7,2.26,6.4,3.0,15.0,117.0,36.63,25.5
49,30.6,28.1,5.67,5.1,6.2,0.0,134.0,36.42,26.1
25,24.6,29.5,1.0,6.6,4.8,24.0,176.0,36.57,27.2
24,21.3,28.8,1.16,8.2,5.6,62.0,171.0,36.12,28.2
20,21.9,21.4,4.11,6.7,2.5,33.0,82.0,36.33,21.8
34,22.6,27.8,1.34,6.2,7.0,8.0,77.0,36.33,25.0
49,25.5,25.8,2.21,8.1,8.7,25.0,171.0,36.41,24.7
18,25.8,29.1,0.52,6.7,3.3,5.0,177.0,36.27,27.5
33,21.6,38.1,1.07,6.5,5.4,12.0,89.0,36.37,33.8
29,23.7,29.7,0.24,7.3,9.8,43.0,0.0,36.12,27.5
44,32.2,27.5,0.42,7.9,4.0,12.0,103.0,36.64,26.4
36,30.5,31.4,0.2,9.7,6.4,57.0,170.0,36.48,26.8
39,25.5,30.0,0.2,8.0,1.8,34.0,264.0,36.07,27.6
40,23.9,29.8,6.81,8.4,6.5,37.0,24.0,36.29,28.8
39,24.3,30.4,0.5,6.5,1.8,29.0,86.0,36.58,27.2
31,26.2,35.1,1.96,6.0,9.6,50.0,89.0,36.36,30.8
47,19.8,24.9,3.29,7.2,7.4,51.0,228.0,36.33,23.1
23,22.8,30.0,1.44,7.2,8.1,42.0,117.0,36.48,29.3
23,17.5,25.5,0.3,5.9,7.3,46.0,47.0,36.59,24.0
30,25.4,30.3,2.34,6.9,6.3,31.0,165.0,36.14,28.1
36,26.3,25.6,1.65,7.5,5.0,46.0,88.0,36.64,25.0
39,21.9,27.2,2.37,7.5,8.7,28.0,22.0,36.3,27.3
25,29.9,27.6,2.64,7.7,9.6,35.0,49.0,36.5,26.3
44,19.0,31.6,6.67,7.4,5.5,30.0,259.0,36.49,28.9
44,18.1,31.4,1.53,6.5,9.4,26.0,151.0,36.37,29.1
19,24.7,24.5,0.75,6.5,6.2,21.0,129.0,36.24,24.8
38,27.9,28.7,1.88,5.8,5.8,44.0,100.0,36.43,26.5
47,30.4,26.2,0.2,9.1,5.1,61.0,143.0,36.91,24.2
18,22.0,24.5,4.1,7.1,2.9,58.0,142.0,36.16,22.8
45,28.0,27.8,0.23,6.9,1.0,10.0,143.0,36.92,25.0
32,23.6,27.5,0.72,6.1,3.2,61.0,129.0,36.44,26.5
49,23.1,36.3,3.04,10.0,5.6,29.0,190.0,36.51,31.9
18,27.2,29.9,1.64,5.9,4.4,47.0,122.0,36.23,26.9
22,26.3,24.1,0.9,6.6,5.0,17.0,42.0,36.31,22.9
45,17.7,26.7,1.15,7.6,9.8,38.0,71.0,36.37,25.7
46,29.6,31.8,3.47,7.8,4.2,41.0,0.0,36.24,28.9
33,29.2,35.2,0.75,8.2,5.1,5.0,282.0,36.45,31.0
36,21.4,23.4,3.67,9.1,2.2,47.0,189.0,36.4,24.3
21,25.3,22.5,0.2,7.7,1.4,62.0,54.0,36.96,23.5
20,25.7,34.5,2.7,5.9,8.0,32.0,97.0,36.21,29.8
49,24.8,29.7,3.39,6.8,6.1,62.0,69.0,36.53,27.9
34,21.7,25.7,0.36,7.4,7.8,31.0,243.0,36.56,24.2
49,21.2,30.2,1.01,9.4,2.3,52.0,6.0,36.23,27.6
34,23.7,21.0,0.33,5.6,6.1,0.0,129.0,36.67,21.3
29,28.4,28.5,2.21,8.4,3.3,83.0,111.0,36.4,26.5
45,25.9,29.5,1.38,7.3,3.1,65.0,186.0,35.9,27.5
47,22.4,31.5,1.82,8.0,1.1,29.0,112.0,36.66,29.2
46,26.8,25.3,0.39,7.0,2.2,0.0,0.0,36.22,24.5
31,17.5,28.8,0.43,6.2,3.8,41.0,100.0,36.24,26.2
38,28.3,25.5,0.2,7.9,2.1,6.0,42.0,36.67,23.9
23,17.5,29.3,0.7,7.8,9.9,44.0,126.0,36.41,26.3
20,22.4,25.6,1.48,8.2,3.8,43.0,235.0,36.73,23.9
45,19.4,27.2,3.51,7.1,2.2,16.0,0.0,36.8,27.5
26,18.8,25.3,1.98,6.4,2.8,57.0,56.0,36.34,23.8
22,28.3,30.6,1.03,5.4,6.3,51.0,76.0,36.7,26.9
41,22.0,31.2,5.51,8.0,1.6,55.0,89.0,36.31,29.2
46,25.2,27.7,2.29,7.6,8.8,35.0,179.0,37.06,26.4
34,23.6,28.6,4.79,6.0,9.7,7.0,106.0,36.33,27.2
31,25.7,23.9,1.35,6.5,3.2,55.0,153.0,36.76,24.5
38,24.1,27.5,0.54,6.6,5.1,30.0,70.0,36.71,26.3
48,18.8,28.3,0.2,5.5,1.2,7.0,138.0,36.58,25.8
20,27.7,36.9,2.33,6.2,6.8,62.0,182.0,36.33,32.2
45,21.9,24.9,0.23,5.9,4.7,77.0,61.0,36.46,23.4
18,17.7,33.2,0.65,6.6,3.4,34.0,183.0,35.96,30.5
37,22.1,31.7,1.37,6.3,2.9,78.0,124.0,36.56,28.6
48,29.7,29.4,1.5,5.3,6.9,37.0,204.0,36.59,25.6
46,27.1,34.1,1.65,9.3,4.7,27.0,104.0,36.53,30.5
38,22.4,29.7,0.33,8.5,2.6,22.0,150.0,35.9,26.1
49,22.4,29.7,0.86,6.2,7.2,68.0,117.0,36.18,29.5
40,22.5,28.3,1.73,7.4,6.1,19.0,112.0,36.31,25.7
18,31.9,32.4,6.3,7.6,8.7,50.0,141.0,36.57,30.1
49,25.3,32.0,2.34,8.4,2.1,24.0,163.0,36.57,29.3
20,25.5,26.5,4.61,6.2,8.1,26.0,20.0,36.46,25.6
49,27.8,24.3,2.59,8.3,7.1,56.0,235.0,36.66,23.9
35,24.7,27.9,1.61,6.5,2.0,27.0,0.0,36.24,26.5
42,22.8,25.9,0.38,5.6,7.3,27.0,65.0,36.65,26.1
27,23.0,28.3,1.98,7.9,5.0,58.0,112.0,36.62,27.1
48,23.5,32.5,1.76,8.5,9.5,67.0,153.0,36.59,30.9
39,23.7,27.0,1.66,9.9,2.3,48.0,246.0,36.45,24.8
43,26.6,28.4,1.21,5.8,6.8,22.0,0.0,36.96,26.6
20,24.0,28.7,1.35,7.9,4.4,25.0,79.0,36.62,26.8
25,26.7,31.2,0.73,6.6,9.6,37.0,0.0,36.26,29.0
31,23.5,21.3,1.32,8.0,4.0,41.0,123.0,36.56,22.6
41,24.1,26.6,0.4,5.5,9.7,15.0,142.0,36.69,25.1
35,17.5,29.2,2.94,5.7,9.1,49.0,247.0,36.35,27.1
49,27.4,32.3,0.37,6.2,3.4,37.0,130.0,36.77,29.6
32,25.2,26.9,0.2,7.2,8.2,1.0,204.0,36.6,24.3
39,27.7,22.5,1.03,6.4,10.0,16.0,167.0,35.91,22.5
40,17.5,30.5,1.93,7.8,3.3,25.0,85.0,36.57,27.9
19,31.9,26.5,1.04,8.2,4.9,34.0,7.0,36.4,24.5
48,23.3,24.7,0.58,7.8,5.7,73.0,142.0,36.63,24.7
44,28.1,26.5,1.47,8.9,3.7,40.0,1.0,36.74,24.3
27,19.7,27.9,0.77,7.6,1.1,18.0,224.0,36.55,26.0
19,26.2,26.6,4.86,5.8,3.0,39.0,107.0,36.92,25.7
43,19.7,21.4,4.61,8.6,3.5,28.0,216.0,36.46,23.1
34,21.4,31.4,1.26,6.4,5.0,41.0,82.0,36.66,28.6
25,31.3,32.6,0.72,8.1,2.5,47.0,142.0,36.7,30.2
18,23.1,30.6,2.4,8.8,8.9,59.0,137.0,36.48,29.0
26,24.6,24.9,0.2,7.6,7.3,35.0,116.0,36.69,24.4
28,27.2,27.9,1.16,5.5,1.8,68.0,85.0,36.35,25.1
39,25.7,28.5,0.74,6.1,6.9,53.0,151.0,36.39,25.4
33,24.4,30.4,4.56,8.6,6.9,21.0,46.0,36.17,28.3
24,25.2,30.6,0.2,6.9,9.6,79.0,23.0,36.56,27.9
46,33.2,26.2,1.45,7.2,1.0,42.0,219.0,36.58,25.8
27,23.6,28.8,2.43,7.9,3.2,18.0,178.0,36.79,27.5
40,24.6,30.0,1.19,7.9,9.4,68.0,125.0,36.7,27.8
43,27.9,33.2,0.2,7.4,9.4,77.0,253.0,36.43,29.1
20,28.1,30.8,6.47,6.9,7.5,34.0,99.0,36.21,29.4
35,28.4,31.0,1.31,6.8,7.9,25.0,226.0,36.61,27.9
42,26.3,28.8,1.71,8.0,1.8,32.0,134.0,36.78,26.2
41,19.3,33.0,0.49,7.7,5.6,49.0,38.0,36.69,28.9
30,30.2,29.8,1.19,6.8,3.1,61.0,268.0,36.77,27.5
45,19.3,25.7,1.01,8.3,2.6,46.0,199.0,36.45,25.6
43,25.0,33.0,0.2,7.0,8.3,37.0,110.0,36.38,29.9
24,20.9,30.7,0.2,6.2,2.2,65.0,178.0,36.32,27.7
42,23.5,27.1,3.27,6.3,5.2,29.0,88.0,36.49,24.6
21,25.1,27.0,0.49,6.0,9.4,56.0,186.0,36.48,26.2
30,25.1,29.4,0.39,6.8,2.7,29.0,0.0,36.55,26.5
37,25.4,30.0,1.27,8.5,9.8,44.0,38.0,36.47,28.0
18,30.1,29.1,2.64,6.2,9.9,33.0,198.0,36.47,27.3
25,25.6,29.5,0.2,7.3,6.0,34.0,100.0,36.31,27.8
49,22.8,33.9,1.55,6.4,2.5,27.0,137.0,36.74,30.3
31,27.6,31.9,0.23,6.8,3.8,62.0,12.0,36.52,28.8
33,28.4,29.1,0.2,5.4,4.8,20.0,268.0,36.46,27.1
31,19.0,31.5,0.2,6.9,3.8,20.0,215.0,36.31,30.3
29,26.1,25.2,3.23,6.9,3.5,77.0,104.0,36.17,25.2
36,26.5,29.8,0.23,7.7,9.8,55.0,88.0,36.83,27.6
40,22.6,34.3,0.2,7.3,2.4,0.0,202.0,36.64,30.5
32,29.2,27.8,1.04,5.8,7.6,24.0,279.0,36.09,25.8
45,23.2,25.8,3.34,8.3,1.0,0.0,196.0,36.69,24.1
19,24.3,26.4,0.55,7.3,6.4,16.0,294.0,36.73,24.6
19,23.1,25.0,0.99,7.3,9.2,0.0,46.0,36.53,23.8
49,23.9,26.0,0.2,7.1,3.6,32.0,54.0,36.9,25.2
40,19.5,27.3,1.07,6.5,2.7,12.0,25.0,36.55,24.9
48,18.2,24.0,1.55,7.3,6.9,36.0,155.0,36.15,24.5
39,30.0,28.5,1.52,7.6,7.4,2.0,134.0,36.59,27.7
36,20.5,31.4,0.73,5.2,7.2,37.0,108.0,36.56,28.7
42,19.9,25.6,0.68,6.5,3.9,27.0,185.0,36.35,24.5
43,17.5,33.4,0.2,6.8,3.3,65.0,219.0,36.64,29.4
48,21.3,30.1,0.82,7.4,9.6,63.0,0.0,36.08,28.2
47,18.6,31.8,0.2,8.4,9.3,51.0,72.0,36.75,30.0
46,30.2,26.4,2.62,6.3,5.1,28.0,186.0,36.28,24.8
39,27.7,31.2,6.1,6.6,8.6,75.0,83.0,36.25,28.1
43,21.1,25.0,6.32,6.5,5.1,4.0,56.0,36.47,25.2
43,32.6,31.3,3.61,6.2,4.8,7.0,201.0,36.61,29.2
39,27.6,29.0,1.65,6.7,2.4,33.0,17.0,36.54,26.1
34,22.5,30.3,2.17,7.9,4.8,80.0,96.0,36.31,27.3
37,17.5,24.7,0.6,5.9,5.8,31.0,146.0,36.37,23.0
27,32.7,25.6,1.79,7.6,1.2,31.0,74.0,36.22,24.1
23,18.4,30.4,1.09,5.2,5.0,6.0,183.0,36.44,27.5
32,17.5,25.5,1.18,6.5,8.0,54.0,74.0,36.77,24.6
39,27.8,30.0,2.55,6.7,7.1,54.0,233.0,36.5,27.6
28,33.3,24.1,0.6,8.9,6.7,51.0,110.0,36.71,22.9
45,29.2,31.2,0.69,6.8,9.2,22.0,174.0,36.86,28.6
22,26.0,24.6,4.65,4.7,1.2,21.0,180.0,36.35,24.1
18,26.1,30.3,0.2,4.9,6.0,9.0,70.0,36.45,27.3
25,27.1,30.5,1.2,7.1,8.1,37.0,0.0,37.04,29.2
38,26.8,26.3,4.39,7.8,5.9,13.0,149.0,36.86,25.7
45,24.9,30.4,1.7,7.5,3.9,11.0,126.0,36.08,26.7
29,24.2,29.3,1.42,7.3,2.2,27.0,164.0,36.6,27.6
29,23.6,26.8,0.52,8.4,9.0,25.0,102.0,36.5,26.1
22,20.9,25.3,0.76,6.5,5.2,24.0,86.0,36.71,23.9
24,22.7,22.2,3.44,8.1,8.9,44.0,281.0,36.31,21.5
21,17.5,29.6,1.47,5.3,6.3,37.0,2.0,36.29,27.2
23,23.4,23.5,1.3,6.1,7.1,29.0,179.0,36.33,23.4
30,19.9,28.8,0.2,5.1,8.2,39.0,74.0,36.36,26.0
49,19.5,27.7,0.2,6.8,6.9,15.0,93.0,36.7,24.7
37,24.5,30.7,5.97,7.0,4.6,37.0,95.0,36.2,28.5
47,29.2,27.5,0.85,7.2,5.6,38.0,56.0,36.34,25.7
32,27.4,27.4,1.66,7.2,8.2,5.0,166.0,36.05,25.9
20,17.7,30.8,0.2,6.1,4.4,55.0,231.0,36.75,28.0
40,19.9,29.6,2.07,6.9,4.5,17.0,158.0,36.82,26.5
25,27.5,29.5,4.85,5.5,1.9,37.0,128.0,36.42,27.1
37,20.0,30.0,1.54,8.6,9.2,58.0,41.0,36.43,28.4
33,22.9,23.6,0.24,6.8,1.8,54.0,161.0,36.61,22.8
30,25.9,30.9,1.57,6.6,6.8,36.0,293.0,36.87,27.0
35,20.0,30.5,2.62,8.8,4.7,28.0,90.0,36.6,27.7
45,24.2,25.2,0.94,5.7,4.7,54.0,90.0,36.33,23.3
27,18.6,27.7,3.81,5.9,7.1,48.0,75.0,36.1,26.7
47,21.5,28.4,1.88,5.9,1.6,23.0,81.0,36.22,26.7
36,25.0,28.1,4.13,7.0,6.3,19.0,0.0,36.52,25.2
34,17.6,29.6,1.76,7.6,7.9,0.0,152.0,36.34,28.3
41,25.5,33.1,0.25,7.9,8.5,38.0,52.0,36.55,29.1
48,23.7,32.0,0.67,9.9,2.5,33.0,0.0,36.36,30.2
36,26.0,24.3,0.41,4.6,9.1,58.0,180.0,36.24,23.7
45,24.7,30.5,4.31,7.8,6.9,42.0,33.0,36.21,27.3
43,29.1,32.8,2.57,6.5,8.9,62.0,93.0,36.89,29.1
40,24.3,29.7,2.03,6.5,5.4,21.0,237.0,36.72,27.8
43,22.1,32.0,0.64,6.4,5.9,58.0,7.0,36.93,28.6
22,24.3,34.9,0.37,6.1,9.3,24.0,0.0,36.63,31.2
43,25.9,31.8,2.54,9.0,9.1,51.0,142.0,36.39,30.6
38,24.0,29.3,1.16,8.0,5.0,6.0,212.0,36.83,26.6
47,24.0,31.8,0.46,7.1,3.5,40.0,0.0,36.49,28.9
40,21.1,29.0,1.73,8.6,4.5,0.0,153.0,36.56,28.1
48,21.2,28.6,0.2,5.4,4.5,30.0,166.0,36.49,26.6
26,18.3,27.4,0.71,5.6,3.6,44.0,0.0,35.9,24.3
29,30.6,33.5,1.14,4.7,3.4,25.0,184.0,36.9,30.4
38,18.9,25.9,0.29,6.3,8.7,14.0,190.0,36.62,24.0
18,21.1,33.4,7.52,7.3,1.6,52.0,95.0,36.58,31.8
43,21.0,30.1,0.42,7.2,7.1,33.0,220.0,36.48,27.3
43,27.3,24.0,0.25,7.3,2.6,25.0,211.0,36.54,25.7
18,22.6,29.7,0.41,5.5,4.1,36.0,128.0,36.35,28.3
32,28.7,21.8,2.64,8.0,1.6,88.0,84.0,36.65,21.4
19,21.2,30.5,1.0,7.4,3.4,58.0,42.0,36.17,28.0
49,24.9,31.3,1.5,7.9,7.9,58.0,117.0,36.55,29.5
47,20.5,26.6,0.2,5.0,9.0,44.0,166.0,36.64,26.0
39,32.2,28.9,0.2,7.4,3.0,38.0,94.0,36.45,27.2
33,19.2,34.8,1.06,5.8,5.2,0.0,0.0,36.59,31.8
42,25.0,26.9,3.05,6.7,5.2,21.0,221.0,36.25,25.5
25,26.3,25.1,3.9,7.7,8.9,25.0,135.0,36.26,24.5
30,25.4,33.2,0.2,7.2,7.9,0.0,90.0,36.56,29.8
38,23.1,34.8,1.39,6.2,5.6,12.0,189.0,36.67,31.7
18,23.3,28.5,4.4,7.1,7.0,0.0,242.0,36.03,27.5
33,24.0,31.7,0.88,5.4,8.6,34.0,0.0,36.63,29.2
46,23.2,32.8,3.18,8.4,1.1,51.0,155.0,36.36,30.4
24,27.6,26.1,0.26,6.9,4.6,57.0,6.0,36.45,23.2
49,32.4,26.9,4.93,8.3,9.2,43.0,160.0,36.17,26.5
48,21.6,32.4,2.51,6.5,7.7,16.0,130.0,36.29,30.0
22,18.5,33.9,5.1,6.5,5.9,0.0,171.0,36.74,32.1
39,23.5,30.3,2.03,6.3,5.8,0.0,80.0,36.51,26.7
46,33.9,25.7,0.81,8.1,4.1,10.0,0.0,36.4,25.9
40,20.7,34.9,5.01,6.3,5.7,17.0,84.0,36.47,31.5
20,30.2,26.8,0.58,7.8,6.9,32.0,153.0,36.62,25.8
29,30.3,27.4,0.73,6.7,4.8,15.0,201.0,36.61,27.2
43,21.6,29.6,2.17,4.9,7.4,42.0,26.0,36.48,28.1
33,26.0,33.5,2.61,6.5,8.8,30.0,202.0,36.77,30.8
36,30.2,31.2,4.77,5.8,2.4,35.0,68.0,36.74,29.0
22,22.3,29.8,0.41,7.1,5.1,58.0,149.0,36.6,27.0
39,23.0,30.0,2.88,5.8,4.7,11.0,79.0,36.51,27.6
42,21.5,28.6,2.41,8.1,7.2,43.0,135.0,36.66,26.5
46,19.8,30.3,0.2,7.0,3.2,35.0,191.0,36.58,27.7
31,21.3,21.0,0.88,6.9,6.8,28.0,22.0,36.77,21.0
45,19.0,27.6,0.6,7.8,8.9,53.0,66.0,36.72,26.5
22,23.9,29.3,0.65,8.2,4.8,53.0,135.0,36.25,27.0
32,20.8,24.8,7.33,7.1,9.2,16.0,312.0,36.23,24.7
34,24.7,29.7,1.85,6.3,9.9,31.0,51.0,36.32,28.0
47,17.7,27.8,2.28,5.1,2.0,41.0,283.0,36.74,24.9
31,25.1,34.1,6.76,6.3,3.1,30.0,280.0,36.11,32.6
47,27.1,33.5,0.85,6.4,9.6,47.0,112.0,36.6,30.3
37,17.5,27.0,2.91,7.2,9.6,41.0,96.0,36.59,25.9
22,25.3,28.0,1.03,6.7,1.9,72.0,65.0,36.79,25.4
29,28.6,28.3,3.67,7.9,1.1,4.0,115.0,36.55,26.7
33,19.1,27.1,0.36,6.4,2.4,33.0,7.0,36.16,26.6
43,30.3,29.1,5.31,7.0,10.0,17.0,114.0,36.26,28.7
43,25.4,26.1,0.44,8.4,2.6,47.0,240.0,36.2,25.5
33,21.1,24.9,0.71,7.5,5.5,3.0,71.0,36.37,24.4
38,23.6,30.5,2.54,7.0,8.6,42.0,101.0,36.45,28.1
24,26.0,30.5,0.9,6.4,1.2,22.0,0.0,36.21,26.8
21,24.1,25.9,1.69,6.4,6.4,20.0,150.0,36.87,24.7
18,25.9,31.4,1.06,6.2,3.5,6.0,141.0,36.17,28.4
47,20.2,26.5,2.44,6.5,8.8,26.0,125.0,36.84,26.4
47,24.5,29.3,0.47,7.9,3.6,57.0,103.0,36.8,27.3
22,18.3,31.1,0.2,6.9,7.2,34.0,97.0,36.72,29.9
40,23.4,28.4,0.64,5.6,7.1,48.0,160.0,36.33,27.6
43,20.3,30.0,1.16,9.0,3.0,68.0,118.0,36.59,27.2
27,20.9,26.8,0.33,7.5,1.3,40.0,145.0,36.18,23.9
39,28.6,27.9,0.79,5.6,4.7,24.0,137.0,36.73,27.0
22,28.1,27.8,0.92,6.6,3.6,44.0,210.0,36.48,27.2
21,26.2,26.1,0.2,7.2,8.3,24.0,174.0,36.4,24.0
19,19.5,27.9,1.58,9.0,8.2,25.0,135.0,36.19,27.7
37,22.6,23.5,3.88,5.9,5.1,5.0,241.0,35.9,23.5
48,28.5,26.9,0.3,8.2,6.5,54.0,154.0,36.24,25.5
27,24.4,27.6,1.64,8.6,6.4,27.0,224.0,36.78,27.3
43,32.8,27.7,1.97,6.4,8.4,39.0,169.0,36.4,27.6
36,25.3,27.7,0.98,6.8,4.8,14.0,0.0,36.46,26.5
43,24.5,28.3,2.17,6.0,3.5,44.0,224.0,36.66,26.8
49,22.6,30.0,0.95,6.9,3.4,20.0,131.0,36.95,28.1
18,24.3,31.3,1.26,7.1,5.8,32.0,116.0,36.83,28.2
41,23.2,26.4,0.2,7.8,5.0,53.0,143.0,36.26,25.0
22,26.6,24.6,2.12,8.3,5.0,51.0,92.0,36.01,23.2
30,27.5,25.2,1.95,6.3,1.8,35.0,138.0,37.09,24.0
21,20.7,26.9,0.2,4.9,7.5,0.0,73.0,37.07,25.3
33,18.6,27.4,0.83,7.1,2.9,95.0,222.0,36.55,25.2
41,17.5,26.0,6.96,7.4,2.8,70.0,111.0,36.18,25.5
33,25.8,24.4,0.98,7.4,4.7,49.0,89.0,36.74,23.4
40,19.5,27.0,1.25,6.7,3.1,20.0,46.0,36.47,26.0
19,17.5,29.1,4.33,7.2,6.3,33.0,142.0,36.47,26.0
34,25.3,30.4,2.27,8.8,4.3,24.0,135.0,36.72,27.9
45,33.5,26.7,1.57,7.5,5.0,60.0,151.0,36.58,25.6
49,23.8,27.2,2.88,6.7,5.8,40.0,38.0,36.2,25.6
49,27.1,25.5,3.6,6.5,2.8,19.0,0.0,36.42,24.6
44,24.1,28.4,1.1,6.9,2.4,26.0,170.0,36.67,25.2
37,23.4,25.8,1.16,8.9,8.9,57.0,239.0,36.63,25.3
41,27.4,30.3,0.88,6.9,4.9,67.0,38.0,36.57,28.3
29,22.7,22.8,6.12,7.1,4.7,66.0,247.0,36.73,23.5
35,24.8,27.3,2.15,6.6,1.3,50.0,143.0,36.41,26.7
20,25.1,29.5,0.2,8.3,5.5,30.0,119.0,36.54,27.3
45,21.2,29.1,3.58,9.3,6.0,0.0,88.0,35.9,27.6
18,27.7,37.1,1.18,7.6,6.0,41.0,9.0,36.39,32.7
18,23.1,29.6,0.2,7.2,7.4,35.0,199.0,36.69,28.1
46,20.9,25.3,1.44,7.1,2.6,38.0,58.0,36.4,23.1
36,25.9,28.2,0.97,4.5,3.3,36.0,58.0,36.38,25.5
28,20.3,22.8,3.78,7.9,8.3,8.0,199.0,36.24,24.4
22,23.9,28.2,0.41,7.2,9.5,46.0,0.0,36.75,24.7
29,23.8,25.8,3.15,7.6,2.2,48.0,0.0,36.64,24.8
20,28.0,31.4,1.47,6.3,5.5,49.0,119.0,36.71,29.6
18,25.7,26.7,0.2,6.7,2.9,54.0,143.0,36.07,25.2
18,23.7,28.1,6.43,6.6,1.5,47.0,159.0,36.46,26.5
25,27.0,26.5,1.29,8.2,3.9,27.0,96.0,36.43,25.3
27,29.2,34.1,0.62,6.7,2.3,34.0,322.0,36.43,30.1
28,26.0,27.5,1.14,9.4,7.4,37.0,102.0,36.35,26.2
29,23.8,34.4,3.51,7.6,5.8,37.0,102.0,36.41,30.4
46,18.7,31.1,0.65,5.7,2.3,55.0,56.0,36.71,29.1
30,19.6,30.0,0.39,7.0,1.1,48.0,130.0,36.02,28.7
29,22.6,29.7,0.25,6.4,8.3,77.0,169.0,36.94,27.5
48,21.4,29.8,0.64,4.7,2.6,79.0,216.0,36.62,26.1
31,23.1,22.3,2.73,8.9,6.5,37.0,1.0,36.49,22.0
19,24.0,27.6,1.15,7.9,4.0,0.0,100.0,36.73,25.8
46,25.9,31.2,0.46,7.7,6.3,60.0,156.0,36.14,28.8
36,23.5,28.3,0.33,7.3,3.8,24.0,167.0,36.33,25.6
35,25.7,24.0,0.73,5.6,1.8,19.0,121.0,36.47,22.6
20,24.1,28.3,5.06,6.6,3.0,27.0,163.0,36.84,27.2
40,17.5,34.0,0.76,8.0,2.7,26.0,55.0,36.49,31.1
34,20.1,32.5,7.98,5.9,4.9,47.0,245.0,36.61,29.4
43,23.2,28.3,1.2,4.3,6.9,4.0,199.0,36.35,25.2
25,19.1,31.5,0.36,6.9,3.4,13.0,12.0,36.62,31.2
46,26.1,27.3,3.99,6.9,1.1,42.0,34.0,36.92,26.7
43,29.8,23.0,1.11,7.2,5.7,47.0,36.0,36.75,22.5
27,28.6,25.5,2.23,7.9,6.5,48.0,174.0,36.48,25.3
43,23.0,33.5,7.41,7.8,9.7,19.0,17.0,36.67,30.9
47,29.6,27.6,0.2,7.4,6.3,15.0,94.0,36.64,26.5
19,24.4,27.7,0.2,8.4,5.2,25.0,156.0,36.63,26.1
36,22.5,27.5,2.29,5.4,6.2,40.0,115.0,36.78,25.9
26,21.4,34.6,0.6,7.7,9.4,65.0,141.0,36.78,31.0
24,22.6,33.7,0.37,7.8,8.5,0.0,35.0,36.47,29.3
21,22.3,35.6,0.2,5.7,3.9,31.0,168.0,36.66,32.8
43,24.5,28.0,0.2,5.4,3.1,8.0,71.0,36.4,25.2
38,24.4,29.4,2.68,6.3,3.4,2.0,94.0,36.27,26.3
35,23.8,23.6,0.26,6.4,5.5,54.0,139.0,36.43,22.9
30,25.5,33.2,1.14,7.9,7.7,46.0,128.0,36.48,29.4
28,28.4,24.8,1.68,6.4,5.5,44.0,122.0,36.08,24.0
46,27.5,29.2,1.01,6.2,1.6,53.0,60.0,36.72,27.6
41,18.0,25.0,0.2,6.4,7.5,25.0,96.0,35.9,25.1
21,17.5,26.6,2.75,8.3,8.3,26.0,120.0,37.18,26.4
42,27.4,25.8,0.2,7.1,3.6,79.0,10.0,36.88,24.4
38,18.5,26.6,2.58,6.9,7.0,30.0,83.0,36.43,25.4
46,22.9,26.8,4.03,7.0,4.8,50.0,151.0,36.5,26.0
42,19.2,26.7,1.02,8.5,9.0,35.0,18.0,36.58,24.2
21,17.5,31.2,1.38,6.3,8.6,0.0,213.0,36.35,29.2
27,25.9,25.0,1.17,8.5,5.7,0.0,222.0,36.55,22.9
22,26.8,29.2,0.89,7.3,7.2,23.0,20.0,36.46,29.0
26,21.6,32.4,3.93,6.9,9.0,56.0,229.0,36.48,29.6
41,17.5,26.9,4.04,9.9,5.5,51.0,109.0,36.55,25.6
49,21.7,26.2,0.74,5.9,3.8,53.0,153.0,36.17,24.1
20,25.3,27.8,1.72,6.7,7.8,15.0,80.0,36.51,25.9
34,18.0,32.3,4.71,5.7,3.0,67.0,194.0,36.54,31.2
20,24.5,29.1,5.89,8.1,4.5,16.0,152.0,36.53,28.2
33,23.7,26.8,1.28,9.0,8.8,39.0,55.0,36.45,24.5
21,26.1,30.0,1.09,8.9,7.5,35.0,27.0,36.78,29.2
35,24.3,25.0,0.59,8.4,4.6,32.0,3.0,36.41,25.0
34,20.0,30.7,5.74,6.9,2.9,62.0,135.0,36.56,28.3
24,28.5,29.8,0.28,6.7,4.2,21.0,166.0,36.82,27.6
49,23.2,27.5,1.56,5.3,3.6,8.0,172.0,36.48,25.8
41,23.7,25.8,0.6,9.3,2.6,35.0,111.0,36.55,26.2
40,20.2,25.7,0.59,7.6,7.7,27.0,27.0,36.48,24.2
47,22.1,30.2,0.93,6.6,3.3,103.0,65.0,36.81,27.9
49,20.3,32.4,8.5,8.6,5.1,49.0,212.0,36.44,29.7
22,23.1,26.5,0.2,6.0,4.5,27.0,81.0,36.82,23.9
29,30.5,30.0,1.56,7.5,9.8,14.0,131.0,36.47,29.8
34,18.4,21.8,0.2,6.9,4.5,0.0,34.0,36.29,21.0
40,17.5,26.6,0.3,7.8,1.7,14.0,147.0,36.67,25.3
30,29.5,28.4,1.04,7.0,1.8,37.0,83.0,36.42,25.1
40,23.0,25.6,1.29,5.5,6.3,64.0,204.0,36.66,24.1
42,21.2,25.5,0.54,7.2,6.4,57.0,182.0,35.9,24.7
20,27.9,26.4,0.68,8.3,4.8,40.0,80.0,36.5,24.4
26,21.4,29.4,0.2,7.1,4.9,29.0,110.0,36.39,27.6
47,30.9,27.9,0.65,8.0,1.5,40.0,76.0,36.23,26.0
34,26.4,21.3,6.12,5.9,5.6,25.0,6.0,36.36,22.8
34,21.9,21.7,5.21,7.1,5.5,69.0,51.0,36.36,23.3
47,32.2,26.6,0.73,6.4,2.3,31.0,136.0,36.49,24.8
37,21.4,30.0,1.52,7.9,1.9,33.0,146.0,36.16,27.7
33,26.7,21.0,4.33,7.1,2.1,0.0,132.0,36.58,21.8
42,25.0,26.9,0.2,7.9,1.9,31.0,96.0,36.84,25.8
39,28.9,26.8,3.0,8.3,6.5,52.0,195.0,36.57,25.6
30,29.9,32.9,5.33,7.9,2.8,14.0,125.0,36.7,30.2
44,23.9,27.3,0.2,7.4,3.3,20.0,176.0,36.77,25.4
36,20.9,29.7,0.32,6.0,2.6,51.0,0.0,36.81,27.4
34,25.6,29.0,5.83,7.1,9.6,5.0,0.0,36.97,28.7
21,21.2,21.7,1.39,6.5,8.7,56.0,143.0,36.38,22.7
29,31.7,31.0,0.2,6.7,3.1,24.0,6.0,36.32,28.8
46,24.3,29.2,0.54,6.7,3.9,27.0,103.0,36.7,27.6
26,22.4,30.1,1.08,6.0,2.9,13.0,96.0,36.68,27.6
36,24.5,41.1,2.13,4.9,5.4,43.0,247.0,36.69,35.6
29,18.5,21.8,2.38,6.4,1.2,84.0,152.0,36.97,21.2
26,20.0,34.0,8.5,7.3,7.0,51.0,133.0,36.5,32.5
24,28.5,27.6,0.61,5.6,5.7,18.0,187.0,36.61,23.5
45,21.2,29.4,1.39,7.1,9.1,58.0,149.0,36.25,27.5
31,19.7,28.4,1.37,9.2,2.5,29.0,83.0,37.03,27.4
48,25.9,27.1,0.94,8.2,8.2,62.0,206.0,36.42,24.8
49,28.4,26.7,0.33,8.9,8.1,51.0,31.0,36.42,25.9
37,26.6,29.6,6.83,7.5,2.1,0.0,146.0,36.41,27.3
36,27.7,23.6,3.46,8.4,4.6,15.0,0.0,36.34,23.1
43,20.8,30.9,1.24,6.3,2.5,54.0,136.0,36.32,29.0
32,18.3,27.2,1.66,6.4,3.3,38.0,135.0,36.37,25.8
33,29.7,24.9,0.46,4.1,3.4,15.0,254.0,36.16,22.2
38,22.5,27.1,1.41,8.4,6.0,22.0,0.0,36.3,24.8
22,22.8,32.5,2.14,8.8,4.7,0.0,72.0,36.99,30.3
20,29.0,26.8,1.3,6.5,9.5,33.0,186.0,36.68,26.1
29,26.0,29.6,8.34,6.8,2.1,79.0,147.0,36.73,29.5
42,25.6,26.2,1.7,6.3,9.8,51.0,134.0,36.79,26.7
37,32.2,30.9,0.83,7.5,3.1,79.0,44.0,36.96,28.0
44,21.3,30.7,2.66,8.3,8.0,53.0,73.0,36.06,30.6
38,27.4,34.4,0.34,5.2,4.1,56.0,220.0,36.19,30.5
21,24.0,27.9,0.87,7.6,2.3,74.0,116.0,36.3,25.4
38,24.8,30.6,0.77,6.8,8.7,43.0,150.0,36.38,27.8
40,29.8,28.8,1.02,7.2,3.8,31.0,111.0,36.42,25.0
33,25.8,32.6,2.74,7.6,6.9,56.0,25.0,36.39,30.9
42,25.9,26.2,1.19,6.9,6.1,64.0,195.0,36.55,26.2
24,28.0,30.9,2.84,7.0,5.2,25.0,160.0,36.51,27.6
30,22.4,27.9,1.55,6.9,5.5,21.0,304.0,36.32,26.0
38,20.5,28.3,0.75,8.2,7.6,38.0,39.0,35.96,26.8
27,19.7,28.8,2.99,7.6,1.8,52.0,186.0,36.25,26.2
43,17.5,29.3,0.49,7.3,7.0,51.0,15.0,36.36,26.0
24,31.8,28.1,0.46,5.7,9.1,7.0,133.0,36.44,26.3
31,19.5,29.2,1.26,6.7,1.5,73.0,198.0,36.22,26.8
48,22.9,33.5,0.54,8.1,2.3,22.0,0.0,36.38,29.7
43,22.7,31.7,0.2,7.1,7.4,30.0,104.0,36.22,29.2
22,25.0,31.3,1.88,7.8,4.9,17.0,75.0,36.47,29.7
20,27.0,27.0,1.29,9.0,4.6,89.0,64.0,36.23,25.3
40,27.2,25.7,1.06,8.2,2.2,40.0,151.0,36.29,24.7
46,21.5,31.6,6.14,7.2,5.6,18.0,210.0,36.17,29.8
28,23.1,31.3,1.52,6.5,2.1,52.0,109.0,36.46,29.0
28,24.9,33.2,3.58,4.3,5.3,50.0,136.0,36.28,29.5
35,22.8,26.6,0.27,6.9,7.9,31.0,129.0,36.73,25.5
32,30.1,27.8,1.52,6.7,3.3,52.0,120.0,36.6,26.6
29,25.7,23.3,3.64,7.5,5.3,18.0,33.0,36.48,22.2
26,26.7,27.2,1.57,6.9,9.9,25.0,209.0,36.3,27.1
27,26.4,31.7,2.28,6.7,7.2,0.0,144.0,36.6,30.4
43,28.4,27.0,0.84,5.1,8.6,9.0,152.0,36.67,25.1
29,24.5,30.5,0.2,6.1,4.7,71.0,55.0,36.54,28.1
34,18.7,27.9,1.1,7.6,7.9,68.0,83.0,36.9,27.0
46,25.4,29.5,0.9,9.0,1.4,36.0,106.0,36.61,26.8
23,21.3,24.8,3.63,7.0,2.1,68.0,0.0,36.73,24.6
24,21.7,28.8,0.5,7.5,2.8,32.0,0.0,36.53,26.8
31,26.1,21.0,6.13,8.1,4.6,30.0,72.0,36.67,21.0
30,28.6,27.9,5.71,6.2,8.6,36.0,162.0,36.3,27.3
25,23.9,23.3,0.51,7.5,4.1,33.0,68.0,36.39,22.0
27,25.0,32.4,0.77,6.3,6.9,31.0,38.0,36.59,30.0
26,30.4,31.0,4.07,8.1,7.4,58.0,55.0,36.59,28.5
35,24.7,30.0,6.12,7.3,6.3,38.0,84.0,36.63,28.0
44,33.9,33.4,1.05,7.4,4.2,49.0,92.0,36.78,31.2
43,26.0,25.5,0.7,6.2,6.2,56.0,293.0,36.14,24.8
19,17.5,34.1,1.34,7.9,4.1,43.0,204.0,36.26,29.6
22,26.7,31.5,2.1,9.4,1.8,16.0,202.0,36.56,27.9
46,25.3,27.7,0.58,6.0,9.9,8.0,213.0,36.32,25.7
22,28.8,32.1,2.4,6.7,2.1,38.0,40.0,37.3,29.5
23,26.4,25.0,0.2,7.4,1.7,32.0,22.0,36.63,24.3
36,23.3,25.9,0.2,8.0,8.9,37.0,31.0,36.48,24.3
25,19.0,26.6,0.88,6.5,3.7,35.0,227.0,36.37,24.2
33,23.0,26.8,0.79,4.0,6.9,87.0,76.0,36.38,25.4
30,20.5,25.1,0.68,8.6,4.0,8.0,20.0,36.51,24.0
18,21.5,32.4,1.22,7.9,4.5,0.0,86.0,36.53,31.0
39,26.1,27.7,0.7,5.2,3.4,42.0,101.0,36.39,25.8
37,30.3,29.6,0.38,6.4,4.1,27.0,141.0,36.43,28.8
34,25.3,26.7,0.67,8.8,4.7,41.0,140.0,36.84,24.3
48,19.1,22.7,6.63,8.7,7.5,47.0,54.0,36.85,22.1
24,25.5,29.4,0.95,8.1,5.6,61.0,175.0,36.56,26.3
42,28.5,22.4,1.06,6.9,9.5,5.0,69.0,36.16,23.6
30,21.4,28.3,1.55,7.2,1.4,24.0,107.0,36.63,27.9
21,23.3,24.1,7.37,7.0,5.5,44.0,175.0,36.89,23.5
21,23.9,34.9,0.5,8.3,6.3,50.0,69.0,36.84,30.6
23,20.7,31.4,2.06,6.1,9.3,79.0,74.0,36.68,28.1
45,26.3,28.8,2.27,6.2,1.4,54.0,167.0,36.86,25.5
48,23.3,32.5,1.68,8.2,6.2,34.0,51.0,36.51,30.0
36,25.4,25.8,0.2,7.1,8.7,17.0,89.0,36.66,25.1
46,20.3,30.2,2.03,8.6,3.2,24.0,164.0,36.33,27.9
29,22.1,29.1,0.2,6.4,8.9,23.0,284.0,36.57,26.1
39,26.6,29.3,1.63,7.0,1.2,48.0,168.0,36.83,28.5
24,22.3,32.6,2.42,6.1,7.6,40.0,158.0,36.35,29.5
44,30.5,30.8,0.43,7.1,9.4,9.0,162.0,36.28,29.0
27,22.2,29.4,3.32,5.5,6.9,26.0,34.0,36.52,26.1
43,24.7,23.2,0.2,6.6,5.0,53.0,129.0,36.44,22.6
36,27.4,25.4,3.34,5.5,1.4,42.0,118.0,36.66,24.7
24,18.3,28.1,1.11,7.9,9.3,46.0,146.0,36.39,26.9
47,17.5,28.8,0.44,7.9,5.2,43.0,129.0,36.93,26.8
20,17.8,24.9,0.26,5.2,1.3,68.0,150.0,36.18,24.2
30,28.7,36.2,5.52,8.6,7.2,40.0,95.0,36.81,31.8
30,21.6,33.4,0.2,9.8,5.3,27.0,125.0,36.31,30.0
35,33.8,30.4,0.4,7.2,2.1,17.0,22.0,36.05,28.0
45,21.6,28.7,0.77,6.4,2.9,40.0,94.0,36.56,26.9
47,24.5,27.8,1.74,10.0,1.6,0.0,231.0,36.44,26.2
43,29.8,25.5,1.42,5.6,6.2,31.0,146.0,36.22,23.3
37,31.6,28.7,0.24,7.1,6.6,31.0,118.0,36.08,25.7
45,31.8,29.3,0.62,7.3,5.6,8.0,272.0,36.5,25.4
25,28.5,24.5,0.49,8.6,8.4,16.0,11.0,36.74,24.7
46,27.8,29.6,0.43,7.5,8.7,51.0,31.0,36.65,28.2
48,26.1,28.0,0.95,6.6,6.5,40.0,257.0,36.51,26.9
26,26.8,22.4,2.19,6.1,1.1,37.0,124.0,36.62,22.6
24,21.7,25.7,0.44,6.7,7.3,41.0,101.0,36.49,23.2
18,20.6,27.2,0.82,6.0,4.8,37.0,24.0,36.14,24.6
20,23.8,34.5,0.89,7.2,6.1,60.0,156.0,36.14,30.9
30,23.1,30.3,6.75,6.5,6.8,37.0,164.0,36.45,28.5
45,22.0,24.2,5.57,5.5,4.2,6.0,32.0,36.46,23.7
47,26.5,30.1,2.9,8.5,9.3,68.0,109.0,36.71,28.5
42,27.5,23.5,0.5,6.6,2.2,42.0,93.0,36.69,23.0
48,24.1,32.0,0.2,5.7,7.0,23.0,140.0,36.65,29.2
45,29.6,27.0,0.69,6.9,1.0,10.0,30.0,36.43,25.0
34,19.3,28.2,0.56,7.2,9.3,43.0,220.0,36.15,27.4
42,23.0,32.7,1.27,5.2,2.0,33.0,193.0,36.6,29.1
41,21.0,24.4,2.71,7.5,1.9,66.0,91.0,36.63,22.8
18,17.5,24.0,3.52,5.9,4.0,28.0,103.0,35.9,22.9
23,23.5,26.6,3.35,9.0,4.4,18.0,109.0,36.29,25.2
38,23.3,31.8,0.8,7.7,2.9,53.0,58.0,36.33,29.7
23,29.7,23.6,2.09,6.7,6.3,54.0,85.0,36.53,23.2
43,26.3,21.0,0.68,6.3,5.0,38.0,98.0,36.3,21.1
29,19.8,27.1,0.2,7.0,1.3,49.0,249.0,36.49,24.5
30,31.0,30.3,2.18,7.8,3.9,34.0,196.0,36.45,28.6
49,28.6,32.3,0.2,7.1,8.3,40.0,195.0,36.46,29.0
30,26.1,27.0,0.95,6.9,7.2,58.0,150.0,36.32,25.8
46,22.9,27.2,0.72,7.2,7.5,48.0,31.0,36.34,27.1
32,20.1,32.2,2.13,6.4,7.3,32.0,117.0,36.23,30.0
38,22.3,22.5,2.62,6.7,3.8,62.0,198.0,36.6,21.2
33,28.0,27.3,0.65,4.8,1.9,0.0,19.0,36.64,24.1
39,31.1,29.1,3.0,8.2,3.5,76.0,171.0,36.31,27.2
38,29.8,29.9,0.63,7.4,8.5,1.0,306.0,36.88,26.9
28,21.9,26.9,1.06,6.2,9.8,22.0,205.0,36.42,26.3
45,19.4,28.6,2.34,9.2,5.4,34.0,233.0,36.88,26.8
22,24.3,21.0,2.13,7.2,1.1,32.0,137.0,36.34,21.5
21,17.5,26.4,7.87,6.0,2.3,55.0,197.0,35.99,25.0
20,25.1,30.0,0.46,8.0,3.9,14.0,63.0,36.6,28.9
36,23.2,25.4,1.95,7.5,6.2,40.0,184.0,36.56,26.7
37,22.0,28.7,1.69,7.5,1.7,23.0,172.0,36.51,26.5
42,17.6,29.9,4.44,6.6,9.5,41.0,143.0,36.34,28.5
35,25.8,27.4,0.31,7.6,4.3,34.0,225.0,36.49,25.8
32,21.7,29.0,2.51,6.8,9.2,37.0,77.0,36.37,27.2
26,19.2,25.4,1.51,7.7,8.0,24.0,105.0,36.42,24.1
34,17.5,27.8,0.58,5.0,7.8,25.0,128.0,36.71,25.4
31,23.7,30.5,1.16,6.6,6.5,41.0,38.0,36.55,27.0
32,30.7,29.0,0.73,9.0,6.6,54.0,138.0,36.65,27.3
48,30.3,26.6,1.56,6.3,6.7,23.0,0.0,36.44,25.0
18,22.0,29.2,3.96,6.4,6.7,18.0,204.0,36.41,25.3
38,21.5,30.8,1.52,6.6,6.0,47.0,124.0,36.21,28.6
39,25.6,21.9,1.8,5.8,9.9,34.0,78.0,36.41,22.2
39,19.9,32.2,1.32,4.7,7.6,52.0,53.0,35.9,30.4
20,25.0,27.4,0.2,6.8,8.0,17.0,101.0,36.35,26.3
33,26.8,29.9,0.48,7.2,8.9,0.0,175.0,36.48,26.6
40,28.6,32.3,1.22,7.0,2.9,24.0,164.0,36.64,27.5
42,23.4,24.1,0.67,6.9,1.8,20.0,64.0,36.43,22.9
28,23.0,26.2,0.36,7.1,5.3,33.0,52.0,36.59,24.4
29,20.4,27.6,1.26,8.2,5.6,22.0,173.0,35.96,26.7
27,20.6,26.0,0.7,6.9,8.5,50.0,62.0,36.49,25.1
49,22.9,34.1,0.54,6.5,5.0,29.0,125.0,36.08,31.3
33,25.2,25.8,1.12,6.8,6.1,38.0,130.0,36.2,23.6
25,27.4,26.7,0.26,7.7,5.7,38.0,145.0,36.45,26.0
23,20.7,29.2,4.73,8.7,1.3,39.0,189.0,36.82,28.0
29,29.6,24.7,3.64,6.4,6.5,35.0,19.0,36.59,22.5
41,22.7,27.2,2.21,7.2,8.5,45.0,0.0,36.5,27.2
45,23.7,29.5,0.2,7.5,2.4,19.0,75.0,36.5,27.3
38,20.9,27.4,2.69,6.0,6.3,63.0,264.0,36.32,26.3
25,17.5,28.2,2.97,7.1,6.3,30.0,282.0,36.36,25.8
43,27.2,26.8,2.63,5.5,2.5,9.0,266.0,36.61,26.4
45,26.7,23.7,0.22,5.2,2.1,39.0,105.0,36.15,22.0
21,22.7,29.5,1.86,7.5,9.8,18.0,0.0,36.65,28.4
43,24.1,34.1,3.24,6.7,4.5,48.0,0.0,36.4,31.4
25,25.8,28.6,1.55,7.3,3.0,79.0,71.0,36.71,25.9
43,17.7,29.2,1.87,7.1,2.5,19.0,104.0,36.74,28.7
45,21.7,30.7,1.1,6.0,7.0,42.0,224.0,36.08,28.6
35,26.9,24.4,1.35,7.1,6.5,0.0,189.0,36.35,24.3
45,18.9,33.9,0.2,5.7,6.8,44.0,138.0,36.29,28.9
45,24.9,29.1,1.83,8.6,1.8,17.0,49.0,36.05,28.8
22,18.5,33.7,0.2,5.6,9.0,23.0,43.0,36.24,29.3
26,25.6,26.2,1.03,6.9,4.5,13.0,140.0,37.11,25.7
21,23.7,34.3,0.62,6.0,3.8,50.0,176.0,36.65,29.6
49,17.5,31.0,1.42,7.7,5.2,55.0,151.0,36.98,27.8
44,28.3,30.3,0.26,6.7,4.5,35.0,37.0,36.71,28.3
39,20.9,29.2,2.12,6.5,8.8,18.0,172.0,36.31,28.3
48,20.6,27.7,2.85,8.0,9.4,67.0,154.0,36.4,25.5
34,24.6,32.3,0.32,7.1,3.7,20.0,34.0,36.65,30.0
26,28.3,28.9,0.2,7.7,8.8,0.0,57.0,36.61,28.0
18,19.8,22.2,0.28,6.0,8.0,44.0,175.0,36.36,21.7
38,24.0,24.9,3.77,5.6,9.4,13.0,101.0,36.12,25.8
37,25.5,27.9,1.35,7.2,3.2,55.0,247.0,37.3,25.0
30,26.5,29.5,1.13,6.7,6.2,27.0,160.0,36.46,26.8
45,24.5,28.3,0.2,7.8,3.5,47.0,81.0,36.42,26.7
33,22.4,32.4,1.89,7.0,8.4,63.0,119.0,36.53,29.0
46,20.6,22.3,3.64,7.3,1.0,11.0,125.0,36.44,22.7
30,24.1,29.0,3.17,5.3,6.1,24.0,62.0,36.53,27.1
31,19.6,22.7,1.77,9.2,4.1,33.0,47.0,36.82,22.4
20,17.5,30.9,0.2,6.9,3.9,66.0,176.0,36.47,28.8
46,25.5,28.2,0.21,7.9,6.8,22.0,188.0,36.21,26.1
23,27.3,29.8,0.2,6.2,8.7,23.0,168.0,36.46,27.9
35,17.5,25.7,0.54,7.4,6.5,45.0,241.0,36.38,25.5
36,19.9,32.6,0.26,5.7,8.7,23.0,77.0,36.86,30.2
49,26.2,31.8,0.54,7.6,3.4,38.0,254.0,36.79,29.5
22,31.8,30.4,0.88,6.7,5.7,4.0,48.0,36.53,27.0
32,23.9,28.1,5.16,7.1,5.1,79.0,39.0,36.18,27.1
42,21.0,30.4,1.7,7.9,1.1,8.0,0.0,36.19,27.2
19,23.1,26.2,3.24,5.7,6.0,29.0,84.0,36.5,24.0
27,29.2,31.2,2.23,6.3,7.0,34.0,80.0,36.58,28.5
41,21.3,33.8,0.21,7.6,6.3,73.0,162.0,36.41,29.4
47,20.7,31.9,2.4,9.4,7.6,9.0,140.0,36.38,30.1
35,21.9,26.2,0.58,6.9,6.1,75.0,25.0,36.35,25.5
44,20.1,29.7,1.83,7.8,1.6,50.0,89.0,36.49,25.9
30,24.3,24.4,0.75,7.0,2.0,43.0,90.0,35.9,23.0
22,30.1,30.3,8.5,9.2,6.4,15.0,0.0,36.22,27.5
40,25.1,29.9,0.55,5.2,3.5,46.0,42.0,36.34,27.0
41,22.8,22.5,0.59,7.2,1.7,21.0,58.0,36.8,22.7
18,22.7,24.8,4.8,5.3,4.9,60.0,235.0,36.3,24.0
39,17.7,27.6,0.2,4.3,6.0,16.0,135.0,36.55,25.2
18,27.2,27.5,2.15,7.4,4.0,33.0,173.0,36.56,27.0
35,23.5,24.6,2.33,7.3,7.5,24.0,0.0,36.82,22.5
49,23.1,29.7,3.26,6.8,6.8,15.0,216.0,36.82,28.6
32,36.3,29.3,6.6,7.0,4.0,50.0,224.0,36.49,27.3
34,25.0,27.9,6.68,10.0,7.8,46.0,0.0,36.38,27.0
28,20.9,26.1,0.2,6.8,6.8,59.0,64.0,36.33,24.4
38,22.1,31.9,3.11,7.7,6.7,0.0,160.0,36.44,30.3
43,28.3,33.8,1.87,6.4,6.0,56.0,172.0,36.39,29.4
48,24.2,27.0,1.88,7.4,1.1,85.0,66.0,36.64,25.6
42,18.2,26.5,0.25,6.8,7.3,26.0,96.0,36.61,25.9
39,27.4,30.1,1.89,6.6,4.4,73.0,72.0,36.65,26.5
44,21.2,27.4,7.28,9.1,9.5,30.0,129.0,36.81,26.0
44,31.1,28.1,4.37,8.4,8.4,8.0,216.0,36.97,26.9
34,28.0,30.9,1.04,7.3,6.3,29.0,58.0,36.53,27.5
30,22.1,22.4,0.2,4.6,3.3,56.0,200.0,36.77,21.4
18,28.8,32.7,0.81,6.7,2.8,18.0,57.0,36.41,29.2
19,24.1,28.7,3.15,10.0,4.1,23.0,52.0,36.8,27.4
26,27.1,27.2,2.18,6.8,5.3,47.0,185.0,36.77,25.5
20,25.7,28.2,1.11,8.3,3.7,35.0,194.0,36.75,27.2
48,20.5,28.4,0.2,8.7,5.6,47.0,188.0,36.52,25.6
18,21.3,23.0,1.0,7.3,2.5,40.0,15.0,36.33,21.7
38,27.8,33.3,1.14,6.2,9.8,45.0,83.0,36.15,31.8
33,22.5,28.6,4.75,4.4,2.0,26.0,186.0,36.49,26.3
40,22.2,29.9,1.84,7.9,9.4,40.0,123.0,36.88,26.9
23,20.1,31.5,0.67,6.2,9.2,16.0,34.0,36.42,27.6
45,25.5,25.2,1.34,7.3,5.7,61.0,157.0,36.7,25.2
34,31.8,30.0,0.2,5.7,7.5,22.0,63.0,36.71,27.5
22,19.6,27.6,6.47,6.8,4.9,58.0,264.0,36.43,26.3
48,23.9,31.2,0.8,7.1,6.7,30.0,244.0,36.83,28.3
22,29.3,21.7,1.17,7.4,4.1,39.0,168.0,35.9,22.6
23,23.5,28.2,0.79,5.9,3.7,25.0,229.0,36.19,26.0
20,25.6,26.6,2.07,8.4,6.2,15.0,125.0,36.27,27.2
38,19.7,29.9,1.95,6.4,5.5,0.0,181.0,36.3,27.7
40,25.5,30.0,2.26,5.3,6.2,14.0,238.0,36.58,28.4
22,23.1,26.2,0.56,7.0,3.6,29.0,140.0,36.57,25.6
38,27.6,26.2,0.68,7.1,4.3,39.0,100.0,36.6,24.9
22,28.4,28.1,0.24,7.3,1.8,55.0,0.0,36.65,25.8
27,33.9,25.6,1.92,8.6,1.5,26.0,113.0,36.26,25.0
27,26.1,31.2,0.2,6.8,3.3,17.0,186.0,36.2,28.8
36,25.1,27.3,1.64,7.0,1.7,6.0,196.0,36.6,25.3
34,24.6,21.0,3.67,5.9,1.9,45.0,160.0,36.34,21.5
38,22.4,27.3,3.99,8.0,8.3,63.0,77.0,36.11,27.3
31,25.1,25.2,1.07,7.3,1.3,60.0,0.0,36.74,25.9
26,22.6,23.3,1.11,6.6,6.9,49.0,80.0,36.85,23.6
31,24.5,24.5,0.2,5.0,3.5,48.0,96.0,36.89,25.0
18,28.9,28.9,2.0,8.7,8.8,69.0,95.0,36.55,26.7
36,19.9,32.8,3.1,5.7,5.4,42.0,169.0,36.66,30.1
30,28.2,29.5,0.51,6.4,3.8,48.0,279.0,36.84,28.3
30,28.9,26.6,0.98,7.5,5.7,29.0,130.0,36.34,24.5
21,23.3,30.0,3.29,5.8,4.4,8.0,103.0,36.78,27.3
47,17.5,27.0,3.77,5.5,6.1,21.0,99.0,36.57,27.0
18,21.4,26.3,0.5,4.8,2.0,35.0,130.0,36.73,24.0
34,28.9,24.8,1.44,7.9,10.0,36.0,54.0,36.55,23.3
25,23.7,22.9,0.38,6.5,4.8,74.0,130.0,36.82,23.8
49,19.9,27.3,0.2,10.0,4.1,37.0,156.0,36.56,26.6
19,21.8,29.0,4.36,6.0,7.4,59.0,137.0,36.13,27.9
45,27.1,28.2,3.09,6.1,4.3,26.0,157.0,36.86,26.5
48,25.9,27.2,2.57,6.5,8.5,29.0,155.0,36.26,25.8
25,22.9,25.5,0.2,7.4,5.1,8.0,0.0,36.81,24.6
24,22.4,30.4,3.34,6.6,7.5,20.0,171.0,36.48,29.7
43,22.3,24.3,1.04,7.8,2.0,46.0,66.0,36.79,23.8
43,20.2,31.0,0.75,6.0,8.6,35.0,32.0,36.78,30.3
19,30.1,25.3,1.42,5.6,7.6,54.0,32.0,36.61,23.9
39,22.5,26.1,0.2,5.1,2.9,39.0,155.0,36.63,24.6
39,28.5,23.8,2.54,4.7,2.3,28.0,102.0,36.61,23.0
20,29.7,26.9,1.57,6.5,3.8,78.0,0.0,36.0,24.6
44,27.7,31.6,0.37,6.8,9.8,33.0,158.0,36.53,28.9
35,22.1,30.2,0.38,6.4,3.3,58.0,5.0,36.22,28.0
29,25.4,31.6,0.37,8.5,5.1,27.0,131.0,36.54,29.1
18,23.7,30.2,0.2,8.5,1.3,49.0,139.0,36.21,29.4
39,20.3,25.0,1.6,6.7,4.6,54.0,191.0,36.2,24.5
29,25.1,27.4,3.3,5.1,6.1,39.0,263.0,36.9,26.8
22,19.2,26.0,0.2,6.5,9.6,0.0,11.0,36.77,25.1
47,28.4,32.8,0.2,6.4,5.7,35.0,116.0,36.5,30.8
47,22.0,24.7,1.53,6.4,8.4,60.0,98.0,36.55,26.2
44,24.6,31.4,3.08,6.3,5.9,46.0,155.0,36.44,29.2
42,24.9,31.4,0.71,6.4,1.4,44.0,137.0,36.64,27.7
34,22.8,34.4,0.77,6.7,3.8,1.0,92.0,36.33,30.2
33,26.1,27.2,1.63,6.4,6.2,21.0,85.0,36.75,25.9
48,21.9,30.8,0.58,7.3,9.6,43.0,31.0,36.44,28.8
32,27.2,35.8,0.2,7.5,8.7,43.0,199.0,36.4,32.5
40,18.6,26.5,2.39,6.1,3.1,59.0,157.0,36.51,25.7
32,24.3,23.6,1.77,8.5,3.0,32.0,193.0,36.35,23.2
22,31.4,22.5,1.56,6.0,2.8,43.0,95.0,36.58,22.0
38,19.9,30.8,2.44,5.3,9.3,35.0,67.0,36.37,28.8
31,21.2,22.5,2.02,7.5,8.7,15.0,34.0,36.62,24.2
19,25.8,27.3,0.41,6.2,8.0,0.0,149.0,36.8,26.8
28,24.5,29.9,0.78,7.5,4.5,44.0,37.0,36.32,27.9
36,25.2,29.1,0.24,4.5,5.5,38.0,268.0,36.47,27.6
24,25.7,29.9,0.25,8.6,5.2,23.0,15.0,36.62,27.1
23,26.3,29.2,2.03,7.8,3.3,3.0,142.0,36.39,26.7
49,28.1,32.6,3.52,5.4,5.5,48.0,245.0,36.62,28.9
45,25.4,25.5,5.92,5.5,1.3,30.0,168.0,36.64,24.7
19,22.9,26.3,1.78,8.9,2.2,46.0,134.0,36.77,24.8
23,26.4,26.0,0.37,6.3,9.0,72.0,43.0,36.35,26.1
35,31.2,31.2,0.2,6.2,7.8,0.0,9.0,36.26,28.4
19,23.3,31.4,3.02,4.6,4.8,21.0,182.0,36.42,28.0
35,20.0,29.9,1.56,6.7,5.7,31.0,240.0,36.26,29.2
47,28.1,32.3,1.73,6.8,4.3,64.0,85.0,36.64,28.9
32,23.3,24.7,2.74,7.9,7.7,2.0,29.0,36.21,24.5
44,17.5,33.8,2.19,5.6,8.1,74.0,0.0,37.08,30.9
36,27.1,33.4,3.24,5.4,7.9,38.0,42.0,36.82,29.5
48,21.7,30.9,0.2,7.6,7.5,33.0,111.0,36.5,29.4
19,23.4,34.2,2.48,8.2,2.8,31.0,248.0,36.72,31.2
37,25.1,23.2,3.43,5.4,4.0,26.0,174.0,36.09,24.2
42,24.5,26.8,0.61,8.3,5.2,56.0,144.0,37.13,24.8
23,26.6,26.1,1.84,7.1,4.0,14.0,88.0,36.35,25.1
18,22.1,30.8,0.68,8.3,7.8,42.0,73.0,36.47,28.5
41,25.8,25.1,5.7,7.0,4.0,27.0,232.0,36.04,24.9
32,22.8,30.9,0.2,4.3,2.2,20.0,136.0,36.62,26.9
45,26.7,32.9,1.56,6.9,4.6,87.0,0.0,36.22,29.8
47,26.2,30.7,0.33,8.3,9.8,43.0,66.0,36.53,27.2
40,20.2,29.4,2.24,6.1,3.0,47.0,51.0,36.36,27.6
27,28.0,25.3,0.35,6.7,6.5,58.0,76.0,36.23,22.6
36,21.7,25.8,0.48,6.9,4.9,7.0,165.0,36.3,23.1
34,27.0,32.5,1.23,4.0,1.6,70.0,111.0,36.56,29.9
22,25.2,31.0,4.43,8.9,5.4,0.0,114.0,36.18,28.2
46,31.0,28.4,0.43,6.1,7.3,20.0,225.0,36.31,26.0
21,22.9,27.2,0.28,7.7,5.6,26.0,64.0,36.67,26.6
27,22.4,22.0,2.56,7.0,8.8,47.0,269.0,37.15,22.8
41,23.7,25.1,1.25,8.5,3.6,39.0,66.0,36.62,24.9
34,22.6,34.6,4.37,7.5,1.8,32.0,127.0,36.27,31.0
27,26.9,24.4,0.29,6.8,9.4,35.0,98.0,36.41,26.1
34,17.5,29.1,1.87,6.1,4.4,15.0,130.0,36.51,26.6
45,19.7,31.7,0.48,8.0,6.2,5.0,156.0,36.41,30.1
37,19.6,24.5,0.31,5.0,8.1,50.0,155.0,36.73,23.8
41,27.5,29.1,2.07,7.8,3.9,49.0,60.0,36.55,25.7
22,30.5,31.5,1.62,5.9,7.4,67.0,30.0,36.73,29.4
19,23.4,28.5,2.53,8.5,2.2,19.0,320.0,36.42,27.0
23,23.1,37.7,0.67,7.3,3.6,49.0,81.0,36.83,32.1
38,24.1,23.2,1.07,7.8,2.3,29.0,176.0,36.46,22.1
19,28.3,31.9,0.94,7.2,8.3,59.0,0.0,36.26,29.2
30,20.2,27.9,7.45,5.2,3.0,55.0,98.0,37.04,26.9
47,24.7,31.0,0.62,6.2,7.5,39.0,110.0,36.04,26.6
28,27.6,29.9,0.63,7.8,9.5,28.0,158.0,36.32,28.7
28,25.8,26.2,0.79,7.3,5.7,54.0,0.0,36.34,24.5
33,24.5,29.2,1.5,8.4,5.9,48.0,133.0,37.13,26.0
28,27.7,22.6,0.52,7.5,5.1,21.0,28.0,36.95,23.1
36,17.5,30.4,4.44,6.0,3.9,8.0,146.0,36.87,28.2
32,26.4,29.5,0.56,6.2,5.3,29.0,37.0,36.42,28.1
42,21.2,30.5,4.07,7.2,6.4,65.0,52.0,37.11,28.6
40,17.5,31.9,0.2,4.6,9.9,58.0,98.0,36.59,29.0
40,25.8,29.7,1.92,8.9,9.4,13.0,36.0,36.74,27.7
33,29.2,29.0,4.28,7.6,8.8,12.0,82.0,36.54,27.9
48,23.3,25.7,0.33,8.4,9.0,60.0,25.0,36.49,24.5
28,27.5,26.2,6.21,5.4,5.2,12.0,0.0,36.44,24.6
39,30.1,32.3,1.09,8.5,6.9,45.0,201.0,36.45,29.8
33,28.9,33.1,5.24,9.6,9.1,23.0,16.0,36.65,30.4
25,30.2,27.7,2.03,5.6,4.5,67.0,106.0,36.59,26.1
21,26.7,28.6,0.65,7.9,9.7,20.0,180.0,36.49,27.8
25,24.1,25.6,0.38,7.1,4.7,58.0,71.0,36.88,24.4
21,17.6,32.3,0.65,5.4,6.4,39.0,54.0,35.9,29.0
41,22.8,30.6,0.2,7.6,7.4,40.0,138.0,36.63,27.8
42,20.5,34.7,0.28,8.0,9.6,0.0,209.0,36.68,31.5
20,32.3,25.7,0.2,6.4,3.2,0.0,26.0,36.79,24.9
49,23.1,27.3,0.99,8.4,7.7,31.0,108.0,36.48,26.8
20,24.3,29.2,2.86,5.3,5.7,40.0,0.0,36.55,26.6
44,26.0,30.6,0.27,5.5,3.4,12.0,89.0,36.75,27.4
46,24.0,27.8,0.25,7.3,8.0,13.0,123.0,36.87,27.0
49,30.4,25.7,1.86,7.1,6.0,46.0,52.0,36.42,25.0
35,21.4,31.3,0.4,6.3,6.9,46.0,83.0,36.57,27.7
46,24.6,30.8,0.2,8.0,3.9,32.0,7.0,36.92,29.1
43,20.9,25.6,0.33,7.7,5.3,51.0,126.0,35.97,23.1
36,18.7,32.8,4.63,8.0,6.6,12.0,204.0,36.33,30.6
36,21.4,32.2,3.1,7.0,4.6,28.0,32.0,36.87,28.4
38,23.7,28.9,0.79,7.8,2.8,68.0,70.0,36.77,28.3
22,22.1,28.8,1.92,6.6,9.7,36.0,160.0,36.63,25.9
35,21.1,30.3,1.39,9.4,5.6,38.0,217.0,36.39,28.8
45,18.3,25.7,2.03,6.2,7.6,81.0,1.0,36.28,25.0
27,23.5,28.6,2.07,9.4,4.7,7.0,106.0,36.35,26.4
46,17.9,21.6,1.78,7.1,4.2,51.0,143.0,36.89,22.0
39,26.8,31.3,0.56,5.6,4.7,68.0,112.0,36.34,28.8
38,24.1,23.5,0.2,8.6,4.7,29.0,0.0,36.53,22.2
23,18.1,33.3,1.09,7.2,5.9,52.0,160.0,36.31,29.3
18,22.6,27.4,3.99,8.0,5.9,15.0,242.0,36.71,26.6
22,20.9,27.8,1.52,8.4,5.5,21.0,129.0,36.37,24.8
26,25.0,26.5,3.22,7.5,2.2,43.0,38.0,36.48,24.9
29,29.0,27.6,8.5,6.4,5.5,51.0,79.0,36.08,29.1
43,17.5,33.0,0.32,8.2,2.5,57.0,262.0,36.1,28.9
31,24.2,21.0,2.12,7.1,2.1,66.0,193.0,36.5,22.3
19,23.2,32.6,2.02,7.9,9.4,34.0,171.0,36.17,29.4
34,26.4,29.6,7.04,4.7,6.4,59.0,149.0,37.03,28.2
31,24.6,24.6,7.63,7.6,6.9,28.0,67.0,35.98,25.0
43,20.9,25.1,2.09,6.4,4.6,53.0,104.0,36.3,25.2
30,22.6,33.9,0.5,8.9,9.2,39.0,114.0,36.5,30.4
44,20.7,25.5,2.88,7.8,6.7,44.0,164.0,36.41,26.2
26,28.0,24.8,0.2,7.4,7.9,43.0,241.0,36.22,23.7
43,23.9,32.1,2.73,7.6,4.3,3.0,209.0,36.26,29.5
42,31.2,29.6,4.34,6.0,9.6,13.0,6.0,36.25,28.3
32,23.6,25.5,0.87,8.9,8.4,37.0,138.0,36.43,23.9
42,21.0,29.2,1.79,9.3,8.7,1.0,179.0,36.99,27.2
39,17.9,25.2,1.01,7.5,2.5,52.0,170.0,36.52,24.4
32,17.5,32.0,1.04,8.8,3.4,52.0,70.0,36.8,28.7
41,17.6,31.9,0.67,6.5,3.6,42.0,353.0,36.63,30.8
47,24.8,30.2,2.58,6.2,3.4,13.0,18.0,36.78,27.2
28,25.8,29.7,4.95,7.1,8.7,63.0,33.0,35.9,29.0
48,17.6,34.1,5.09,7.6,1.3,76.0,139.0,36.42,31.6
33,27.3,28.5,0.35,6.7,1.7,38.0,289.0,36.83,26.5
46,21.9,24.7,3.74,7.7,3.5,45.0,53.0,36.36,23.5
34,24.4,29.9,2.41,7.4,2.8,39.0,99.0,36.94,27.1
43,30.1,35.2,0.52,6.0,3.1,46.0,206.0,36.87,30.9
21,27.3,25.3,0.2,7.7,8.2,33.0,119.0,36.38,23.1
18,22.8,27.3,0.56,8.0,6.1,34.0,93.0,36.37,24.9
25,20.3,29.8,4.38,7.3,1.1,53.0,165.0,36.25,26.6
34,17.5,28.3,1.81,8.4,4.9,82.0,142.0,36.34,27.6
20,21.0,25.4,2.3,5.8,4.7,7.0,202.0,36.19,24.8
46,23.0,32.1,0.54,7.6,2.0,33.0,223.0,36.61,29.6
37,19.9,35.9,2.29,5.8,7.1,11.0,145.0,36.14,32.5
32,23.3,29.1,0.2,5.9,7.3,67.0,143.0,36.65,27.2
32,24.1,25.6,0.85,6.4,7.5,23.0,137.0,36.66,26.0
48,22.9,23.5,1.77,6.1,7.6,6.0,159.0,36.08,23.0
41,21.3,29.3,0.28,6.5,1.0,48.0,124.0,36.89,27.1
39,24.5,32.0,3.12,6.9,9.6,70.0,120.0,36.63,30.2
31,25.5,30.0,0.48,8.0,8.3,48.0,216.0,36.69,26.8
43,19.5,28.5,1.9,6.7,9.1,39.0,241.0,36.31,29.4
45,29.3,26.6,0.94,5.4,1.1,43.0,0.0,36.66,25.1
40,23.4,25.0,1.63,8.4,9.4,63.0,121.0,36.78,24.6
31,23.9,31.2,0.2,6.2,8.3,18.0,65.0,36.48,29.7
41,26.6,31.4,0.2,7.0,8.5,33.0,95.0,37.0,29.6
19,24.7,23.6,4.33,7.6,1.8,26.0,152.0,36.51,23.5
30,27.5,33.6,0.57,7.3,7.6,12.0,174.0,36.79,30.5
43,24.9,30.3,3.08,8.3,9.6,28.0,111.0,36.57,27.2
31,21.4,33.0,8.5,7.6,7.1,57.0,0.0,36.65,30.3
44,25.2,24.2,0.43,6.2,6.1,46.0,43.0,36.08,23.9
41,19.3,24.1,0.55,9.5,9.5,48.0,192.0,36.59,24.1
36,24.2,28.0,1.96,7.3,5.0,38.0,0.0,36.32,27.3
24,23.7,30.1,6.06,6.9,6.4,45.0,215.0,36.29,28.1
20,23.0,34.2,4.45,8.2,5.3,19.0,162.0,36.94,29.8
32,23.3,30.8,1.26,7.4,9.4,29.0,225.0,36.45,29.3
40,17.5,27.7,2.85,7.5,1.7,39.0,104.0,36.25,27.3
31,21.7,25.2,0.26,9.8,5.5,41.0,0.0,36.41,24.9
28,24.2,32.4,6.82,6.8,7.2,41.0,154.0,36.17,30.1
32,24.4,25.4,6.0,6.8,8.1,32.0,222.0,36.86,26.1
45,19.8,33.7,0.32,7.2,6.2,27.0,194.0,36.33,32.9
30,28.7,27.6,0.64,8.3,9.2,98.0,67.0,36.63,26.3
35,20.4,33.6,0.2,5.4,9.5,53.0,127.0,36.84,29.2
43,27.6,30.7,0.57,4.9,1.6,43.0,77.0,36.37,27.4
23,25.5,28.1,3.05,6.5,4.6,30.0,54.0,36.63,26.9
20,21.3,26.8,0.86,5.3,1.2,26.0,196.0,36.24,23.9
36,30.7,27.4,0.2,6.6,4.0,32.0,24.0,37.11,25.9
32,19.1,29.9,0.75,7.7,5.8,41.0,48.0,36.73,27.8
49,27.4,28.7,7.17,6.1,9.2,0.0,32.0,36.45,28.9
42,27.7,26.6,1.79,5.5,8.6,4.0,1.0,36.31,26.5
40,21.2,28.0,0.97,7.2,2.1,22.0,132.0,36.47,26.9
22,29.2,28.8,0.33,8.0,1.8,39.0,213.0,36.42,24.9
45,22.8,21.7,7.71,5.2,6.3,30.0,105.0,36.99,23.0
27,24.9,30.0,3.1,8.0,5.8,65.0,0.0,36.19,28.4
24,24.8,25.4,0.6,8.0,3.4,5.0,187.0,36.53,24.5
42,23.3,24.8,0.2,8.1,9.1,20.0,255.0,36.5,22.8
34,27.0,23.1,0.2,8.4,9.3,65.0,68.0,36.47,22.4
24,26.9,22.8,0.23,9.5,4.6,38.0,82.0,36.47,21.5
39,17.5,24.2,1.56,6.7,9.0,53.0,161.0,36.47,22.3
43,28.9,26.2,4.76,7.2,4.5,76.0,250.0,36.72,25.3
47,17.5,34.8,1.24,6.6,7.6,21.0,78.0,36.65,30.6
29,27.8,26.8,3.33,7.1,5.3,33.0,13.0,36.6,27.7
42,28.2,29.1,1.06,8.8,2.1,30.0,171.0,35.9,26.8
34,19.5,29.8,2.22,5.6,9.4,0.0,184.0,36.57,28.8
30,22.2,28.9,2.37,6.2,5.1,29.0,120.0,36.09,25.7
37,19.5,28.3,0.34,8.6,7.6,53.0,75.0,36.66,26.2
42,23.0,24.7,0.81,8.2,4.3,46.0,200.0,36.87,23.9
21,22.6,33.1,1.83,6.7,1.2,47.0,162.0,36.27,29.2
27,26.8,34.3,0.2,8.0,1.9,27.0,59.0,36.43,30.2
20,28.9,23.1,0.81,7.5,5.5,22.0,124.0,36.35,22.6
26,29.2,25.2,1.38,8.8,7.2,60.0,12.0,36.81,24.4
30,21.6,27.6,8.5,7.2,4.0,25.0,175.0,36.52,28.2
35,23.0,25.4,1.16,8.2,7.3,41.0,99.0,36.93,25.0
32,17.5,30.1,3.05,10.0,7.3,38.0,85.0,36.6,28.6
21,20.7,26.2,1.02,7.8,7.3,64.0,117.0,36.56,25.7
32,27.6,35.4,2.86,7.2,5.4,54.0,123.0,36.52,32.1
39,30.1,32.3,1.63,7.9,9.2,9.0,192.0,36.7,29.6
19,19.0,29.2,3.92,6.7,5.4,11.0,167.0,36.07,27.1
32,21.5,31.8,0.95,9.7,5.1,47.0,107.0,36.52,29.0
25,23.7,32.0,1.67,7.3,2.8,34.0,181.0,36.48,30.0
25,24.9,26.7,1.79,6.8,3.8,26.0,152.0,36.68,26.3
34,20.6,25.9,0.97,6.2,1.4,55.0,86.0,36.45,24.5
29,25.5,28.8,0.28,8.3,6.7,39.0,110.0,36.24,27.3
36,22.0,31.3,0.2,8.1,3.2,36.0,108.0,36.5,28.2
27,23.7,28.9,0.2,6.6,3.7,51.0,160.0,36.23,26.8
26,25.9,23.5,3.72,7.7,7.9,27.0,91.0,36.02,23.2
22,23.8,25.9,0.49,5.4,3.9,66.0,89.0,36.68,24.4
23,22.1,28.3,0.43,7.3,3.2,19.0,278.0,36.64,27.4
37,23.4,28.3,2.4,7.6,2.5,48.0,195.0,36.62,26.6
43,23.5,34.8,0.69,9.0,8.0,64.0,59.0,36.83,31.4
49,22.4,24.1,1.27,6.3,2.2,7.0,166.0,36.33,22.3
19,22.8,30.1,0.32,5.7,5.1,28.0,129.0,36.14,27.2
44,30.0,33.3,5.78,6.1,5.6,58.0,151.0,36.48,30.3
41,26.0,35.8,3.43,5.6,7.2,58.0,131.0,36.41,31.4
44,22.6,27.2,3.59,8.6,6.7,32.0,215.0,36.29,25.9
30,26.5,30.1,0.94,8.8,8.3,20.0,148.0,36.48,27.6
23,22.5,30.3,2.59,7.5,1.4,54.0,115.0,36.35,28.0
22,28.4,29.1,0.28,8.4,3.7,59.0,203.0,36.04,27.0
42,25.2,28.2,0.2,7.2,3.5,12.0,139.0,36.39,25.5
18,23.4,29.9,0.2,7.0,2.3,11.0,130.0,36.22,27.1
38,25.5,21.0,1.59,6.7,3.6,40.0,145.0,36.56,21.4
39,17.7,30.7,1.09,6.8,3.8,48.0,113.0,36.34,29.0
38,19.4,28.9,1.31,5.4,5.7,29.0,121.0,36.78,26.9
23,19.1,27.8,0.2,7.4,7.0,49.0,73.0,36.9,25.4
23,24.4,35.0,0.99,7.1,4.4,21.0,60.0,36.67,31.5
40,30.6,26.3,2.28,7.9,7.5,0.0,40.0,36.11,27.0
33,32.5,27.2,1.05,7.2,4.0,27.0,9.0,36.88,26.5
21,26.3,34.9,2.37,6.9,3.6,36.0,50.0,36.89,31.6
47,25.8,25.8,0.48,6.1,5.9,29.0,106.0,36.5,25.2
28,17.5,26.7,3.02,7.2,1.2,12.0,128.0,36.83,26.7
47,21.7,28.0,1.6,7.9,1.7,0.0,98.0,36.36,27.1
47,20.7,31.2,0.43,5.8,4.8,25.0,0.0,36.03,28.7
47,21.4,29.2,0.49,7.2,9.5,53.0,246.0,36.31,28.1
48,23.1,24.4,1.78,7.4,7.5,60.0,207.0,36.93,23.2
41,22.0,26.8,3.19,6.3,1.8,59.0,156.0,36.13,24.4
40,17.5,26.6,0.97,6.5,8.6,19.0,273.0,36.5,25.6
26,26.7,28.3,0.54,7.4,7.6,12.0,42.0,36.51,26.7
40,19.6,29.9,3.63,5.9,6.5,45.0,271.0,36.37,27.2
20,24.7,29.8,1.99,7.5,8.4,48.0,43.0,36.39,28.6
36,31.9,22.8,1.07,6.1,4.6,43.0,139.0,36.52,21.2
48,20.2,31.9,1.2,8.3,3.0,0.0,18.0,36.36,28.5
25,17.5,29.3,0.41,9.7,5.6,18.0,121.0,36.14,26.7
22,22.7,32.9,1.77,6.2,5.9,34.0,151.0,36.55,28.4
21,28.1,29.9,0.8,7.7,5.8,45.0,108.0,36.77,28.7
41,31.4,32.0,8.5,6.3,6.1,50.0,177.0,36.72,28.8
48,19.0,30.0,1.18,8.2,9.5,38.0,128.0,36.3,27.5
23,25.7,32.8,1.2,5.7,9.1,42.0,78.0,36.19,30.5
19,22.0,30.2,1.5,7.6,8.9,37.0,75.0,36.43,28.6
37,23.4,28.2,4.47,6.1,8.2,49.0,185.0,36.89,26.1
45,34.1,35.8,2.9,6.9,9.5,41.0,68.0,36.66,32.8
28,17.9,31.3,1.08,6.0,1.9,36.0,193.0,36.68,28.6
21,24.8,30.3,2.28,8.0,3.4,30.0,218.0,36.72,29.8
32,25.6,24.4,1.59,6.2,5.5,37.0,0.0,36.61,24.1
23,28.0,24.4,1.22,7.7,8.6,45.0,211.0,36.53,23.9
39,24.2,29.4,0.38,6.7,5.5,40.0,285.0,36.67,26.5
34,25.0,29.0,1.12,7.0,7.7,43.0,140.0,36.36,26.6
47,22.3,26.5,0.51,7.3,2.3,62.0,168.0,36.15,24.5
41,24.8,29.0,4.43,6.3,3.3,40.0,203.0,36.68,28.3
23,22.5,33.6,0.74,7.3,7.6,22.0,98.0,36.81,30.4
36,26.2,30.7,5.48,8.8,2.5,53.0,135.0,36.22,29.0
47,22.4,24.8,1.37,6.2,4.2,8.0,15.0,36.71,25.2
42,25.3,28.1,1.8,8.4,3.4,13.0,131.0,36.92,24.5
19,23.7,25.9,1.41,8.7,4.1,42.0,160.0,36.5,25.8
32,28.2,27.3,0.25,6.2,7.4,45.0,161.0,36.3,26.0
28,23.6,27.2,0.85,5.5,4.3,10.0,205.0,36.53,25.8
25,17.5,27.0,0.2,7.4,6.0,27.0,58.0,36.36,24.7
43,28.7,24.5,1.76,6.5,1.9,23.0,77.0,36.35,23.2
36,20.3,28.1,1.07,9.2,8.2,25.0,272.0,36.61,27.0
30,21.3,26.7,2.71,7.1,4.3,54.0,108.0,36.1,27.4
29,21.5,21.0,0.45,6.2,6.8,49.0,136.0,36.14,22.0
22,29.2,35.1,0.32,5.8,7.5,35.0,115.0,36.5,32.3
23,17.5,32.0,0.94,8.3,2.9,24.0,54.0,36.49,28.8
43,36.0,27.3,4.7,6.5,9.0,8.0,250.0,36.59,26.0
39,27.9,28.6,2.23,7.1,6.5,63.0,78.0,36.97,26.1
21,24.7,24.8,0.98,8.2,4.9,47.0,30.0,36.53,23.5
36,23.6,33.9,1.31,6.6,2.6,21.0,84.0,36.65,28.7
37,24.9,34.6,0.2,7.0,9.5,49.0,0.0,36.26,30.5
18,25.8,29.0,7.51,7.1,7.8,34.0,68.0,36.69,27.4
37,26.3,31.8,1.98,7.9,2.9,29.0,43.0,36.37,28.8
34,26.0,29.1,0.6,7.7,4.0,44.0,169.0,36.52,27.0
29,24.1,24.2,1.59,6.9,8.3,20.0,66.0,36.47,24.2
32,23.0,27.2,0.21,7.2,7.3,28.0,191.0,36.76,25.9
18,23.2,28.9,6.08,6.7,7.9,37.0,232.0,36.17,27.2
43,23.0,27.0,0.35,5.5,5.0,25.0,182.0,35.93,23.7
31,28.2,27.8,1.88,7.4,7.4,48.0,103.0,36.45,26.0
49,26.1,28.2,0.51,9.2,4.5,72.0,131.0,36.62,25.5
23,17.5,28.2,2.28,6.1,2.9,20.0,0.0,36.54,26.9
22,26.4,28.7,2.7,6.2,6.7,2.0,109.0,36.81,27.6
47,24.6,25.1,2.01,6.1,9.8,0.0,51.0,36.61,25.4
28,23.7,26.2,1.72,7.9,3.8,32.0,176.0,36.36,25.6
48,22.3,24.4,4.01,7.6,5.1,22.0,326.0,35.92,23.9
21,28.2,31.6,0.2,6.9,7.1,39.0,160.0,36.44,28.6
30,27.5,21.8,0.72,6.1,5.9,38.0,0.0,36.76,21.2
28,20.8,32.2,0.51,7.2,8.6,3.0,91.0,36.4,28.2
20,25.4,32.9,7.96,5.4,7.9,0.0,130.0,36.51,31.3
18,20.0,27.5,0.89,7.3,1.5,41.0,127.0,36.61,25.7
23,18.4,21.0,2.37,8.1,10.0,38.0,62.0,36.25,21.0
35,21.4,27.3,2.08,5.7,7.8,26.0,140.0,36.66,25.4
41,27.2,28.3,0.43,5.4,8.8,2.0,21.0,36.91,25.8
27,27.5,25.3,0.49,8.8,6.9,44.0,44.0,36.46,24.3
22,25.8,26.9,0.59,6.4,8.7,60.0,172.0,36.22,26.5
40,26.6,33.4,0.95,8.3,2.0,41.0,39.0,36.48,29.7
27,25.8,30.6,0.48,6.9,4.1,18.0,163.0,35.94,26.2
29,21.3,25.5,0.2,6.9,8.9,36.0,10.0,36.58,24.6
19,25.5,23.4,3.81,7.6,2.8,8.0,261.0,36.61,23.1
30,26.9,27.5,6.07,6.1,1.7,56.0,58.0,36.92,26.1
25,26.7,27.8,0.75,7.2,8.1,37.0,102.0,36.45,25.9
19,28.4,30.1,0.74,6.7,8.5,0.0,146.0,36.6,28.1
37,26.6,26.8,0.2,5.6,2.5,29.0,75.0,36.28,25.2
18,25.2,30.1,2.05,7.5,8.7,44.0,131.0,36.41,28.1
48,28.0,34.7,3.14,6.8,7.2,28.0,166.0,36.12,31.8
22,23.7,31.1,0.29,6.9,5.7,29.0,197.0,36.45,28.0
26,20.4,28.3,0.31,5.8,8.5,11.0,183.0,36.42,26.2
34,23.2,27.9,2.81,8.9,4.8,46.0,106.0,36.57,27.4
26,20.9,27.4,1.72,8.1,2.7,22.0,108.0,36.34,26.3
28,21.2,32.3,0.2,8.2,3.6,0.0,308.0,36.52,29.8
32,23.2,26.5,1.75,6.8,5.5,28.0,196.0,36.42,26.2
41,20.7,28.6,0.67,5.2,5.8,55.0,46.0,36.42,26.9
23,22.6,28.7,0.83,9.2,8.3,27.0,128.0,36.52,27.7
40,17.5,26.9,2.64,7.0,8.1,70.0,93.0,36.51,24.7
20,24.6,24.1,3.0,6.3,6.2,44.0,109.0,36.69,23.8
47,23.8,29.5,0.92,7.6,8.0,42.0,22.0,36.47,27.4
48,20.6,28.3,5.29,8.4,2.7,32.0,87.0,36.41,28.2
34,26.4,30.1,0.94,7.1,1.5,34.0,265.0,36.45,28.4
22,27.5,26.8,2.66,8.5,8.9,30.0,166.0,36.32,25.3
47,17.5,32.4,1.19,8.3,1.7,29.0,0.0,36.41,29.6
45,20.8,25.7,4.1,5.9,3.2,46.0,217.0,37.01,24.9
29,20.8,34.0,4.29,6.4,7.3,16.0,207.0,36.27,31.4
35,20.1,22.9,0.2,8.2,4.7,13.0,91.0,36.43,21.7
31,27.0,29.9,4.96,4.1,8.9,13.0,177.0,36.4,28.4
38,23.0,30.0,3.14,6.9,3.7,76.0,51.0,36.44,27.6
41,22.8,26.0,2.82,5.5,1.1,46.0,82.0,36.42,25.0
28,17.5,29.9,0.4,6.6,3.7,41.0,240.0,36.57,26.9
26,26.3,32.6,2.94,6.8,6.2,14.0,98.0,36.07,29.1
19,19.0,21.4,3.42,6.7,4.4,47.0,0.0,36.76,22.8
29,24.0,30.1,0.61,6.5,5.8,33.0,115.0,36.66,26.8
20,24.9,21.0,5.48,5.9,8.9,39.0,114.0,36.19,21.1
20,29.1,25.4,0.2,9.6,9.2,15.0,216.0,35.93,24.6
18,18.7,33.7,0.29,9.2,3.4,38.0,121.0,36.26,29.5
25,17.5,26.6,1.39,5.8,5.2,27.0,86.0,36.44,24.4
49,24.5,24.7,1.54,8.8,5.9,20.0,204.0,37.15,24.1
39,30.8,27.9,1.86,6.7,9.5,50.0,130.0,36.64,25.4
45,28.6,35.1,0.2,7.2,10.0,4.0,60.0,36.05,30.6
49,24.6,22.6,5.81,7.0,3.1,46.0,212.0,36.33,24.6
46,21.9,25.1,0.2,6.4,7.5,49.0,135.0,36.49,24.8
25,26.9,33.3,0.28,8.2,4.4,17.0,120.0,36.56,29.2
28,20.0,34.4,0.2,7.2,1.1,19.0,134.0,36.17,31.0
26,25.7,28.2,1.51,6.6,1.1,31.0,34.0,36.47,26.8
22,25.8,24.5,4.85,5.7,5.1,41.0,78.0,36.32,24.8
31,27.9,35.2,1.97,6.1,5.4,32.0,120.0,36.22,31.2
45,34.6,33.6,3.11,5.3,1.2,44.0,104.0,36.56,31.1
47,25.3,30.7,0.2,7.1,7.2,70.0,222.0,36.69,26.7
20,21.8,25.9,1.41,5.8,3.6,25.0,137.0,36.71,23.8
38,23.7,28.3,1.11,6.8,6.0,1.0,188.0,36.64,26.6
22,17.5,28.0,1.24,8.6,3.7,52.0,121.0,36.38,26.5
22,21.1,29.6,0.2,8.4,2.5,69.0,205.0,36.68,26.5
36,22.2,33.1,2.08,7.1,4.7,43.0,152.0,36.58,30.1
44,21.8,31.3,1.26,7.0,3.1,13.0,121.0,36.53,28.0
31,24.4,25.1,2.61,9.2,5.8,33.0,119.0,36.35,24.1
43,20.6,32.9,1.2,7.7,2.8,13.0,44.0,36.38,30.5
47,28.2,29.5,0.29,6.7,5.6,48.0,161.0,36.52,27.9
21,23.8,30.7,1.88,5.5,2.4,8.0,117.0,37.11,27.2
42,23.8,33.2,0.34,7.5,7.0,29.0,80.0,36.58,29.3
30,22.5,24.9,3.71,8.0,7.8,15.0,209.0,36.35,24.3
27,24.4,28.4,1.71,6.4,2.0,38.0,20.0,36.29,26.5
42,27.0,26.8,0.31,7.4,5.2,28.0,86.0,36.38,24.8
35,20.4,23.5,5.9,6.7,1.6,39.0,202.0,37.04,24.4
25,21.2,29.6,1.32,6.9,6.4,35.0,145.0,36.4,27.6
25,22.6,36.5,0.2,4.4,3.4,15.0,116.0,36.73,32.3
24,18.6,22.6,1.77,6.9,5.7,48.0,140.0,36.41,21.5
25,20.6,28.4,0.53,8.2,5.7,34.0,134.0,36.57,27.4
31,21.9,30.5,2.93,6.4,9.3,15.0,0.0,36.7,26.3
49,27.2,28.9,3.06,7.2,5.9,80.0,92.0,36.36,27.7
36,24.8,28.1,6.95,6.3,6.2,45.0,249.0,36.34,27.6
46,24.6,24.3,1.25,7.5,4.6,32.0,67.0,36.91,23.3
23,27.1,29.2,1.09,6.9,9.5,63.0,95.0,36.75,28.4
18,23.3,26.1,2.52,6.1,8.0,72.0,77.0,36.7,25.3
40,25.3,21.5,0.26,8.6,3.6,32.0,113.0,36.7,21.6
48,23.4,32.3,1.43,8.1,8.6,42.0,73.0,36.61,29.9
32,24.8,31.6,1.42,6.4,4.9,15.0,159.0,37.0,31.3
18,21.5,28.7,0.2,7.6,8.5,32.0,136.0,36.51,28.0
42,17.5,29.2,0.97,7.7,8.4,31.0,182.0,36.64,28.0
34,23.3,31.9,3.45,7.8,2.7,39.0,36.0,36.14,28.5
18,29.3,29.2,3.49,5.2,7.3,42.0,93.0,36.29,27.6
32,27.4,31.4,0.2,8.2,3.6,46.0,102.0,36.2,27.8
40,27.6,27.5,0.2,6.5,3.7,40.0,156.0,36.82,26.5
19,28.6,32.7,0.55,6.7,3.7,11.0,57.0,35.9,29.6
31,24.1,29.5,3.74,10.0,7.5,16.0,193.0,36.4,27.0
38,24.6,29.1,0.25,7.4,3.1,24.0,215.0,35.9,27.0
25,21.4,24.4,2.29,6.7,1.0,29.0,41.0,36.29,23.2
25,22.6,29.4,0.2,4.7,7.4,56.0,81.0,36.38,27.4
36,26.2,25.8,1.76,8.6,2.5,12.0,77.0,36.85,24.1
24,28.5,26.5,0.79,5.6,1.9,28.0,331.0,36.6,25.0
