age,bmi,pregnancies_count,glucose_fasting_mgdl,blood_pressure_diastolic,skin_thickness_mm,insulin_micro_u_ml,diabetes_pedigree_function,daily_physical_activity_min,diabetes_risk_level
59,28.6,0,112.0,73.0,21.0,23.0,0.402,24.0,2
49,22.4,1,125.0,76.0,26.0,249.0,0.196,27.0,1
35,27.0,1,78.0,71.0,30.0,15.0,0.426,14.0,1
63,29.3,3,129.0,68.0,26.0,18.0,0.83,46.0,2
28,26.6,1,146.0,68.0,20.0,22.0,0.294,37.0,2
41,24.9,1,65.0,80.0,38.0,43.0,0.155,29.0,0
59,21.0,2,113.0,74.0,16.0,21.0,1.694,16.0,2
39,27.6,1,96.0,68.0,22.0,54.0,0.418,37.0,1
43,18.0,2,125.0,86.0,15.0,165.0,0.422,42.0,1
31,23.9,4,71.0,93.0,24.0,100.0,0.306,33.0,0
31,22.7,0,151.0,58.0,37.0,69.0,0.468,59.0,1
44,26.3,1,65.0,78.0,23.0,15.0,0.658,38.0,0
56,26.4,1,98.0,106.0,23.0,95.0,0.564,46.0,1
60,32.5,0,117.0,75.0,10.0,15.0,0.774,32.0,2
44,35.7,3,86.0,73.0,22.0,123.0,0.425,42.0,1
23,21.7,1,81.0,71.0,33.0,23.0,0.294,16.0,0
42,37.9,1,111.0,77.0,22.0,43.0,0.784,22.0,2
22,23.4,1,107.0,80.0,21.0,35.0,0.886,36.0,1
44,28.4,3,105.0,58.0,33.0,157.0,0.29,36.0,1
64,30.2,0,129.0,72.0,21.0,15.0,0.158,39.0,2
50,40.2,0,94.0,47.0,34.0,67.0,0.364,50.0,2
58,24.7,5,114.0,70.0,14.0,15.0,0.175,4.0,2
22,18.2,2,91.0,62.0,29.0,98.0,0.335,12.0,0
41,35.2,1,81.0,76.0,37.0,188.0,0.496,34.0,1
53,23.2,1,97.0,54.0,32.0,46.0,0.154,17.0,1
32,25.6,0,91.0,66.0,9.0,54.0,0.355,91.0,0
42,21.7,1,92.0,83.0,19.0,210.0,0.376,39.0,0
64,25.6,1,138.0,65.0,22.0,59.0,0.682,29.0,2
45,23.1,2,98.0,51.0,32.0,53.0,0.91,21.0,1
47,31.0,4,86.0,75.0,13.0,69.0,0.287,21.0,1
62,27.9,1,106.0,66.0,16.0,93.0,1.275,31.0,2
48,24.0,1,108.0,70.0,11.0,15.0,0.604,32.0,1
36,32.7,0,72.0,64.0,17.0,138.0,0.267,22.0,0
35,28.8,2,97.0,94.0,14.0,46.0,0.283,25.0,1
64,18.0,1,96.0,55.0,37.0,15.0,0.26,54.0,1
23,32.3,0,100.0,103.0,19.0,123.0,0.246,55.0,0
57,28.5,3,125.0,68.0,30.0,38.0,0.824,35.0,2
27,34.7,2,109.0,74.0,24.0,15.0,0.647,6.0,2
41,28.1,2,139.0,66.0,24.0,80.0,0.306,40.0,1
29,23.4,1,105.0,65.0,19.0,170.0,0.208,58.0,0
59,26.4,1,155.0,63.0,30.0,175.0,0.76,55.0,2
38,31.7,2,92.0,79.0,25.0,253.0,0.414,43.0,1
24,23.5,5,83.0,56.0,25.0,162.0,0.132,56.0,0
45,25.2,2,120.0,76.0,19.0,15.0,0.08,31.0,1
34,26.3,3,143.0,48.0,21.0,38.0,0.314,41.0,2
29,21.5,2,66.0,75.0,29.0,137.0,0.444,18.0,0
46,23.6,2,99.0,81.0,26.0,36.0,0.522,35.0,0
22,28.4,5,88.0,58.0,25.0,74.0,0.956,54.0,0
40,33.8,4,109.0,79.0,18.0,75.0,0.082,19.0,2
48,29.1,1,105.0,73.0,40.0,36.0,0.417,14.0,2
27,27.3,0,143.0,90.0,20.0,188.0,0.357,32.0,2
64,23.2,0,102.0,63.0,24.0,56.0,0.159,26.0,1
28,33.2,3,143.0,103.0,23.0,50.0,0.698,42.0,2
55,29.8,2,96.0,46.0,40.0,350.0,0.305,22.0,2
34,23.8,3,131.0,68.0,22.0,54.0,0.354,61.0,1
37,32.2,1,111.0,53.0,21.0,16.0,0.194,7.0,1
56,30.4,1,153.0,92.0,25.0,58.0,0.408,53.0,2
60,23.3,5,65.0,69.0,18.0,135.0,0.541,16.0,0
24,27.0,2,72.0,70.0,25.0,120.0,0.405,0.0,0
22,24.9,5,156.0,77.0,43.0,124.0,0.257,34.0,2
26,41.2,2,84.0,72.0,26.0,98.0,0.573,25.0,1
62,30.3,1,86.0,65.0,26.0,23.0,0.585,10.0,2
24,28.5,1,80.0,58.0,18.0,158.0,0.531,0.0,0
49,30.0,0,137.0,74.0,38.0,179.0,0.687,30.0,2
38,34.7,0,70.0,76.0,40.0,17.0,0.262,48.0,0
46,27.1,2,106.0,80.0,31.0,15.0,0.232,41.0,1
64,24.4,1,98.0,93.0,29.0,297.0,0.201,31.0,1
54,31.9,2,134.0,48.0,22.0,162.0,0.145,39.0,2
30,26.6,3,89.0,71.0,27.0,179.0,0.23,30.0,0
56,21.9,1,117.0,85.0,17.0,174.0,0.249,4.0,2
34,20.9,3,72.0,71.0,15.0,62.0,0.202,4.0,1
51,35.5,2,169.0,46.0,12.0,83.0,0.351,26.0,2
35,28.2,1,98.0,58.0,27.0,63.0,0.108,27.0,1
28,24.4,1,105.0,76.0,13.0,15.0,0.687,45.0,1
34,26.3,1,151.0,75.0,20.0,109.0,0.329,44.0,2
43,31.7,4,89.0,79.0,24.0,56.0,0.441,41.0,0
60,26.0,3,152.0,63.0,32.0,83.0,0.153,25.0,2
41,20.0,2,93.0,75.0,19.0,56.0,0.364,5.0,0
36,29.2,3,124.0,62.0,33.0,54.0,0.52,37.0,2
38,33.8,2,89.0,75.0,32.0,15.0,0.409,39.0,1
44,33.4,6,67.0,73.0,15.0,26.0,0.757,0.0,2
46,24.6,1,117.0,63.0,33.0,15.0,0.457,15.0,2
45,34.1,2,123.0,89.0,22.0,17.0,0.104,18.0,2
61,28.6,0,68.0,53.0,20.0,289.0,0.261,32.0,1
49,34.0,1,96.0,70.0,22.0,15.0,0.14,16.0,2
35,30.5,0,139.0,63.0,24.0,25.0,0.662,29.0,2
21,19.6,3,122.0,92.0,21.0,71.0,0.361,26.0,1
45,36.6,3,94.0,79.0,17.0,75.0,0.787,27.0,2
27,27.8,3,88.0,65.0,18.0,15.0,0.11,17.0,0
29,30.5,6,160.0,69.0,25.0,126.0,0.271,18.0,2
44,20.5,1,65.0,92.0,23.0,123.0,0.462,11.0,0
21,30.1,2,103.0,62.0,28.0,22.0,0.225,37.0,1
64,33.2,1,65.0,53.0,24.0,27.0,0.108,40.0,1
28,37.6,2,142.0,75.0,25.0,222.0,0.898,16.0,2
44,34.8,3,105.0,75.0,29.0,140.0,0.69,57.0,2
31,30.4,3,110.0,79.0,35.0,96.0,0.225,24.0,1
37,19.5,1,183.0,79.0,36.0,15.0,0.392,58.0,2
28,28.2,2,88.0,91.0,35.0,43.0,0.148,18.0,1
55,24.4,3,154.0,53.0,31.0,66.0,0.248,0.0,2
55,28.7,2,94.0,59.0,41.0,17.0,0.103,37.0,1
53,21.2,2,98.0,79.0,28.0,48.0,1.241,34.0,2
25,26.4,2,179.0,60.0,27.0,74.0,0.394,31.0,2
62,24.8,2,100.0,56.0,42.0,32.0,0.259,18.0,2
59,24.6,0,67.0,93.0,8.0,121.0,0.08,29.0,1
61,24.7,4,113.0,54.0,22.0,147.0,0.292,21.0,2
48,26.8,1,100.0,68.0,34.0,31.0,0.259,25.0,1
27,29.0,0,115.0,71.0,32.0,146.0,0.194,45.0,1
29,18.0,1,101.0,86.0,45.0,15.0,0.268,33.0,0
28,18.0,3,167.0,51.0,25.0,145.0,0.123,41.0,2
32,25.7,3,121.0,77.0,21.0,15.0,0.744,26.0,1
54,26.5,2,75.0,62.0,21.0,15.0,0.683,24.0,1
53,28.5,0,108.0,79.0,27.0,82.0,0.834,9.0,1
43,23.7,2,83.0,62.0,37.0,51.0,0.08,23.0,1
44,27.5,1,98.0,89.0,37.0,191.0,1.192,0.0,2
57,28.2,3,80.0,62.0,24.0,36.0,0.332,19.0,1
55,23.7,1,164.0,45.0,26.0,27.0,0.103,29.0,2
64,32.8,3,86.0,63.0,19.0,56.0,0.134,40.0,1
60,28.4,1,124.0,69.0,20.0,49.0,0.347,25.0,2
42,30.3,3,96.0,84.0,32.0,34.0,0.472,36.0,1
47,27.9,2,73.0,58.0,37.0,95.0,0.225,0.0,1
55,38.4,5,111.0,58.0,18.0,114.0,0.245,29.0,2
21,30.6,0,116.0,83.0,26.0,153.0,0.215,0.0,2
55,25.0,4,121.0,57.0,22.0,289.0,0.609,8.0,2
57,31.8,0,65.0,70.0,31.0,25.0,0.188,27.0,1
34,19.0,2,70.0,70.0,21.0,101.0,0.186,53.0,0
23,28.1,1,132.0,74.0,9.0,40.0,1.233,37.0,2
21,29.2,1,79.0,64.0,32.0,90.0,0.154,30.0,0
25,28.2,2,111.0,62.0,22.0,52.0,0.111,30.0,0
46,25.8,0,70.0,76.0,22.0,350.0,0.351,17.0,0
34,22.2,0,125.0,62.0,27.0,104.0,0.227,20.0,1
59,23.4,2,131.0,57.0,27.0,244.0,0.386,38.0,2
47,28.0,3,125.0,86.0,28.0,144.0,0.656,5.0,2
29,21.7,0,134.0,77.0,11.0,187.0,0.313,41.0,2
35,36.7,1,149.0,91.0,28.0,135.0,0.407,23.0,2
35,18.0,2,72.0,81.0,9.0,49.0,0.699,45.0,0
46,25.8,3,83.0,58.0,30.0,23.0,0.434,47.0,0
62,28.1,0,130.0,73.0,33.0,37.0,0.227,0.0,2
33,30.1,2,137.0,61.0,13.0,15.0,0.715,20.0,2
52,22.7,1,86.0,54.0,27.0,59.0,0.486,15.0,0
59,33.4,0,84.0,67.0,32.0,56.0,1.004,0.0,2
52,20.3,1,87.0,83.0,20.0,60.0,0.813,11.0,1
24,24.6,3,65.0,75.0,29.0,292.0,0.226,74.0,0
50,30.7,1,69.0,57.0,8.0,194.0,0.38,41.0,1
57,32.9,2,70.0,67.0,33.0,15.0,0.321,65.0,1
43,20.2,1,97.0,70.0,24.0,37.0,0.08,45.0,0
59,41.3,5,113.0,53.0,22.0,44.0,0.149,17.0,2
35,22.8,1,117.0,80.0,32.0,36.0,1.22,23.0,2
63,20.7,4,91.0,69.0,38.0,128.0,0.144,41.0,1
49,30.1,2,91.0,57.0,28.0,59.0,0.228,38.0,1
56,25.7,0,108.0,56.0,37.0,68.0,0.245,20.0,1
33,24.9,1,65.0,84.0,12.0,153.0,0.29,3.0,0
52,30.6,3,132.0,68.0,29.0,131.0,0.254,89.0,1
27,19.6,1,141.0,85.0,23.0,15.0,1.059,27.0,1
42,18.6,3,87.0,89.0,18.0,100.0,0.156,24.0,0
48,24.4,3,94.0,83.0,9.0,46.0,0.08,32.0,1
22,33.1,1,140.0,66.0,29.0,28.0,0.364,26.0,2
62,24.6,0,102.0,45.0,31.0,15.0,0.463,32.0,1
26,35.8,0,121.0,75.0,35.0,53.0,0.582,53.0,1
48,33.7,1,102.0,95.0,33.0,35.0,1.085,28.0,2
48,29.0,4,149.0,72.0,18.0,23.0,0.204,9.0,2
64,29.3,2,119.0,50.0,34.0,95.0,0.08,27.0,2
64,29.0,3,120.0,65.0,35.0,117.0,0.177,22.0,2
40,28.3,3,121.0,70.0,22.0,22.0,0.109,56.0,1
50,25.6,1,89.0,60.0,24.0,15.0,0.509,51.0,1
31,26.2,2,92.0,45.0,17.0,151.0,0.471,32.0,1
48,21.9,2,127.0,71.0,36.0,15.0,0.478,7.0,2
45,18.0,2,109.0,63.0,12.0,221.0,0.359,8.0,1
59,33.2,2,72.0,91.0,28.0,79.0,0.264,30.0,1
53,28.3,2,157.0,73.0,19.0,31.0,0.186,36.0,2
21,27.5,3,132.0,77.0,15.0,23.0,0.402,23.0,2
47,29.6,1,106.0,71.0,9.0,15.0,0.539,21.0,1
33,23.2,2,97.0,73.0,22.0,21.0,0.227,19.0,0
61,22.3,2,111.0,54.0,14.0,15.0,0.167,30.0,2
23,26.0,0,119.0,61.0,24.0,76.0,0.357,0.0,1
59,34.6,2,65.0,84.0,38.0,15.0,0.241,10.0,1
26,21.4,0,164.0,74.0,26.0,60.0,0.728,19.0,2
28,18.0,1,83.0,68.0,40.0,71.0,0.679,52.0,0
47,24.8,2,105.0,77.0,16.0,28.0,0.534,15.0,1
29,33.4,1,106.0,78.0,14.0,15.0,0.371,33.0,1
57,18.5,1,161.0,94.0,16.0,15.0,0.572,34.0,2
53,21.4,1,103.0,74.0,23.0,15.0,0.25,53.0,1
62,28.9,4,149.0,60.0,46.0,107.0,0.664,53.0,2
64,40.9,2,116.0,71.0,11.0,31.0,0.747,29.0,2
44,20.4,0,78.0,79.0,29.0,127.0,0.331,21.0,1
35,20.2,1,109.0,83.0,18.0,45.0,0.271,18.0,1
52,29.3,2,102.0,54.0,22.0,48.0,0.436,26.0,1
52,33.8,0,75.0,75.0,14.0,58.0,0.14,22.0,1
44,24.3,2,115.0,62.0,31.0,100.0,0.486,40.0,1
61,19.1,1,106.0,66.0,24.0,26.0,0.349,38.0,1
32,29.8,0,121.0,81.0,33.0,15.0,0.662,41.0,1
59,30.7,2,110.0,80.0,25.0,65.0,0.369,53.0,1
22,36.7,4,87.0,65.0,9.0,32.0,0.326,64.0,0
23,30.9,2,127.0,70.0,33.0,47.0,0.08,32.0,2
57,31.8,0,88.0,66.0,8.0,83.0,0.577,50.0,1
37,26.1,2,65.0,104.0,9.0,55.0,0.485,24.0,0
22,40.2,2,109.0,75.0,17.0,77.0,0.321,51.0,2
22,25.4,3,89.0,63.0,17.0,63.0,0.332,49.0,0
48,24.3,5,116.0,87.0,35.0,108.0,0.311,48.0,1
43,36.9,2,161.0,87.0,23.0,98.0,0.333,32.0,2
57,19.8,3,162.0,92.0,34.0,61.0,0.621,18.0,2
52,18.0,3,100.0,95.0,19.0,91.0,0.625,5.0,1
53,28.1,2,82.0,80.0,27.0,165.0,0.28,29.0,1
21,27.5,4,121.0,68.0,28.0,45.0,0.21,58.0,1
39,26.3,3,95.0,70.0,30.0,43.0,0.424,24.0,1
22,32.7,4,116.0,69.0,20.0,116.0,0.323,44.0,1
64,22.8,1,86.0,68.0,21.0,70.0,0.203,45.0,1
46,27.8,1,112.0,86.0,22.0,15.0,0.352,25.0,1
52,25.6,1,82.0,72.0,11.0,178.0,0.499,54.0,0
26,22.9,2,138.0,83.0,23.0,15.0,0.08,0.0,2
52,27.2,1,88.0,79.0,21.0,110.0,1.338,8.0,1
24,31.9,1,124.0,60.0,29.0,114.0,0.823,14.0,2
31,38.5,0,70.0,53.0,25.0,245.0,0.192,15.0,1
37,30.5,3,127.0,58.0,35.0,15.0,0.08,36.0,2
58,18.0,3,78.0,67.0,25.0,73.0,0.446,35.0,0
44,27.3,0,112.0,73.0,20.0,45.0,0.536,37.0,1
25,27.8,1,134.0,65.0,24.0,32.0,0.115,41.0,1
54,32.4,2,99.0,80.0,30.0,15.0,1.104,13.0,2
26,28.5,5,76.0,66.0,10.0,66.0,0.275,8.0,0
42,34.0,1,119.0,75.0,18.0,52.0,0.243,37.0,2
31,29.5,2,81.0,73.0,18.0,15.0,0.19,19.0,0
36,35.6,1,94.0,91.0,27.0,76.0,0.646,2.0,2
53,25.2,2,112.0,61.0,28.0,107.0,0.656,47.0,1
29,28.3,1,143.0,96.0,25.0,117.0,0.146,55.0,1
26,31.8,1,106.0,65.0,8.0,189.0,0.32,58.0,0
36,24.5,2,106.0,57.0,11.0,42.0,0.481,33.0,1
49,23.4,2,126.0,70.0,22.0,245.0,0.907,41.0,2
23,24.2,1,106.0,108.0,20.0,160.0,0.186,55.0,0
40,23.6,1,123.0,82.0,24.0,28.0,0.263,18.0,1
56,30.2,1,135.0,79.0,20.0,15.0,0.08,50.0,2
39,18.0,1,96.0,81.0,36.0,46.0,0.337,35.0,1
46,19.4,1,65.0,64.0,8.0,41.0,0.53,46.0,0
23,37.2,4,82.0,76.0,26.0,69.0,0.26,33.0,1
39,23.7,5,139.0,72.0,31.0,70.0,0.379,53.0,1
40,28.5,1,104.0,92.0,30.0,111.0,0.239,34.0,2
52,19.8,3,96.0,71.0,30.0,57.0,0.409,3.0,1
27,28.0,2,138.0,68.0,31.0,15.0,0.673,56.0,1
61,23.8,3,102.0,59.0,19.0,156.0,0.091,13.0,1
53,19.4,3,65.0,74.0,15.0,30.0,0.08,53.0,0
60,34.5,2,65.0,75.0,8.0,284.0,0.483,28.0,2
59,33.6,0,117.0,59.0,21.0,15.0,0.475,51.0,2
38,26.9,0,103.0,77.0,18.0,254.0,0.753,50.0,1
60,32.7,3,146.0,75.0,33.0,15.0,0.483,38.0,2
21,37.4,2,84.0,83.0,22.0,21.0,0.554,39.0,1
31,31.4,1,96.0,85.0,16.0,15.0,0.213,38.0,1
48,30.0,2,80.0,73.0,14.0,98.0,0.715,0.0,1
45,28.5,3,90.0,61.0,40.0,152.0,0.216,32.0,1
43,30.9,0,65.0,63.0,24.0,46.0,0.08,10.0,0
51,25.6,2,94.0,91.0,18.0,211.0,0.156,33.0,1
50,26.1,0,104.0,74.0,25.0,71.0,0.694,9.0,2
62,29.8,0,101.0,91.0,39.0,80.0,0.352,9.0,2
55,25.0,2,165.0,77.0,21.0,149.0,0.182,59.0,2
27,25.6,1,156.0,80.0,29.0,28.0,0.199,49.0,2
36,27.5,0,84.0,82.0,33.0,35.0,0.84,30.0,1
46,33.5,1,65.0,59.0,9.0,189.0,0.317,33.0,1
22,21.6,2,102.0,75.0,19.0,185.0,0.471,26.0,0
21,31.4,3,116.0,58.0,32.0,300.0,1.47,40.0,1
32,31.6,3,81.0,69.0,18.0,186.0,0.195,18.0,1
25,31.6,3,82.0,79.0,27.0,15.0,0.834,48.0,1
57,23.3,2,149.0,61.0,18.0,139.0,0.2,25.0,2
52,18.7,1,98.0,78.0,20.0,42.0,0.461,22.0,1
29,30.4,1,124.0,56.0,19.0,350.0,0.763,30.0,2
61,28.5,2,79.0,85.0,29.0,51.0,0.338,19.0,1
55,32.7,3,103.0,65.0,26.0,65.0,0.107,36.0,2
39,23.9,1,96.0,61.0,25.0,60.0,0.255,20.0,0
36,31.5,5,86.0,56.0,44.0,31.0,0.08,38.0,1
23,33.0,0,137.0,66.0,38.0,15.0,0.701,52.0,1
40,27.0,1,66.0,51.0,8.0,181.0,1.082,17.0,1
44,29.7,3,113.0,66.0,20.0,130.0,0.317,28.0,2
53,29.5,1,95.0,84.0,43.0,15.0,0.198,38.0,1
44,23.2,1,117.0,70.0,19.0,120.0,0.639,22.0,2
31,30.3,2,95.0,59.0,41.0,79.0,1.371,38.0,1
28,35.9,2,129.0,74.0,21.0,42.0,0.733,40.0,2
56,27.6,5,79.0,74.0,22.0,23.0,0.465,49.0,1
58,19.9,1,137.0,94.0,31.0,157.0,0.099,19.0,2
60,23.9,5,104.0,81.0,23.0,96.0,0.096,13.0,1
40,18.2,1,68.0,75.0,28.0,63.0,0.323,24.0,0
55,34.2,1,124.0,82.0,37.0,75.0,0.385,13.0,2
45,31.5,3,99.0,71.0,30.0,15.0,0.285,40.0,1
55,24.9,1,65.0,71.0,25.0,51.0,0.231,9.0,1
45,20.1,5,114.0,90.0,37.0,17.0,0.197,72.0,1
49,23.2,2,133.0,54.0,31.0,19.0,0.326,53.0,1
38,24.2,1,141.0,83.0,18.0,87.0,0.432,30.0,2
38,28.1,0,94.0,71.0,40.0,194.0,1.572,46.0,1
22,27.9,0,109.0,69.0,29.0,41.0,0.08,1.0,1
55,34.5,4,106.0,66.0,22.0,19.0,0.642,75.0,1
36,23.9,2,147.0,74.0,8.0,84.0,0.242,19.0,1
61,19.7,1,82.0,72.0,13.0,164.0,0.18,28.0,1
56,21.5,2,92.0,67.0,38.0,110.0,0.269,0.0,2
53,27.4,0,82.0,64.0,38.0,162.0,0.459,39.0,0
24,23.7,2,65.0,51.0,25.0,62.0,0.08,10.0,0
53,26.0,1,112.0,64.0,10.0,112.0,0.731,32.0,2
34,25.1,2,150.0,66.0,15.0,15.0,0.445,20.0,2
41,32.6,0,99.0,74.0,11.0,34.0,0.368,11.0,1
40,24.4,0,80.0,94.0,11.0,39.0,0.253,16.0,0
28,25.5,1,110.0,65.0,40.0,57.0,0.08,34.0,1
27,31.2,1,121.0,61.0,40.0,212.0,0.232,7.0,2
23,24.6,4,101.0,64.0,15.0,166.0,0.307,17.0,1
37,29.7,2,144.0,74.0,24.0,15.0,0.977,42.0,2
53,29.2,0,82.0,78.0,14.0,15.0,0.345,77.0,0
32,28.2,2,97.0,80.0,24.0,35.0,0.396,39.0,1
42,21.6,1,113.0,81.0,37.0,27.0,0.179,13.0,1
42,33.9,3,116.0,83.0,33.0,76.0,0.329,23.0,2
50,39.0,2,106.0,69.0,30.0,186.0,0.087,31.0,2
58,27.5,2,69.0,95.0,22.0,262.0,0.289,24.0,1
58,22.1,1,170.0,68.0,34.0,85.0,0.607,46.0,2
28,27.7,0,98.0,73.0,29.0,146.0,0.323,34.0,0
47,32.6,4,108.0,86.0,27.0,60.0,0.308,46.0,2
47,24.3,0,122.0,78.0,23.0,19.0,0.601,24.0,2
54,26.8,3,87.0,47.0,27.0,60.0,0.604,54.0,0
41,29.3,1,107.0,72.0,26.0,65.0,0.08,27.0,1
50,33.8,2,86.0,81.0,20.0,109.0,0.668,13.0,2
53,31.5,1,117.0,57.0,18.0,20.0,0.953,69.0,1
48,31.7,5,97.0,80.0,16.0,37.0,0.244,0.0,2
53,25.3,2,113.0,76.0,17.0,36.0,0.263,17.0,2
25,29.6,1,76.0,85.0,22.0,256.0,0.335,19.0,0
39,23.7,4,82.0,64.0,21.0,47.0,0.149,75.0,0
24,31.9,2,67.0,83.0,19.0,113.0,0.834,63.0,0
55,33.5,1,85.0,74.0,18.0,111.0,1.064,57.0,1
37,30.4,3,65.0,91.0,26.0,25.0,0.72,24.0,0
64,25.6,0,96.0,103.0,35.0,68.0,0.08,74.0,1
48,26.4,1,90.0,89.0,24.0,180.0,0.21,37.0,1
50,36.9,0,109.0,77.0,23.0,52.0,0.25,48.0,2
49,25.7,0,106.0,98.0,17.0,232.0,0.305,33.0,1
26,33.0,3,140.0,79.0,22.0,19.0,0.415,29.0,2
55,29.3,3,178.0,62.0,34.0,15.0,0.358,25.0,2
61,25.8,1,137.0,72.0,32.0,178.0,0.36,26.0,2
57,20.5,2,92.0,80.0,32.0,151.0,0.726,41.0,1
44,28.6,0,91.0,81.0,31.0,350.0,0.551,37.0,1
49,28.0,0,129.0,60.0,27.0,91.0,0.326,29.0,2
51,36.9,3,65.0,60.0,27.0,221.0,0.622,57.0,1
55,23.0,1,96.0,68.0,26.0,140.0,0.436,0.0,1
53,39.4,0,98.0,78.0,21.0,149.0,0.634,39.0,2
41,29.5,3,121.0,79.0,25.0,67.0,0.972,43.0,2
52,29.5,0,122.0,74.0,26.0,39.0,0.791,51.0,2
43,24.4,4,84.0,63.0,29.0,218.0,0.128,29.0,0
53,29.1,4,93.0,91.0,25.0,45.0,0.348,34.0,1
23,30.0,2,117.0,60.0,41.0,62.0,0.509,48.0,1
38,32.4,1,83.0,86.0,14.0,47.0,0.105,57.0,1
45,22.4,3,139.0,80.0,30.0,67.0,0.488,25.0,2
62,34.8,0,122.0,86.0,24.0,51.0,0.511,35.0,2
51,29.4,2,110.0,67.0,24.0,15.0,0.117,60.0,1
23,30.7,4,116.0,70.0,17.0,171.0,0.333,0.0,1
60,26.4,2,92.0,73.0,32.0,47.0,0.476,18.0,1
44,22.7,4,87.0,67.0,29.0,71.0,0.958,56.0,1
52,27.9,3,93.0,74.0,31.0,15.0,0.367,50.0,1
42,28.5,0,119.0,89.0,25.0,15.0,0.127,39.0,1
43,20.3,0,111.0,58.0,21.0,23.0,0.11,22.0,1
22,31.6,2,93.0,65.0,23.0,98.0,0.264,14.0,1
47,32.7,4,126.0,64.0,27.0,15.0,0.48,19.0,2
62,23.7,1,100.0,71.0,8.0,192.0,0.549,58.0,1
22,22.2,4,86.0,71.0,31.0,19.0,0.136,19.0,0
46,25.9,0,112.0,80.0,43.0,18.0,0.502,32.0,1
37,27.6,1,77.0,72.0,28.0,16.0,0.08,16.0,1
60,26.1,3,65.0,75.0,22.0,15.0,0.237,45.0,0
53,27.2,2,105.0,76.0,23.0,118.0,0.494,20.0,2
29,28.7,3,87.0,75.0,30.0,166.0,0.814,28.0,1
63,20.4,2,98.0,80.0,22.0,76.0,0.091,0.0,1
59,21.0,0,78.0,71.0,31.0,17.0,0.453,1.0,1
49,18.0,1,139.0,90.0,23.0,27.0,0.289,30.0,2
62,32.4,1,86.0,100.0,38.0,52.0,0.08,6.0,2
46,27.6,2,93.0,80.0,37.0,247.0,0.107,68.0,0
55,32.9,0,116.0,75.0,21.0,23.0,0.436,0.0,2
45,21.6,3,66.0,79.0,23.0,105.0,1.162,16.0,0
44,27.6,4,65.0,60.0,24.0,46.0,0.375,30.0,0
33,28.6,2,116.0,74.0,24.0,28.0,1.844,23.0,2
27,24.6,3,93.0,64.0,16.0,49.0,0.586,10.0,1
56,19.4,3,80.0,78.0,15.0,15.0,0.192,13.0,1
40,36.6,3,122.0,64.0,34.0,128.0,0.671,12.0,2
21,34.8,2,82.0,68.0,33.0,22.0,0.13,25.0,0
28,25.5,2,97.0,51.0,33.0,103.0,0.405,65.0,0
36,30.2,0,80.0,59.0,23.0,15.0,0.411,31.0,1
34,25.0,3,113.0,76.0,39.0,248.0,0.403,51.0,1
32,22.3,2,142.0,62.0,24.0,17.0,0.119,39.0,1
43,37.0,1,65.0,84.0,31.0,171.0,0.08,50.0,0
35,18.9,0,108.0,62.0,13.0,133.0,0.296,0.0,1
48,26.0,1,129.0,77.0,22.0,275.0,0.478,25.0,2
54,27.9,5,93.0,64.0,23.0,52.0,0.94,54.0,1
22,36.1,1,73.0,76.0,23.0,104.0,0.483,20.0,1
52,32.2,2,117.0,55.0,13.0,37.0,0.128,62.0,1
43,18.8,2,133.0,67.0,30.0,16.0,0.309,57.0,1
42,27.5,1,130.0,63.0,32.0,47.0,0.324,22.0,2
45,27.6,0,115.0,82.0,18.0,15.0,0.852,21.0,2
42,26.3,0,108.0,77.0,15.0,322.0,0.492,12.0,2
42,30.7,2,80.0,58.0,18.0,15.0,0.148,19.0,1
62,20.2,2,129.0,70.0,28.0,71.0,0.235,8.0,2
26,25.4,3,128.0,64.0,19.0,79.0,0.626,38.0,1
35,30.0,3,73.0,82.0,23.0,62.0,0.429,4.0,1
63,31.0,0,115.0,86.0,15.0,87.0,0.368,41.0,2
57,28.3,2,123.0,56.0,40.0,15.0,0.308,41.0,2
53,26.0,2,130.0,81.0,25.0,65.0,0.616,0.0,2
28,26.9,1,103.0,63.0,33.0,27.0,0.271,58.0,0
64,31.4,3,81.0,69.0,28.0,225.0,0.227,39.0,1
64,27.7,0,91.0,72.0,24.0,115.0,0.691,43.0,1
25,22.1,1,77.0,92.0,23.0,288.0,0.08,16.0,0
59,21.1,2,104.0,61.0,18.0,15.0,0.144,41.0,1
24,19.8,2,98.0,81.0,20.0,27.0,0.197,50.0,0
26,35.1,1,165.0,59.0,16.0,17.0,0.723,28.0,2
52,31.7,1,130.0,58.0,15.0,15.0,0.413,66.0,2
50,26.9,0,132.0,72.0,41.0,22.0,0.134,31.0,2
55,25.1,1,118.0,72.0,26.0,91.0,0.125,51.0,2
60,24.5,2,95.0,45.0,36.0,21.0,0.736,35.0,2
36,33.2,1,97.0,85.0,18.0,57.0,0.125,41.0,1
33,37.4,4,100.0,48.0,14.0,175.0,0.219,0.0,2
62,24.4,1,110.0,70.0,16.0,95.0,0.264,37.0,1
50,33.4,3,116.0,87.0,21.0,40.0,0.529,17.0,2
39,27.6,1,105.0,96.0,24.0,37.0,0.246,15.0,1
37,26.4,3,97.0,68.0,23.0,49.0,0.107,61.0,0
39,35.3,0,88.0,56.0,18.0,16.0,0.562,26.0,1
48,27.4,0,66.0,86.0,25.0,80.0,0.553,12.0,1
46,29.0,1,141.0,82.0,25.0,36.0,1.01,24.0,2
57,28.8,3,167.0,67.0,30.0,153.0,0.441,7.0,2
46,19.0,2,139.0,65.0,36.0,113.0,0.12,56.0,1
43,29.0,2,70.0,64.0,21.0,75.0,0.979,17.0,1
29,24.6,2,127.0,68.0,34.0,36.0,0.264,40.0,1
32,20.1,4,134.0,75.0,25.0,19.0,0.653,54.0,1
21,24.8,2,94.0,66.0,12.0,120.0,0.956,21.0,0
21,24.8,3,119.0,67.0,38.0,53.0,0.39,40.0,0
54,32.9,1,92.0,79.0,42.0,20.0,0.356,11.0,1
52,22.0,1,148.0,56.0,29.0,17.0,0.442,74.0,1
45,23.4,2,115.0,68.0,25.0,15.0,0.503,47.0,1
60,28.7,2,79.0,54.0,22.0,120.0,0.728,27.0,1
21,20.6,2,124.0,73.0,20.0,21.0,0.318,16.0,1
36,24.1,2,135.0,51.0,34.0,60.0,0.376,28.0,1
59,18.8,0,111.0,82.0,24.0,48.0,0.239,24.0,2
25,32.3,3,118.0,58.0,37.0,69.0,0.238,65.0,1
42,25.9,0,103.0,53.0,24.0,168.0,0.175,8.0,1
49,27.4,3,73.0,68.0,21.0,162.0,0.253,32.0,1
23,32.3,2,101.0,91.0,19.0,48.0,0.156,30.0,1
32,23.7,2,120.0,80.0,18.0,15.0,0.671,28.0,1
46,25.9,4,101.0,51.0,28.0,44.0,0.575,28.0,1
36,22.0,0,127.0,57.0,14.0,75.0,0.338,28.0,2
57,22.0,3,94.0,68.0,17.0,65.0,0.434,46.0,0
42,22.7,3,96.0,97.0,35.0,84.0,0.175,41.0,1
49,24.9,1,128.0,62.0,16.0,15.0,0.355,38.0,2
34,25.5,2,111.0,62.0,31.0,83.0,0.795,0.0,1
48,29.0,2,93.0,89.0,8.0,16.0,0.776,35.0,2
25,22.9,4,134.0,74.0,36.0,111.0,1.023,0.0,2
50,29.2,3,86.0,84.0,14.0,33.0,0.67,42.0,1
25,30.0,2,85.0,64.0,17.0,99.0,0.462,57.0,0
32,25.1,0,65.0,71.0,29.0,15.0,0.646,13.0,1
36,23.3,4,89.0,86.0,26.0,42.0,0.129,25.0,0
46,27.9,1,142.0,70.0,31.0,98.0,0.613,19.0,2
46,26.4,4,65.0,84.0,14.0,21.0,0.686,52.0,0
41,28.6,3,78.0,76.0,22.0,127.0,0.35,32.0,0
59,35.7,2,117.0,61.0,19.0,80.0,0.38,61.0,2
56,27.9,1,65.0,72.0,15.0,71.0,0.296,37.0,1
53,24.2,1,91.0,83.0,29.0,35.0,0.342,34.0,0
50,22.9,1,137.0,79.0,32.0,53.0,0.415,31.0,2
57,23.1,1,162.0,72.0,21.0,73.0,0.447,45.0,2
43,19.9,3,113.0,51.0,36.0,51.0,0.178,0.0,1
30,32.4,4,79.0,52.0,18.0,96.0,0.206,32.0,1
25,18.0,2,78.0,55.0,36.0,45.0,0.576,29.0,0
56,30.0,0,109.0,66.0,28.0,18.0,0.478,43.0,1
54,23.0,1,113.0,68.0,14.0,19.0,0.191,27.0,2
51,24.8,2,157.0,56.0,40.0,15.0,0.33,11.0,2
30,22.8,3,132.0,83.0,20.0,29.0,1.12,30.0,2
39,35.0,1,107.0,58.0,34.0,111.0,0.08,11.0,2
52,27.6,3,96.0,57.0,25.0,126.0,0.08,0.0,1
21,31.6,3,189.0,73.0,27.0,18.0,0.08,43.0,2
25,34.3,3,123.0,83.0,31.0,256.0,1.411,40.0,2
24,28.3,3,86.0,95.0,31.0,56.0,0.144,38.0,0
36,21.3,2,99.0,78.0,21.0,199.0,0.283,53.0,0
44,26.4,1,80.0,89.0,28.0,98.0,0.543,18.0,1
36,23.6,3,65.0,59.0,28.0,103.0,0.518,4.0,0
22,24.9,3,114.0,96.0,26.0,15.0,0.299,29.0,0
48,27.0,0,155.0,52.0,22.0,20.0,0.913,24.0,2
52,26.8,4,65.0,66.0,26.0,15.0,0.629,15.0,0
47,29.6,1,107.0,78.0,40.0,101.0,0.215,29.0,1
40,30.4,2,85.0,54.0,22.0,34.0,0.151,19.0,1
44,26.8,1,120.0,62.0,34.0,124.0,0.41,0.0,2
32,29.6,1,100.0,60.0,19.0,33.0,0.65,22.0,1
55,24.6,2,67.0,69.0,17.0,137.0,1.137,10.0,1
53,34.3,1,78.0,88.0,50.0,15.0,0.461,34.0,1
53,24.6,5,82.0,72.0,28.0,15.0,0.273,18.0,1
63,33.7,0,143.0,67.0,29.0,33.0,0.86,50.0,2
57,19.8,2,141.0,45.0,29.0,42.0,0.782,59.0,2
32,25.5,4,96.0,77.0,35.0,34.0,0.624,42.0,1
23,25.8,2,139.0,81.0,27.0,115.0,0.124,2.0,2
21,29.0,0,100.0,53.0,31.0,15.0,0.285,57.0,0
53,32.0,5,96.0,71.0,16.0,35.0,0.315,58.0,1
60,21.0,1,107.0,74.0,32.0,145.0,0.624,30.0,1
30,21.7,4,113.0,83.0,22.0,15.0,0.08,54.0,1
63,20.2,3,89.0,64.0,29.0,228.0,0.267,20.0,1
64,34.4,1,106.0,62.0,10.0,343.0,0.372,0.0,2
49,29.0,0,127.0,67.0,29.0,15.0,0.307,16.0,2
33,21.9,2,109.0,86.0,8.0,28.0,1.059,61.0,1
32,25.2,4,106.0,83.0,22.0,37.0,0.732,3.0,1
51,33.6,0,119.0,72.0,10.0,120.0,0.731,30.0,2
22,26.1,1,124.0,83.0,29.0,72.0,0.252,31.0,1
55,25.7,1,103.0,46.0,25.0,83.0,0.418,21.0,1
43,23.4,0,92.0,81.0,18.0,113.0,0.174,22.0,0
37,22.2,2,110.0,60.0,35.0,15.0,0.179,31.0,1
46,33.7,1,65.0,91.0,17.0,143.0,0.737,20.0,1
28,36.2,2,99.0,60.0,8.0,98.0,0.654,4.0,1
49,22.4,1,65.0,63.0,28.0,69.0,0.163,34.0,0
46,34.8,0,65.0,78.0,10.0,176.0,0.398,49.0,1
30,25.0,1,65.0,79.0,17.0,96.0,0.088,46.0,0
46,30.3,0,134.0,67.0,20.0,18.0,0.537,15.0,2
54,34.8,2,105.0,76.0,13.0,45.0,0.16,7.0,2
61,26.7,1,70.0,77.0,20.0,55.0,0.399,25.0,0
27,25.8,2,119.0,76.0,13.0,15.0,1.114,58.0,1
24,31.7,1,133.0,68.0,25.0,247.0,0.142,42.0,1
31,21.7,2,119.0,78.0,14.0,15.0,0.474,43.0,0
49,33.5,3,100.0,87.0,24.0,96.0,0.356,46.0,1
56,28.2,1,112.0,59.0,33.0,56.0,0.13,38.0,2
45,24.5,2,130.0,63.0,30.0,15.0,0.201,32.0,2
41,24.4,2,92.0,72.0,23.0,207.0,0.504,42.0,0
56,20.3,3,106.0,60.0,16.0,153.0,0.312,20.0,1
30,24.7,1,98.0,52.0,25.0,59.0,0.932,5.0,1
57,26.1,1,65.0,84.0,18.0,21.0,0.521,43.0,0
29,22.0,2,131.0,47.0,26.0,15.0,0.152,52.0,2
44,27.3,2,163.0,68.0,10.0,36.0,0.672,10.0,2
55,30.0,0,81.0,80.0,30.0,24.0,0.729,45.0,1
55,26.4,2,132.0,75.0,24.0,57.0,0.451,60.0,2
56,30.9,0,81.0,68.0,42.0,271.0,0.552,30.0,1
38,23.3,3,109.0,60.0,34.0,68.0,0.446,15.0,1
59,32.7,2,147.0,76.0,29.0,177.0,0.841,32.0,2
52,28.1,5,90.0,61.0,23.0,84.0,0.774,20.0,1
44,35.5,1,105.0,75.0,18.0,52.0,0.087,19.0,2
43,40.1,1,65.0,74.0,32.0,154.0,0.08,38.0,1
52,25.1,0,86.0,74.0,22.0,51.0,0.316,1.0,2
57,25.3,1,65.0,65.0,33.0,162.0,0.644,4.0,1
32,26.2,2,117.0,94.0,27.0,28.0,0.82,30.0,2
33,30.6,0,128.0,76.0,27.0,15.0,0.277,30.0,2
43,34.4,2,99.0,69.0,29.0,155.0,0.31,36.0,1
45,24.1,3,113.0,75.0,17.0,71.0,0.29,64.0,1
55,29.5,2,96.0,63.0,16.0,176.0,0.345,32.0,2
61,26.8,6,126.0,68.0,16.0,222.0,0.413,41.0,2
50,30.7,2,109.0,98.0,32.0,15.0,0.253,12.0,2
37,35.3,3,65.0,64.0,16.0,56.0,0.289,44.0,1
40,26.3,1,131.0,71.0,17.0,38.0,0.487,21.0,2
45,18.8,0,94.0,67.0,28.0,79.0,0.116,31.0,0
42,31.4,2,69.0,61.0,22.0,126.0,1.186,28.0,1
33,23.2,0,93.0,77.0,21.0,26.0,0.632,49.0,1
39,26.8,2,65.0,72.0,20.0,65.0,0.905,6.0,1
56,31.6,0,70.0,82.0,8.0,99.0,0.169,0.0,1
32,29.0,1,109.0,81.0,16.0,15.0,0.224,26.0,1
61,27.0,2,111.0,82.0,33.0,135.0,0.08,38.0,2
39,24.5,2,114.0,62.0,20.0,75.0,0.381,33.0,2
32,18.0,1,105.0,79.0,9.0,239.0,0.389,52.0,0
29,31.1,1,86.0,79.0,16.0,33.0,0.451,38.0,1
27,26.2,3,103.0,61.0,27.0,15.0,0.08,20.0,1
48,35.4,0,93.0,68.0,27.0,56.0,0.358,0.0,2
34,29.6,1,65.0,56.0,22.0,15.0,0.47,26.0,0
51,24.7,0,83.0,79.0,18.0,279.0,0.524,49.0,0
39,33.0,2,130.0,79.0,13.0,15.0,0.232,23.0,2
36,33.5,1,149.0,88.0,27.0,112.0,1.303,31.0,2
25,26.4,3,123.0,69.0,31.0,60.0,0.307,38.0,1
55,33.7,4,148.0,77.0,34.0,37.0,0.41,12.0,2
32,24.6,1,107.0,83.0,15.0,15.0,0.28,41.0,1
45,28.3,1,154.0,64.0,35.0,78.0,0.235,59.0,2
41,30.5,4,163.0,62.0,24.0,70.0,0.587,27.0,2
56,31.6,1,65.0,64.0,24.0,26.0,0.08,10.0,1
43,30.7,1,111.0,68.0,31.0,193.0,0.612,29.0,2
36,25.8,1,107.0,62.0,20.0,29.0,0.403,0.0,2
59,33.2,3,93.0,65.0,8.0,48.0,0.32,36.0,1
62,26.9,0,119.0,82.0,30.0,63.0,0.124,38.0,2
59,24.5,2,106.0,71.0,27.0,15.0,0.379,60.0,1
34,24.6,4,84.0,75.0,21.0,215.0,0.583,27.0,1
51,37.6,1,104.0,66.0,29.0,38.0,0.416,37.0,2
25,23.6,1,139.0,65.0,31.0,15.0,0.349,14.0,2
55,34.2,2,110.0,75.0,12.0,39.0,0.303,24.0,2
43,21.6,5,123.0,73.0,24.0,73.0,0.257,3.0,1
49,30.0,1,97.0,81.0,8.0,58.0,0.133,26.0,1
63,29.0,4,118.0,86.0,23.0,95.0,0.575,25.0,2
31,35.9,4,71.0,64.0,21.0,15.0,0.437,35.0,1
38,24.1,1,91.0,81.0,28.0,27.0,0.601,19.0,1
32,22.7,1,102.0,60.0,15.0,137.0,0.253,32.0,1
29,26.9,2,69.0,95.0,21.0,15.0,0.321,24.0,0
30,36.2,4,82.0,63.0,8.0,155.0,0.126,24.0,1
64,22.9,3,114.0,80.0,28.0,15.0,0.08,31.0,1
37,18.0,0,109.0,60.0,23.0,144.0,0.394,31.0,1
58,27.8,4,128.0,70.0,25.0,36.0,0.08,44.0,2
27,32.4,3,88.0,89.0,12.0,76.0,0.473,28.0,1
33,22.2,1,107.0,63.0,27.0,15.0,0.226,24.0,1
60,31.9,3,86.0,96.0,37.0,15.0,1.454,27.0,2
62,22.1,0,125.0,72.0,23.0,19.0,0.374,17.0,2
29,26.7,1,138.0,83.0,29.0,15.0,0.555,24.0,2
47,31.4,2,119.0,76.0,17.0,30.0,0.209,67.0,1
22,21.3,1,135.0,77.0,23.0,58.0,0.801,14.0,2
25,28.4,3,106.0,56.0,12.0,71.0,0.845,25.0,1
49,33.8,0,128.0,67.0,30.0,125.0,0.715,23.0,2
57,30.0,3,107.0,85.0,25.0,85.0,1.278,26.0,2
58,23.8,5,76.0,68.0,14.0,75.0,0.141,24.0,1
39,35.4,0,112.0,74.0,18.0,42.0,0.585,35.0,2
28,30.9,1,77.0,55.0,24.0,51.0,0.191,0.0,1
21,18.0,2,170.0,66.0,31.0,43.0,0.147,49.0,1
42,32.0,1,96.0,84.0,36.0,148.0,0.358,41.0,1
37,24.5,2,123.0,58.0,23.0,21.0,0.44,8.0,1
27,28.5,2,105.0,80.0,13.0,15.0,0.339,0.0,1
45,32.7,0,70.0,74.0,26.0,84.0,0.111,12.0,0
24,24.6,3,65.0,69.0,38.0,18.0,0.386,26.0,0
56,18.9,0,126.0,69.0,11.0,177.0,0.362,76.0,0
26,35.3,1,148.0,67.0,16.0,157.0,0.153,40.0,2
51,33.6,1,84.0,68.0,29.0,15.0,0.954,0.0,2
39,27.0,4,65.0,82.0,25.0,15.0,1.202,18.0,0
64,31.9,1,96.0,67.0,20.0,55.0,0.405,29.0,1
59,25.6,3,79.0,92.0,26.0,75.0,0.08,35.0,1
47,28.0,1,87.0,75.0,32.0,26.0,0.366,6.0,1
30,26.7,3,122.0,66.0,23.0,101.0,0.773,28.0,2
46,25.8,1,104.0,83.0,23.0,72.0,0.372,17.0,1
39,29.4,1,82.0,79.0,29.0,31.0,0.336,10.0,2
59,21.2,4,121.0,54.0,22.0,15.0,0.593,35.0,1
23,26.2,0,124.0,61.0,33.0,111.0,1.466,44.0,2
33,29.1,2,96.0,71.0,40.0,19.0,0.47,45.0,1
48,37.1,1,109.0,55.0,17.0,144.0,0.408,40.0,1
40,21.4,1,120.0,95.0,14.0,44.0,0.89,21.0,2
48,30.2,2,117.0,81.0,27.0,69.0,0.513,43.0,2
28,30.8,1,106.0,72.0,14.0,165.0,1.107,36.0,1
61,18.0,2,145.0,68.0,14.0,159.0,0.15,32.0,2
59,29.6,1,121.0,65.0,8.0,37.0,0.152,19.0,2
21,32.1,2,92.0,50.0,21.0,19.0,0.18,21.0,1
23,30.6,0,93.0,53.0,24.0,119.0,0.682,31.0,0
33,27.1,1,89.0,93.0,20.0,45.0,0.472,74.0,0
48,29.2,4,123.0,89.0,35.0,17.0,0.3,35.0,2
45,28.4,3,88.0,66.0,35.0,188.0,0.475,19.0,1
53,18.7,2,93.0,82.0,39.0,18.0,0.753,15.0,1
58,28.5,2,135.0,78.0,24.0,15.0,0.287,21.0,2
26,25.6,1,110.0,79.0,33.0,15.0,0.626,69.0,1
64,23.8,5,139.0,56.0,26.0,78.0,0.26,23.0,2
52,40.4,0,127.0,52.0,26.0,87.0,0.085,46.0,2
41,34.0,2,72.0,85.0,20.0,30.0,0.372,23.0,1
36,21.5,3,102.0,50.0,8.0,31.0,0.08,35.0,1
41,29.3,1,133.0,70.0,29.0,33.0,0.284,44.0,2
31,35.1,1,71.0,68.0,33.0,91.0,0.411,20.0,0
57,19.7,0,117.0,67.0,12.0,15.0,0.181,18.0,2
56,27.9,4,104.0,75.0,24.0,212.0,0.559,60.0,1
55,28.1,3,65.0,65.0,32.0,20.0,0.306,48.0,0
39,20.9,2,108.0,76.0,21.0,350.0,0.571,44.0,1
40,29.5,0,82.0,74.0,34.0,15.0,0.363,44.0,0
38,33.3,2,72.0,95.0,23.0,118.0,0.314,38.0,0
61,35.3,3,105.0,57.0,20.0,20.0,0.183,66.0,1
34,26.2,2,65.0,72.0,34.0,15.0,0.377,31.0,0
35,40.5,0,86.0,77.0,17.0,166.0,0.414,40.0,1
51,18.0,0,176.0,69.0,18.0,157.0,0.48,4.0,2
21,29.4,1,123.0,57.0,17.0,41.0,0.447,15.0,1
23,20.2,1,80.0,86.0,15.0,97.0,0.11,8.0,0
36,28.0,1,144.0,76.0,25.0,65.0,0.731,53.0,2
43,24.8,0,77.0,58.0,20.0,153.0,0.493,0.0,1
31,30.1,0,89.0,77.0,28.0,30.0,0.384,23.0,1
32,26.8,2,73.0,91.0,10.0,59.0,0.476,0.0,1
30,23.2,2,112.0,72.0,15.0,53.0,0.543,15.0,1
52,23.5,3,143.0,72.0,24.0,35.0,1.237,21.0,2
36,37.5,3,77.0,89.0,36.0,178.0,0.232,55.0,0
28,29.8,1,65.0,61.0,27.0,15.0,0.238,37.0,0
58,18.6,0,136.0,91.0,19.0,15.0,0.142,15.0,1
32,30.4,2,149.0,83.0,12.0,69.0,0.08,49.0,2
44,26.5,1,65.0,62.0,19.0,86.0,0.502,30.0,0
48,27.5,2,118.0,65.0,24.0,17.0,1.271,31.0,2
28,31.8,1,111.0,66.0,8.0,40.0,0.295,8.0,2
48,33.7,0,83.0,52.0,14.0,234.0,0.84,12.0,2
56,23.0,3,66.0,75.0,18.0,23.0,0.298,15.0,0
46,27.3,0,133.0,62.0,22.0,88.0,0.813,31.0,2
28,24.7,4,110.0,75.0,24.0,108.0,0.474,31.0,1
48,30.6,1,112.0,58.0,19.0,48.0,0.379,58.0,1
48,26.3,1,88.0,82.0,28.0,222.0,0.235,37.0,0
57,27.7,3,83.0,80.0,25.0,107.0,0.394,0.0,2
61,26.1,6,65.0,64.0,21.0,49.0,0.673,35.0,0
56,26.9,1,99.0,76.0,29.0,67.0,0.21,4.0,2
47,36.4,1,145.0,73.0,28.0,94.0,0.349,13.0,2
37,39.9,3,80.0,88.0,12.0,72.0,0.431,15.0,2
29,29.5,3,65.0,61.0,24.0,169.0,0.657,18.0,0
53,27.0,1,117.0,70.0,31.0,35.0,0.402,5.0,2
40,19.2,2,122.0,65.0,32.0,29.0,0.301,34.0,1
33,23.5,2,89.0,72.0,27.0,19.0,0.453,5.0,1
48,26.8,0,95.0,78.0,22.0,15.0,0.8,36.0,1
49,23.8,0,112.0,65.0,27.0,15.0,0.512,70.0,1
33,24.3,2,101.0,68.0,30.0,163.0,0.356,6.0,1
55,35.7,2,133.0,83.0,25.0,91.0,0.388,25.0,2
26,27.6,2,173.0,87.0,26.0,86.0,0.15,0.0,2
38,28.1,2,65.0,77.0,22.0,76.0,0.62,25.0,0
25,24.0,2,139.0,70.0,13.0,151.0,0.113,42.0,1
45,33.6,1,108.0,69.0,23.0,52.0,0.263,43.0,2
22,26.4,1,144.0,78.0,19.0,163.0,0.324,31.0,1
30,24.8,4,125.0,75.0,19.0,36.0,0.263,46.0,1
50,19.3,4,107.0,54.0,35.0,209.0,0.156,76.0,0
25,27.2,2,126.0,78.0,32.0,96.0,0.214,61.0,1
53,24.6,2,94.0,63.0,10.0,24.0,0.106,21.0,1
21,36.3,2,83.0,56.0,15.0,66.0,1.017,4.0,1
38,37.1,7,128.0,54.0,21.0,61.0,0.24,23.0,2
52,21.1,2,81.0,70.0,19.0,15.0,0.221,13.0,0
31,21.7,2,123.0,61.0,27.0,72.0,1.267,38.0,1
41,26.1,3,106.0,46.0,14.0,30.0,0.08,9.0,1
46,23.3,0,65.0,68.0,32.0,15.0,0.553,29.0,0
45,28.6,2,89.0,67.0,24.0,238.0,0.382,45.0,1
42,25.8,1,114.0,70.0,21.0,82.0,0.158,28.0,1
47,29.0,3,94.0,65.0,24.0,168.0,0.403,13.0,2
33,32.8,1,65.0,92.0,21.0,90.0,1.127,51.0,0
53,22.0,2,142.0,78.0,8.0,35.0,0.55,0.0,2
54,32.7,1,110.0,67.0,24.0,58.0,0.5,24.0,2
61,23.7,2,117.0,71.0,21.0,90.0,0.123,29.0,2
55,38.7,2,92.0,88.0,16.0,258.0,0.184,30.0,2
21,35.9,4,120.0,83.0,33.0,23.0,0.087,33.0,1
41,26.9,2,156.0,57.0,29.0,166.0,0.392,41.0,2
26,22.5,2,84.0,61.0,44.0,206.0,0.379,29.0,0
48,21.5,2,152.0,63.0,31.0,89.0,0.185,23.0,2
37,32.0,1,116.0,67.0,19.0,214.0,0.675,23.0,2
25,27.3,0,81.0,65.0,17.0,41.0,0.115,19.0,1
51,32.3,0,167.0,72.0,20.0,245.0,0.198,44.0,2
25,39.0,1,116.0,80.0,19.0,97.0,0.401,18.0,2
58,23.5,2,124.0,82.0,25.0,15.0,0.13,45.0,1
23,21.1,2,97.0,68.0,12.0,190.0,0.289,30.0,0
43,28.5,2,83.0,54.0,29.0,53.0,0.211,21.0,1
57,33.5,5,110.0,61.0,25.0,49.0,0.446,41.0,2
57,22.6,1,149.0,66.0,28.0,67.0,0.105,17.0,2
30,27.7,1,96.0,58.0,15.0,15.0,0.08,41.0,0
30,34.6,2,104.0,85.0,26.0,51.0,0.125,34.0,1
39,19.0,0,146.0,59.0,34.0,142.0,0.682,19.0,2
37,28.7,0,97.0,79.0,17.0,15.0,0.648,40.0,1
41,24.7,3,119.0,53.0,17.0,25.0,0.166,40.0,1
34,28.1,3,130.0,79.0,30.0,15.0,0.348,51.0,1
29,31.2,1,99.0,70.0,16.0,43.0,0.372,47.0,1
21,28.6,2,114.0,89.0,22.0,104.0,0.099,39.0,2
33,22.2,1,124.0,60.0,36.0,128.0,0.216,10.0,1
24,24.9,0,94.0,66.0,17.0,232.0,0.313,74.0,0
21,34.9,1,128.0,68.0,36.0,75.0,0.08,5.0,2
60,29.2,2,90.0,70.0,21.0,24.0,0.4,47.0,1
52,31.9,2,86.0,68.0,15.0,206.0,0.52,38.0,1
54,28.8,1,65.0,68.0,29.0,119.0,0.432,9.0,1
48,31.7,0,91.0,68.0,25.0,68.0,0.607,28.0,1
51,25.4,2,82.0,49.0,24.0,95.0,0.502,29.0,1
28,23.5,4,94.0,83.0,18.0,206.0,0.672,54.0,0
59,31.5,3,122.0,103.0,25.0,100.0,0.08,17.0,2
46,33.4,5,65.0,75.0,8.0,37.0,0.267,25.0,0
54,22.7,2,65.0,60.0,26.0,100.0,0.15,0.0,1
23,24.5,2,84.0,61.0,34.0,15.0,0.08,61.0,0
32,26.7,3,118.0,79.0,10.0,39.0,0.328,11.0,2
21,35.9,1,113.0,76.0,21.0,42.0,0.697,36.0,1
64,30.4,2,84.0,69.0,17.0,15.0,0.223,28.0,1
25,20.6,0,138.0,80.0,12.0,15.0,0.467,28.0,1
50,27.0,2,87.0,49.0,8.0,15.0,0.845,45.0,0
50,26.2,5,118.0,80.0,15.0,85.0,0.298,60.0,1
37,21.4,3,95.0,75.0,22.0,130.0,0.755,35.0,0
43,27.0,1,81.0,61.0,33.0,350.0,0.705,42.0,1
35,26.0,1,88.0,56.0,12.0,34.0,0.457,36.0,0
57,25.6,6,126.0,73.0,26.0,73.0,0.12,48.0,2
41,25.4,1,115.0,87.0,26.0,221.0,0.08,22.0,1
34,35.2,3,132.0,69.0,37.0,15.0,0.2,49.0,2
22,25.6,1,115.0,63.0,29.0,101.0,0.254,50.0,1
31,27.8,3,65.0,74.0,29.0,113.0,0.298,49.0,0
59,27.2,4,164.0,92.0,30.0,15.0,0.56,18.0,2
58,24.9,3,116.0,77.0,17.0,158.0,0.193,27.0,2
54,27.9,3,119.0,78.0,19.0,134.0,0.571,34.0,2
58,27.8,1,94.0,85.0,33.0,15.0,1.059,5.0,2
54,27.9,1,136.0,77.0,8.0,15.0,0.319,59.0,2
38,23.0,3,74.0,63.0,19.0,15.0,0.424,30.0,0
50,26.4,4,122.0,53.0,13.0,33.0,1.016,35.0,2
35,31.5,1,65.0,62.0,26.0,57.0,0.623,20.0,1
47,26.6,1,124.0,60.0,21.0,61.0,0.198,6.0,2
54,28.3,1,75.0,79.0,29.0,25.0,1.116,19.0,1
58,28.4,2,113.0,81.0,23.0,194.0,0.417,34.0,2
53,29.7,1,143.0,74.0,12.0,37.0,0.219,42.0,2
44,30.4,2,128.0,58.0,12.0,15.0,0.08,33.0,2
35,26.6,2,139.0,92.0,24.0,29.0,0.195,36.0,2
50,22.8,3,136.0,67.0,18.0,61.0,0.404,24.0,2
62,21.2,1,90.0,79.0,20.0,42.0,0.151,39.0,1
37,32.8,2,122.0,73.0,32.0,26.0,0.173,57.0,1
25,31.5,1,65.0,74.0,30.0,15.0,0.873,43.0,0
49,30.9,2,86.0,78.0,38.0,137.0,0.422,45.0,1
24,31.7,1,144.0,64.0,21.0,350.0,0.088,35.0,2
30,26.7,1,94.0,86.0,19.0,32.0,0.589,3.0,1
37,24.3,3,65.0,55.0,27.0,38.0,0.08,11.0,0
30,22.4,1,161.0,61.0,20.0,77.0,0.404,38.0,2
37,21.8,1,121.0,86.0,20.0,101.0,0.367,30.0,1
40,33.8,1,126.0,78.0,22.0,40.0,1.47,38.0,2
44,24.9,3,78.0,100.0,37.0,188.0,0.733,60.0,0
25,33.0,0,113.0,73.0,30.0,66.0,0.352,43.0,1
54,26.5,0,112.0,91.0,30.0,48.0,0.656,53.0,1
26,24.0,2,82.0,52.0,37.0,83.0,0.08,32.0,0
22,21.8,3,100.0,56.0,31.0,244.0,0.364,15.0,1
33,24.4,0,65.0,82.0,15.0,127.0,0.211,29.0,0
63,34.9,2,95.0,53.0,31.0,15.0,0.397,16.0,2
63,21.9,2,132.0,70.0,32.0,32.0,0.08,58.0,2
31,38.5,1,84.0,85.0,29.0,51.0,0.577,44.0,1
43,23.1,2,158.0,78.0,22.0,30.0,0.504,39.0,2
36,31.4,0,65.0,72.0,28.0,96.0,0.749,52.0,0
51,26.7,3,98.0,67.0,24.0,140.0,0.253,0.0,2
31,25.8,3,87.0,74.0,16.0,105.0,0.593,41.0,1
36,20.9,0,100.0,78.0,18.0,350.0,1.179,6.0,1
28,27.0,1,143.0,65.0,30.0,25.0,0.286,30.0,2
24,21.5,3,77.0,76.0,17.0,166.0,0.102,24.0,0
60,18.8,1,92.0,84.0,18.0,116.0,0.567,42.0,1
24,28.1,1,123.0,70.0,30.0,36.0,0.266,34.0,2
45,24.2,0,108.0,73.0,25.0,106.0,0.144,54.0,1
23,36.3,1,110.0,77.0,29.0,15.0,0.171,19.0,2
52,32.7,3,78.0,78.0,14.0,125.0,0.087,43.0,0
23,36.3,2,103.0,82.0,28.0,61.0,0.144,33.0,1
47,24.0,3,137.0,61.0,19.0,28.0,0.477,1.0,2
49,28.2,1,65.0,66.0,16.0,85.0,0.49,13.0,1
52,18.0,2,85.0,67.0,20.0,82.0,0.187,27.0,0
39,26.0,0,65.0,62.0,35.0,19.0,1.422,50.0,0
41,28.0,1,120.0,52.0,21.0,15.0,0.391,38.0,1
25,28.3,1,139.0,45.0,42.0,45.0,0.455,9.0,2
38,27.3,0,100.0,85.0,8.0,67.0,0.528,27.0,1
48,27.8,3,77.0,55.0,12.0,167.0,0.197,66.0,0
62,18.0,0,78.0,89.0,35.0,211.0,0.681,32.0,1
42,28.8,6,97.0,80.0,37.0,60.0,0.08,24.0,1
41,30.0,4,97.0,68.0,17.0,112.0,0.129,39.0,1
26,34.5,3,131.0,79.0,25.0,46.0,0.198,44.0,2
21,29.4,1,86.0,77.0,30.0,110.0,0.425,22.0,1
25,26.8,4,117.0,60.0,22.0,18.0,0.109,39.0,1
61,33.2,2,96.0,72.0,25.0,37.0,0.119,24.0,2
32,18.0,3,84.0,61.0,24.0,80.0,0.94,43.0,0
46,24.8,2,96.0,79.0,12.0,15.0,0.86,33.0,2
54,23.5,0,114.0,64.0,21.0,103.0,0.104,39.0,1
34,27.3,1,131.0,71.0,24.0,144.0,0.182,16.0,2
46,18.0,0,98.0,70.0,25.0,41.0,0.345,15.0,0
47,34.4,2,71.0,73.0,10.0,48.0,0.55,47.0,0
29,26.2,3,133.0,90.0,30.0,152.0,0.249,29.0,1
46,29.2,0,80.0,69.0,25.0,120.0,0.225,35.0,1
42,28.7,0,112.0,85.0,16.0,27.0,0.789,24.0,2
50,34.1,0,104.0,77.0,38.0,31.0,0.197,46.0,2
63,18.0,1,101.0,88.0,21.0,91.0,0.284,19.0,2
37,28.1,3,91.0,68.0,22.0,66.0,0.513,28.0,0
46,33.5,1,122.0,80.0,29.0,15.0,0.529,44.0,2
56,27.0,1,65.0,71.0,39.0,30.0,0.49,51.0,0
21,22.6,2,137.0,45.0,29.0,184.0,0.47,21.0,2
28,24.4,5,79.0,60.0,31.0,93.0,0.426,65.0,0
55,25.5,3,116.0,78.0,16.0,341.0,0.299,36.0,1
35,23.8,0,115.0,78.0,25.0,117.0,0.68,11.0,2
42,26.7,2,141.0,58.0,20.0,228.0,0.548,37.0,2
34,35.3,2,111.0,74.0,30.0,19.0,0.22,23.0,2
46,24.4,4,82.0,78.0,30.0,118.0,0.289,38.0,1
48,25.0,0,65.0,72.0,37.0,15.0,0.118,29.0,0
43,29.9,1,95.0,80.0,8.0,89.0,0.245,31.0,1
34,26.6,1,65.0,79.0,19.0,51.0,0.133,14.0,0
44,20.6,0,87.0,72.0,34.0,34.0,0.693,48.0,0
22,27.2,0,97.0,66.0,13.0,159.0,1.623,9.0,1
46,27.0,0,86.0,83.0,30.0,154.0,0.123,10.0,1
34,32.6,3,106.0,77.0,33.0,15.0,0.313,37.0,1
27,22.4,0,98.0,57.0,24.0,75.0,0.275,59.0,0
23,32.6,0,96.0,74.0,13.0,37.0,0.08,24.0,1
43,27.0,1,65.0,59.0,23.0,43.0,0.204,43.0,0
63,21.7,1,69.0,61.0,36.0,143.0,1.148,49.0,0
38,20.7,0,123.0,65.0,36.0,30.0,0.403,45.0,1
58,37.6,1,128.0,72.0,26.0,229.0,0.317,24.0,2
55,26.7,1,65.0,76.0,16.0,16.0,0.135,10.0,0
35,32.4,0,82.0,68.0,38.0,87.0,0.629,0.0,1
45,18.6,1,135.0,68.0,31.0,89.0,0.237,25.0,2
57,41.2,2,85.0,66.0,17.0,23.0,0.194,51.0,2
48,32.1,2,102.0,84.0,27.0,31.0,0.585,10.0,2
30,26.2,3,145.0,45.0,26.0,144.0,0.315,43.0,2
59,25.9,3,95.0,69.0,19.0,115.0,0.154,13.0,1
37,31.3,1,91.0,89.0,27.0,32.0,0.62,32.0,1
59,31.0,1,101.0,78.0,33.0,61.0,0.393,43.0,1
42,28.4,1,157.0,86.0,22.0,15.0,0.625,18.0,2
46,27.6,1,117.0,50.0,34.0,19.0,0.328,33.0,2
64,30.4,2,106.0,58.0,10.0,53.0,1.705,23.0,2
45,18.4,2,90.0,78.0,42.0,15.0,0.08,43.0,0
37,25.6,1,120.0,89.0,24.0,148.0,1.58,34.0,1
33,18.9,3,123.0,59.0,33.0,101.0,0.22,31.0,1
40,30.6,1,75.0,68.0,26.0,230.0,0.08,58.0,0
45,24.0,5,124.0,76.0,17.0,95.0,0.421,42.0,2
24,19.3,2,101.0,56.0,24.0,226.0,0.786,18.0,0
30,23.4,1,106.0,78.0,9.0,65.0,0.487,28.0,0
23,28.3,2,80.0,45.0,30.0,73.0,0.08,29.0,0
61,26.4,3,94.0,77.0,26.0,302.0,0.08,31.0,1
38,21.4,0,76.0,61.0,22.0,82.0,0.085,75.0,0
56,18.6,4,75.0,67.0,30.0,15.0,0.204,37.0,0
42,27.9,1,116.0,79.0,24.0,103.0,0.099,0.0,2
54,24.5,2,95.0,77.0,29.0,189.0,0.288,20.0,1
28,26.2,3,69.0,72.0,32.0,127.0,0.08,0.0,0
60,26.7,1,166.0,83.0,20.0,70.0,0.303,24.0,2
64,29.7,0,74.0,53.0,17.0,89.0,0.468,0.0,1
39,31.9,2,136.0,74.0,10.0,350.0,0.785,14.0,2
62,28.3,2,65.0,63.0,25.0,15.0,0.415,3.0,1
61,25.8,1,118.0,82.0,28.0,88.0,0.902,37.0,2
57,27.6,1,98.0,80.0,13.0,27.0,0.416,30.0,2
26,25.7,3,87.0,80.0,35.0,82.0,0.115,35.0,0
46,19.0,5,111.0,90.0,17.0,75.0,0.264,28.0,1
54,33.2,0,107.0,84.0,8.0,15.0,0.195,5.0,2
26,32.2,3,82.0,70.0,36.0,19.0,0.374,39.0,0
57,37.8,2,81.0,72.0,8.0,78.0,0.08,65.0,1
53,39.4,5,65.0,79.0,32.0,15.0,0.847,37.0,1
42,21.4,1,114.0,73.0,30.0,25.0,0.568,22.0,2
41,25.8,2,70.0,80.0,27.0,144.0,0.35,4.0,1
26,40.6,1,105.0,47.0,20.0,32.0,1.648,14.0,2
26,27.3,1,122.0,93.0,28.0,54.0,1.141,38.0,1
24,28.8,3,111.0,73.0,32.0,227.0,0.53,49.0,1
50,19.6,0,85.0,54.0,16.0,21.0,0.361,35.0,0
31,28.3,3,130.0,62.0,32.0,39.0,0.286,44.0,1
50,37.5,2,94.0,49.0,31.0,75.0,0.269,43.0,2
51,34.2,2,68.0,60.0,26.0,113.0,0.189,39.0,1
44,24.3,1,97.0,70.0,20.0,186.0,0.19,18.0,1
29,25.4,1,121.0,89.0,31.0,198.0,0.334,33.0,1
23,21.6,1,86.0,77.0,28.0,120.0,0.745,15.0,0
51,23.1,2,130.0,75.0,16.0,21.0,0.331,30.0,2
60,18.0,2,83.0,60.0,21.0,15.0,0.094,36.0,0
57,27.1,0,87.0,63.0,31.0,39.0,0.275,60.0,0
56,35.4,2,76.0,64.0,25.0,15.0,0.146,6.0,1
44,29.3,0,124.0,64.0,33.0,99.0,0.998,39.0,2
51,34.6,1,104.0,68.0,21.0,87.0,0.08,57.0,1
26,33.1,2,78.0,69.0,16.0,15.0,0.357,44.0,0
22,24.7,0,94.0,68.0,42.0,145.0,0.133,45.0,0
40,23.6,4,65.0,65.0,11.0,23.0,0.286,41.0,0
48,23.7,4,127.0,73.0,20.0,45.0,0.353,53.0,2
31,18.6,1,100.0,69.0,26.0,88.0,0.651,10.0,1
24,27.7,0,65.0,54.0,32.0,45.0,0.247,5.0,0
35,18.0,6,65.0,72.0,29.0,47.0,0.345,30.0,0
26,30.6,0,93.0,71.0,42.0,15.0,0.851,0.0,1
50,27.9,1,68.0,55.0,23.0,41.0,0.849,52.0,1
58,30.0,0,127.0,65.0,17.0,116.0,1.386,52.0,2
22,33.0,2,117.0,79.0,22.0,197.0,0.156,22.0,2
35,28.5,2,115.0,59.0,21.0,43.0,1.401,23.0,1
31,36.0,0,65.0,58.0,23.0,44.0,0.272,29.0,0
28,30.7,3,90.0,68.0,16.0,97.0,0.976,31.0,1
46,23.6,4,85.0,79.0,30.0,229.0,0.632,32.0,1
64,26.3,4,78.0,92.0,27.0,25.0,0.236,40.0,0
25,18.0,2,93.0,79.0,14.0,46.0,1.216,27.0,0
26,22.8,4,73.0,84.0,32.0,127.0,0.906,47.0,0
46,25.5,3,111.0,76.0,18.0,75.0,0.111,38.0,1
24,30.3,3,126.0,64.0,15.0,15.0,0.253,19.0,2
39,23.6,3,124.0,79.0,25.0,79.0,0.573,54.0,1
40,21.0,1,101.0,71.0,10.0,17.0,0.092,6.0,1
53,18.0,3,161.0,76.0,29.0,57.0,0.325,28.0,2
40,24.4,1,137.0,62.0,8.0,60.0,0.746,47.0,2
32,37.6,2,102.0,77.0,16.0,167.0,0.324,17.0,2
21,28.9,4,91.0,71.0,37.0,50.0,0.416,36.0,0
46,32.4,0,142.0,75.0,19.0,26.0,0.707,40.0,2
34,22.8,6,133.0,71.0,20.0,21.0,0.488,15.0,2
58,19.3,2,66.0,69.0,34.0,166.0,0.322,29.0,0
57,21.2,1,135.0,77.0,18.0,15.0,0.966,27.0,2
31,27.0,3,101.0,68.0,30.0,44.0,0.385,20.0,1
56,18.0,0,81.0,55.0,33.0,17.0,0.353,71.0,0
33,22.3,0,65.0,51.0,28.0,119.0,0.954,16.0,0
63,24.5,1,97.0,74.0,12.0,51.0,0.502,48.0,1
23,20.6,4,105.0,67.0,19.0,35.0,0.137,23.0,0
53,18.0,2,149.0,53.0,46.0,36.0,0.154,10.0,2
26,29.0,4,132.0,73.0,20.0,153.0,0.194,32.0,1
30,27.7,5,89.0,71.0,48.0,65.0,0.73,42.0,0
25,31.6,1,116.0,67.0,38.0,101.0,0.676,47.0,1
43,21.7,4,128.0,75.0,28.0,182.0,0.41,58.0,2
30,31.5,1,107.0,86.0,26.0,186.0,0.156,83.0,1
64,35.5,1,89.0,86.0,20.0,32.0,0.267,35.0,2
22,28.9,1,90.0,74.0,23.0,244.0,0.889,18.0,1
33,24.3,0,116.0,71.0,18.0,15.0,0.316,38.0,1
60,28.3,1,117.0,74.0,23.0,38.0,0.306,25.0,2
22,24.1,4,97.0,75.0,13.0,181.0,0.207,47.0,0
40,23.2,2,65.0,69.0,13.0,26.0,0.746,7.0,0
21,31.1,1,69.0,74.0,34.0,26.0,0.182,73.0,0
57,26.8,1,122.0,55.0,11.0,29.0,0.612,45.0,2
29,33.8,1,65.0,73.0,31.0,76.0,0.238,0.0,0
37,25.2,2,138.0,77.0,9.0,46.0,0.532,17.0,2
29,25.7,2,134.0,67.0,29.0,104.0,0.441,45.0,1
31,24.6,0,106.0,71.0,22.0,180.0,0.34,51.0,0
35,21.7,1,122.0,60.0,35.0,90.0,0.274,7.0,2
44,31.7,2,120.0,58.0,21.0,18.0,0.475,43.0,2
58,38.9,2,102.0,74.0,8.0,216.0,0.437,0.0,2
55,25.5,2,67.0,64.0,22.0,25.0,0.216,28.0,0
50,24.0,0,132.0,52.0,25.0,15.0,0.806,50.0,2
51,23.6,1,144.0,60.0,23.0,15.0,0.687,20.0,2
25,24.0,1,71.0,61.0,29.0,66.0,0.159,3.0,0
64,36.1,2,65.0,81.0,19.0,15.0,0.176,33.0,1
34,23.8,4,101.0,74.0,14.0,15.0,0.08,19.0,1
31,24.5,4,87.0,62.0,16.0,29.0,0.64,41.0,0
29,21.1,1,109.0,66.0,20.0,26.0,0.284,14.0,1
54,29.0,3,139.0,86.0,20.0,74.0,0.36,16.0,2
32,27.2,2,65.0,82.0,43.0,136.0,0.171,0.0,1
55,21.6,1,149.0,60.0,34.0,115.0,0.361,33.0,2
55,22.9,1,94.0,85.0,29.0,24.0,0.456,27.0,1
21,35.5,2,119.0,71.0,28.0,23.0,0.105,9.0,2
60,27.7,2,122.0,81.0,26.0,270.0,0.448,33.0,2
42,28.0,1,126.0,70.0,26.0,15.0,0.431,48.0,2
49,28.0,2,107.0,85.0,25.0,169.0,0.924,26.0,2
28,34.8,0,113.0,59.0,24.0,18.0,0.469,35.0,1
31,22.1,1,113.0,69.0,8.0,235.0,0.154,35.0,1
61,25.4,1,87.0,85.0,21.0,34.0,0.167,8.0,1
57,26.6,1,65.0,46.0,22.0,46.0,0.427,67.0,1
34,18.5,3,71.0,71.0,18.0,98.0,0.277,22.0,0
50,22.7,0,102.0,68.0,20.0,71.0,0.606,42.0,1
55,32.9,2,83.0,80.0,26.0,31.0,0.101,44.0,1
41,31.5,0,83.0,84.0,30.0,65.0,0.66,27.0,1
57,32.4,3,155.0,80.0,26.0,105.0,0.416,41.0,2
25,24.4,1,129.0,75.0,30.0,15.0,0.94,34.0,2
39,25.1,2,98.0,72.0,30.0,15.0,0.332,4.0,1
34,18.2,1,124.0,68.0,22.0,49.0,0.16,24.0,1
46,32.3,4,93.0,74.0,28.0,15.0,0.146,19.0,1
24,33.2,1,108.0,88.0,10.0,87.0,0.469,22.0,1
45,33.1,0,117.0,63.0,21.0,19.0,0.119,7.0,2
62,35.8,2,93.0,68.0,20.0,45.0,1.392,50.0,2
45,29.7,1,86.0,71.0,36.0,18.0,0.322,59.0,0
38,35.6,2,139.0,83.0,27.0,64.0,1.008,48.0,2
60,26.5,2,122.0,74.0,13.0,15.0,0.08,53.0,2
28,18.3,2,65.0,83.0,29.0,15.0,0.08,24.0,0
59,32.0,4,86.0,83.0,31.0,15.0,0.195,19.0,2
60,18.1,0,83.0,79.0,23.0,247.0,0.491,16.0,1
34,28.4,1,88.0,60.0,30.0,15.0,0.398,42.0,0
52,32.5,3,129.0,90.0,8.0,99.0,0.222,34.0,2
58,29.2,1,106.0,88.0,8.0,15.0,0.486,29.0,2
53,39.3,0,66.0,73.0,15.0,15.0,0.298,53.0,1
43,18.0,3,94.0,57.0,25.0,57.0,0.123,37.0,0
35,27.1,0,120.0,55.0,36.0,50.0,1.111,15.0,2
53,27.6,1,99.0,75.0,15.0,242.0,0.08,18.0,2
45,20.5,0,87.0,64.0,17.0,232.0,0.442,42.0,0
37,21.5,1,114.0,53.0,25.0,121.0,0.379,49.0,1
53,23.1,2,150.0,55.0,20.0,74.0,0.387,40.0,2
22,21.8,2,118.0,67.0,20.0,49.0,0.759,64.0,1
34,26.9,1,141.0,74.0,21.0,35.0,0.142,59.0,1
60,24.4,2,89.0,87.0,35.0,235.0,0.135,38.0,1
60,29.2,3,105.0,77.0,33.0,74.0,0.76,15.0,1
59,30.9,0,104.0,68.0,24.0,69.0,0.567,6.0,2
26,30.5,3,108.0,76.0,37.0,21.0,0.97,23.0,1
26,25.4,1,117.0,75.0,28.0,15.0,0.31,44.0,0
23,29.0,3,79.0,80.0,33.0,232.0,0.302,63.0,0
27,32.9,2,123.0,72.0,17.0,30.0,0.705,38.0,1
28,29.8,4,65.0,83.0,19.0,47.0,0.879,51.0,1
62,37.2,2,68.0,81.0,19.0,15.0,0.124,26.0,1
35,32.6,4,165.0,73.0,23.0,145.0,1.342,41.0,2
49,36.4,1,91.0,71.0,24.0,15.0,0.251,45.0,1
53,18.0,1,125.0,82.0,27.0,144.0,0.439,0.0,2
50,28.0,3,153.0,64.0,40.0,15.0,0.56,23.0,2
59,25.8,2,65.0,55.0,30.0,174.0,0.773,47.0,0
47,26.9,0,137.0,55.0,20.0,105.0,0.626,35.0,2
56,23.3,0,123.0,63.0,24.0,15.0,0.393,8.0,2
49,29.6,1,151.0,79.0,36.0,67.0,0.622,0.0,2
58,18.1,3,72.0,67.0,30.0,30.0,0.275,23.0,1
53,29.6,4,146.0,74.0,36.0,16.0,0.233,29.0,2
57,23.5,3,84.0,67.0,20.0,157.0,0.383,14.0,1
47,24.9,0,135.0,67.0,18.0,41.0,0.847,33.0,2
53,29.8,1,104.0,61.0,18.0,41.0,0.551,39.0,2
24,27.9,2,127.0,71.0,21.0,15.0,0.257,42.0,1
42,33.0,4,106.0,70.0,15.0,39.0,0.348,0.0,2
22,22.5,1,65.0,77.0,26.0,164.0,0.73,6.0,0
30,27.1,1,65.0,75.0,26.0,36.0,0.455,25.0,0
25,32.1,1,111.0,70.0,35.0,242.0,0.414,40.0,1
30,29.4,2,98.0,55.0,10.0,234.0,0.421,39.0,0
53,29.7,1,116.0,84.0,16.0,15.0,0.131,38.0,2
58,33.3,2,98.0,71.0,30.0,16.0,0.08,23.0,1
33,25.4,0,162.0,73.0,25.0,159.0,0.79,24.0,2
51,24.3,3,111.0,90.0,24.0,40.0,0.381,17.0,1
56,30.5,6,92.0,82.0,34.0,15.0,0.43,44.0,1
44,26.7,1,114.0,77.0,16.0,26.0,0.264,13.0,2
35,33.3,2,93.0,72.0,18.0,73.0,0.981,45.0,1
49,29.4,2,108.0,72.0,17.0,128.0,0.245,34.0,1
28,24.3,2,71.0,75.0,8.0,15.0,0.296,29.0,0
25,29.3,2,105.0,76.0,25.0,15.0,0.779,18.0,2
49,22.8,2,92.0,91.0,20.0,204.0,0.252,6.0,1
24,32.4,1,74.0,99.0,18.0,111.0,0.434,18.0,1
32,20.2,4,160.0,75.0,17.0,71.0,0.107,24.0,2
22,33.9,2,75.0,48.0,24.0,117.0,0.173,0.0,1
47,29.2,0,105.0,62.0,18.0,45.0,0.091,26.0,2
51,26.6,0,83.0,92.0,26.0,114.0,0.396,47.0,0
56,31.5,2,113.0,80.0,28.0,37.0,0.415,40.0,2
56,30.2,1,69.0,77.0,22.0,22.0,0.434,21.0,0
46,34.4,3,129.0,70.0,21.0,104.0,0.305,31.0,2
63,34.4,2,162.0,59.0,25.0,44.0,0.318,20.0,2
47,29.3,2,81.0,90.0,24.0,319.0,0.214,33.0,1
25,23.0,0,139.0,63.0,35.0,34.0,0.274,58.0,1
40,24.7,3,94.0,80.0,27.0,204.0,0.113,47.0,0
31,27.1,3,147.0,58.0,33.0,216.0,0.485,39.0,1
30,33.1,1,166.0,70.0,29.0,22.0,0.647,21.0,2
60,25.1,1,98.0,83.0,13.0,128.0,0.326,43.0,1
58,25.6,3,65.0,69.0,20.0,45.0,0.319,0.0,1
26,37.1,2,132.0,68.0,24.0,200.0,0.397,25.0,2
28,27.0,4,111.0,72.0,31.0,48.0,0.963,41.0,1
43,24.2,1,119.0,57.0,39.0,109.0,0.348,43.0,1
46,31.5,3,95.0,55.0,20.0,50.0,0.372,42.0,0
63,27.2,2,80.0,80.0,24.0,21.0,1.685,35.0,1
32,20.3,3,137.0,67.0,30.0,18.0,0.31,26.0,1
46,32.9,1,114.0,80.0,24.0,44.0,0.476,40.0,2
33,23.6,1,65.0,84.0,37.0,113.0,0.462,13.0,0
60,27.7,2,124.0,85.0,13.0,74.0,0.279,15.0,2
38,27.1,1,119.0,54.0,29.0,93.0,0.499,31.0,1
45,28.7,0,96.0,64.0,29.0,27.0,0.097,33.0,1
53,18.0,1,150.0,78.0,33.0,53.0,0.318,0.0,2
60,25.8,1,88.0,78.0,24.0,15.0,0.169,38.0,0
63,33.3,2,100.0,97.0,31.0,136.0,0.508,44.0,1
32,34.1,3,127.0,62.0,22.0,350.0,0.082,29.0,2
64,22.3,5,107.0,85.0,18.0,42.0,0.587,73.0,1
56,32.3,3,66.0,76.0,16.0,15.0,0.08,18.0,0
24,23.5,2,110.0,54.0,12.0,15.0,0.485,24.0,1
25,25.6,3,93.0,66.0,20.0,85.0,0.145,23.0,1
57,25.8,2,129.0,75.0,26.0,76.0,0.223,29.0,2
28,28.1,3,109.0,53.0,22.0,124.0,0.306,24.0,1
62,32.7,2,108.0,49.0,26.0,23.0,1.011,5.0,2
48,28.9,1,76.0,53.0,34.0,115.0,0.143,20.0,0
51,26.8,4,99.0,75.0,20.0,93.0,0.359,28.0,1
29,32.5,4,132.0,67.0,43.0,31.0,0.827,52.0,1
49,23.3,2,83.0,65.0,30.0,63.0,0.371,70.0,0
34,27.1,3,104.0,66.0,22.0,15.0,0.538,54.0,0
60,32.7,2,79.0,56.0,22.0,48.0,0.751,16.0,2
61,30.3,1,72.0,67.0,16.0,170.0,0.219,17.0,1
42,25.1,2,103.0,52.0,24.0,44.0,0.241,27.0,1
31,19.6,1,110.0,85.0,8.0,146.0,0.141,62.0,0
43,29.1,2,161.0,91.0,34.0,71.0,0.834,27.0,2
21,19.3,1,92.0,46.0,8.0,17.0,1.115,6.0,1
57,26.4,0,104.0,67.0,24.0,70.0,0.106,21.0,2
41,33.6,2,70.0,68.0,15.0,56.0,0.447,44.0,0
46,30.6,1,122.0,70.0,18.0,41.0,0.221,42.0,2
56,18.0,2,116.0,83.0,19.0,15.0,0.232,26.0,2
43,28.5,3,147.0,67.0,39.0,43.0,0.56,42.0,2
21,25.8,0,136.0,71.0,15.0,15.0,0.382,0.0,2
60,20.9,0,115.0,105.0,31.0,15.0,0.523,32.0,2
35,29.2,2,92.0,71.0,33.0,43.0,1.095,45.0,1
41,24.9,1,111.0,91.0,8.0,29.0,0.464,15.0,2
29,25.0,2,102.0,78.0,19.0,208.0,0.574,15.0,1
29,28.1,3,132.0,66.0,36.0,38.0,0.731,0.0,2
30,24.2,2,128.0,64.0,13.0,113.0,0.202,59.0,1
46,28.0,3,97.0,72.0,34.0,60.0,0.613,17.0,1
61,24.4,3,65.0,60.0,24.0,97.0,0.227,34.0,0
55,24.7,3,142.0,62.0,24.0,24.0,0.117,41.0,2
45,32.7,1,121.0,67.0,25.0,228.0,0.493,57.0,2
46,33.2,1,96.0,75.0,27.0,60.0,0.13,27.0,1
31,18.6,1,120.0,92.0,16.0,142.0,0.384,20.0,1
58,31.4,0,107.0,67.0,22.0,36.0,0.32,33.0,1
22,34.8,2,142.0,77.0,27.0,15.0,0.912,53.0,1
27,35.6,2,65.0,54.0,25.0,90.0,0.129,27.0,0
38,30.2,3,94.0,84.0,27.0,15.0,0.466,13.0,2
47,22.0,0,150.0,53.0,18.0,52.0,0.185,2.0,2
54,30.8,1,121.0,81.0,29.0,17.0,0.082,8.0,2
47,23.0,2,155.0,71.0,25.0,79.0,0.08,46.0,2
37,25.7,0,71.0,71.0,11.0,311.0,0.134,24.0,0
63,29.5,2,135.0,69.0,20.0,50.0,0.128,19.0,2
64,23.3,2,133.0,58.0,17.0,136.0,0.08,17.0,2
44,21.5,2,65.0,58.0,17.0,57.0,0.671,32.0,0
45,29.9,1,97.0,81.0,20.0,55.0,0.795,26.0,1
27,37.2,4,102.0,72.0,29.0,213.0,0.195,25.0,1
26,34.0,0,65.0,69.0,19.0,177.0,0.257,54.0,0
44,31.2,3,97.0,77.0,26.0,123.0,0.302,58.0,0
53,32.6,0,129.0,73.0,24.0,28.0,0.73,1.0,2
49,30.8,1,94.0,63.0,18.0,63.0,0.741,36.0,1
63,29.8,6,112.0,99.0,21.0,20.0,0.46,16.0,2
42,32.2,2,112.0,80.0,31.0,47.0,0.448,26.0,2
46,20.4,1,105.0,73.0,25.0,53.0,0.239,36.0,1
48,28.5,2,85.0,66.0,28.0,143.0,0.08,26.0,0
41,27.1,5,123.0,82.0,34.0,181.0,0.293,34.0,2
27,27.9,1,65.0,63.0,27.0,43.0,0.83,42.0,0
37,25.1,3,105.0,62.0,9.0,15.0,0.211,35.0,1
40,30.2,3,144.0,91.0,26.0,158.0,0.272,18.0,2
61,23.2,0,92.0,72.0,19.0,15.0,0.63,19.0,1
40,24.7,4,85.0,64.0,38.0,78.0,0.263,4.0,0
42,24.1,3,125.0,72.0,27.0,15.0,0.302,15.0,2
48,32.0,1,110.0,81.0,19.0,41.0,0.64,65.0,1
60,27.4,2,126.0,79.0,29.0,341.0,0.08,16.0,2
27,25.1,1,106.0,83.0,25.0,15.0,0.125,9.0,0
21,25.6,1,65.0,58.0,10.0,44.0,1.187,36.0,0
52,27.5,0,138.0,82.0,31.0,29.0,0.637,28.0,2
33,35.9,0,163.0,70.0,21.0,188.0,0.697,26.0,2
50,21.1,2,141.0,73.0,35.0,163.0,0.451,55.0,2
43,31.0,2,65.0,85.0,23.0,22.0,0.493,40.0,1
39,30.0,2,118.0,80.0,36.0,15.0,0.217,20.0,2
52,22.9,0,92.0,76.0,27.0,79.0,0.291,22.0,1
50,35.1,0,75.0,50.0,32.0,33.0,0.711,21.0,1
49,30.3,1,108.0,71.0,20.0,89.0,0.248,46.0,2
49,24.9,2,101.0,63.0,27.0,15.0,0.211,24.0,1
50,18.0,1,119.0,80.0,10.0,15.0,0.357,0.0,2
36,28.7,2,107.0,83.0,23.0,93.0,0.453,29.0,1
60,27.3,3,74.0,69.0,12.0,19.0,0.865,2.0,2
39,22.1,0,89.0,65.0,15.0,156.0,1.921,69.0,0
38,22.1,0,84.0,89.0,17.0,15.0,0.158,13.0,1
21,32.0,3,65.0,65.0,29.0,19.0,0.586,27.0,0
34,18.0,0,67.0,59.0,23.0,350.0,0.389,35.0,0
22,29.1,2,99.0,63.0,24.0,45.0,0.08,25.0,1
48,26.5,6,145.0,66.0,23.0,97.0,0.997,25.0,2
50,30.1,0,90.0,63.0,33.0,16.0,0.266,38.0,1
58,26.0,1,84.0,81.0,24.0,75.0,0.253,57.0,0
24,29.0,3,72.0,48.0,26.0,104.0,0.997,44.0,0
21,23.6,2,106.0,62.0,19.0,30.0,0.348,57.0,1
28,27.2,2,138.0,71.0,33.0,141.0,0.806,11.0,2
49,30.0,0,161.0,74.0,34.0,74.0,0.302,36.0,2
59,28.3,3,113.0,91.0,24.0,39.0,0.529,33.0,2
23,29.5,3,109.0,89.0,19.0,65.0,0.331,36.0,1
52,22.7,0,90.0,54.0,11.0,69.0,0.182,55.0,1
30,24.4,2,94.0,51.0,17.0,15.0,0.541,26.0,0
30,24.5,0,123.0,72.0,8.0,41.0,0.631,23.0,1
39,26.1,4,96.0,65.0,17.0,34.0,0.367,40.0,1
54,34.6,0,100.0,59.0,27.0,41.0,0.08,0.0,2
53,25.7,2,104.0,72.0,24.0,115.0,0.13,26.0,1
43,21.6,1,88.0,75.0,43.0,53.0,0.237,28.0,1
48,30.3,0,103.0,63.0,21.0,225.0,0.945,13.0,2
52,34.5,1,65.0,65.0,20.0,28.0,0.352,49.0,1
27,20.9,2,120.0,64.0,33.0,43.0,0.934,11.0,2
49,37.8,5,171.0,67.0,9.0,124.0,0.74,28.0,2
28,29.7,1,90.0,78.0,12.0,63.0,0.252,35.0,1
21,32.9,2,115.0,60.0,29.0,63.0,0.426,54.0,1
23,35.1,0,129.0,65.0,22.0,15.0,0.642,30.0,2
44,32.6,1,141.0,68.0,23.0,41.0,0.191,47.0,2
43,26.9,5,98.0,72.0,17.0,25.0,0.608,43.0,1
28,33.8,2,65.0,75.0,26.0,350.0,0.558,32.0,0
57,28.8,0,112.0,94.0,18.0,29.0,0.182,10.0,2
23,33.2,1,109.0,78.0,25.0,173.0,0.521,4.0,1
53,33.7,2,95.0,79.0,15.0,90.0,0.339,32.0,1
48,21.8,0,101.0,69.0,23.0,33.0,0.103,20.0,1
28,31.6,1,109.0,61.0,40.0,63.0,0.237,47.0,1
54,26.6,2,115.0,66.0,21.0,147.0,0.23,43.0,2
55,28.2,0,114.0,64.0,23.0,172.0,1.059,27.0,2
52,28.2,0,99.0,76.0,22.0,15.0,0.132,9.0,2
44,28.0,0,116.0,54.0,25.0,33.0,0.211,39.0,1
34,35.4,2,97.0,79.0,28.0,33.0,0.487,12.0,1
52,20.4,2,123.0,71.0,26.0,15.0,0.382,16.0,1
63,18.5,2,87.0,80.0,26.0,73.0,0.313,12.0,1
36,18.0,3,107.0,64.0,23.0,154.0,0.309,28.0,1
24,33.1,2,65.0,62.0,25.0,38.0,0.702,51.0,0
57,23.5,2,95.0,68.0,22.0,108.0,0.185,30.0,1
41,28.2,2,121.0,67.0,10.0,79.0,0.141,22.0,2
34,26.9,1,76.0,81.0,45.0,38.0,0.08,3.0,0
51,22.9,1,96.0,81.0,30.0,15.0,0.248,40.0,1
38,31.9,3,65.0,93.0,16.0,99.0,0.109,16.0,0
27,26.8,2,67.0,67.0,26.0,154.0,0.285,32.0,0
30,26.3,2,74.0,45.0,13.0,93.0,0.08,24.0,0
