age,bmi,cycle_length_days,cycle_regularity,weight_gain_sudden,hair_growth_hirsutism,skin_darkening,hair_thinning,pimples_acne,fast_food_freq,exercise_regularity,pcos_risk_level
24,23.3,30.2,0,1,0,0,0,1,2,2,0
37,24.0,43.5,1,1,1,1,1,1,3,1,2
32,18.2,32.3,0,0,1,0,0,1,2,1,0
28,29.3,43.0,1,0,1,1,1,1,1,0,2
25,20.0,46.6,1,1,1,1,1,1,1,1,2
38,26.8,31.2,0,1,0,0,0,1,3,0,0
24,38.9,31.4,0,1,1,1,1,1,1,0,2
43,17.8,28.0,0,0,1,0,0,0,2,1,0
36,24.8,51.1,1,1,1,1,0,1,0,2,2
40,23.5,27.1,0,1,0,0,1,0,0,1,0
28,22.6,52.2,1,1,1,1,1,1,2,1,2
28,29.1,29.9,0,1,1,1,1,1,2,1,2
41,30.8,30.5,0,0,0,0,0,0,2,1,0
38,29.2,33.6,1,1,1,1,1,1,3,2,2
21,22.0,27.7,0,0,0,0,0,1,0,1,0
25,37.2,39.3,1,1,0,1,1,1,1,0,2
41,17.0,36.3,1,1,1,0,1,0,3,0,1
20,20.5,42.5,1,1,1,0,1,1,0,1,2
39,26.3,28.0,1,1,1,0,0,1,2,1,2
38,25.9,39.1,1,1,1,1,1,1,1,0,2
19,27.8,26.6,0,1,1,1,0,1,0,2,2
41,33.1,31.7,0,1,0,1,1,0,1,1,1
29,24.9,25.7,0,1,1,1,1,1,1,1,1
23,26.0,50.8,1,1,0,1,0,1,2,0,2
19,22.6,29.2,0,1,1,1,0,0,2,1,1
45,28.3,32.8,1,1,1,1,1,1,2,2,2
38,24.0,47.5,1,1,1,1,0,1,1,2,2
18,24.0,47.4,1,1,1,1,0,1,1,0,2
29,28.1,42.5,1,1,1,1,1,1,0,0,2
43,30.5,32.7,0,0,0,1,0,1,1,1,1
39,17.0,38.0,1,1,1,1,1,1,0,1,2
29,27.2,28.0,1,1,1,1,0,1,1,1,2
42,24.2,28.6,0,1,1,0,1,1,1,2,1
34,30.0,30.9,0,1,0,1,1,1,1,1,1
44,24.3,28.0,1,1,1,0,1,1,0,0,2
44,31.7,44.9,1,1,1,0,1,1,1,2,2
27,22.3,41.2,1,1,1,1,1,1,1,0,2
45,17.0,29.8,1,1,1,0,1,1,0,2,2
45,30.5,28.4,1,1,1,1,1,1,3,1,2
33,21.5,41.0,1,1,1,0,1,1,0,2,2
32,17.9,29.0,0,0,0,1,0,1,2,0,0
32,25.6,31.5,0,1,1,1,0,1,0,0,1
36,24.4,29.7,0,1,1,1,0,1,2,1,1
29,29.5,41.8,1,1,1,0,0,1,0,1,2
40,29.8,42.2,1,1,1,0,1,1,2,0,2
37,26.0,48.6,1,0,1,1,1,1,1,2,2
42,21.3,24.0,0,1,1,1,1,1,2,2,1
20,26.9,42.0,1,1,1,1,1,1,1,1,2
22,26.3,30.2,1,1,1,1,1,1,0,0,2
36,28.2,62.5,1,1,1,1,1,1,2,1,2
24,21.3,29.2,1,1,1,0,1,1,0,1,2
38,23.6,27.1,0,0,1,0,0,0,3,1,0
26,27.9,28.0,1,1,1,1,1,1,0,2,2
24,31.5,32.3,0,1,1,1,1,0,1,0,2
35,30.1,31.4,0,0,1,0,0,0,2,0,1
21,25.9,44.1,1,1,1,0,1,0,1,0,1
42,23.2,28.0,1,1,1,1,1,1,1,1,2
45,27.4,46.9,1,1,1,1,1,1,2,1,2
31,20.3,31.5,1,1,1,1,0,1,2,0,2
35,21.6,36.8,1,1,1,1,1,1,3,0,2
43,32.7,45.5,1,1,1,0,1,1,1,0,2
26,27.4,40.1,1,1,1,1,0,1,1,0,2
43,23.8,25.5,0,0,1,1,0,0,1,1,1
38,29.5,27.9,0,0,1,1,1,1,1,0,1
19,31.7,29.3,0,1,1,0,0,1,2,0,1
37,23.4,35.3,1,0,1,0,1,1,1,2,1
45,23.4,25.6,0,1,0,1,0,1,1,1,1
32,22.8,29.8,0,1,1,0,0,1,1,1,1
45,30.1,30.1,0,1,0,1,1,1,2,0,1
24,30.2,46.0,1,1,1,1,1,1,3,1,2
29,32.2,29.5,0,1,0,1,1,1,2,1,1
25,30.3,38.6,1,0,1,1,1,1,1,0,2
32,17.7,30.0,0,0,0,1,0,0,2,0,0
20,26.8,37.0,1,1,1,0,1,1,2,2,2
31,20.4,29.3,0,1,1,1,1,1,0,2,1
34,23.0,28.9,0,0,1,0,1,1,0,0,0
21,26.3,40.7,1,1,1,0,1,1,0,0,2
35,29.5,29.0,0,1,1,1,1,1,1,2,2
25,21.2,27.6,0,1,1,1,1,1,2,0,1
21,17.0,26.7,0,0,1,1,0,1,1,1,1
19,26.4,34.7,0,0,1,1,0,1,1,2,1
23,38.2,31.6,0,1,1,0,1,1,3,2,1
39,24.5,25.6,0,0,0,1,1,0,2,1,0
27,25.7,36.2,1,1,1,1,1,1,2,0,2
21,34.1,28.0,1,1,1,1,1,1,1,0,2
39,28.3,34.3,1,1,1,1,1,1,0,2,2
35,26.5,28.7,0,1,1,0,0,1,0,2,1
43,27.6,46.4,1,1,1,0,1,1,0,1,2
29,26.7,25.3,0,1,1,1,1,1,1,1,1
19,20.0,29.4,0,0,1,0,1,0,1,1,0
27,19.1,34.9,1,1,1,0,1,1,0,1,2
21,34.6,32.3,0,0,1,0,0,1,0,2,1
31,26.4,27.9,0,0,1,0,0,0,0,1,0
33,26.0,28.9,1,1,1,1,1,1,2,1,2
32,25.1,35.0,1,1,1,1,1,1,2,0,2
25,29.2,40.7,1,1,1,1,0,1,1,1,2
31,37.7,45.0,1,1,1,1,1,1,1,1,2
40,28.0,35.0,1,1,1,1,1,1,1,0,2
45,22.7,27.2,0,0,0,0,1,0,0,2,0
42,24.9,29.8,0,1,1,0,0,0,1,1,1
25,30.6,28.2,0,1,0,0,1,1,2,2,1
38,22.7,26.4,0,0,0,1,0,1,3,0,0
33,29.6,26.6,0,1,1,1,1,1,2,1,2
30,17.0,29.5,1,1,1,1,1,1,3,0,2
35,24.4,28.7,1,0,1,1,1,1,2,2,2
32,28.5,38.1,1,1,1,1,1,1,0,0,2
38,31.6,29.9,0,1,0,0,0,1,3,1,1
41,21.6,44.3,1,0,1,1,1,1,0,1,2
43,18.3,31.2,1,1,1,1,1,1,2,1,2
42,24.2,37.8,1,1,0,1,0,1,1,2,2
45,20.1,31.5,0,0,0,0,1,0,1,2,0
45,24.8,34.8,1,1,1,1,0,1,2,0,2
45,25.5,28.4,0,0,1,1,0,1,1,0,1
30,19.2,27.1,0,1,0,0,1,1,1,0,0
26,29.4,30.0,0,0,1,0,1,1,1,0,1
32,24.7,51.1,1,1,1,1,1,1,1,2,2
30,30.7,47.0,1,1,1,1,1,1,3,2,2
18,17.0,27.8,0,0,0,0,1,1,2,0,0
42,20.6,28.2,0,1,1,0,0,0,1,1,1
24,28.0,44.4,1,1,1,1,1,1,0,1,2
26,21.7,34.5,0,1,0,0,1,0,2,0,0
41,24.7,29.4,0,0,0,0,0,1,0,1,0
18,25.5,28.3,0,1,1,0,0,1,1,0,1
29,26.3,34.0,1,1,1,0,1,1,1,1,2
25,22.2,26.6,0,0,1,0,1,1,2,1,0
41,26.2,28.2,0,1,0,0,1,0,0,1,0
28,21.7,26.7,0,0,1,1,1,1,0,0,1
36,28.7,28.0,1,1,1,1,1,1,1,2,2
34,24.9,34.6,1,1,1,1,1,1,1,1,2
25,26.2,46.3,1,1,1,1,1,1,1,2,2
20,37.8,28.8,0,1,1,0,1,0,1,1,1
20,20.2,46.4,1,1,1,1,1,1,1,2,2
18,32.2,31.4,0,1,1,1,0,1,0,2,2
44,17.0,28.0,1,1,1,1,1,1,0,1,2
22,17.0,34.1,1,1,1,0,1,1,2,1,2
27,19.5,40.8,1,0,1,1,0,1,2,2,2
24,19.8,40.1,1,1,1,1,1,1,1,1,2
43,26.5,28.0,1,1,0,1,1,1,0,2,2
26,26.9,32.7,0,0,0,0,0,0,0,1,0
45,24.3,59.5,1,1,1,1,1,1,2,1,2
24,24.8,25.4,0,0,0,0,1,0,2,0,0
26,28.0,43.3,1,1,1,1,1,1,1,0,2
25,29.5,27.8,0,0,0,1,1,1,2,2,1
29,19.1,26.5,0,0,0,0,1,0,2,0,0
19,23.8,29.0,0,0,0,0,0,1,3,0,0
18,25.2,27.7,0,1,1,0,1,1,0,1,1
33,27.8,28.0,1,1,1,1,1,1,0,1,2
40,21.8,40.3,1,1,0,0,0,1,0,0,1
40,25.1,25.8,0,1,0,1,0,1,2,0,1
41,25.6,31.0,0,0,1,1,1,1,2,1,1
22,22.1,41.5,1,1,1,1,1,1,1,0,2
20,22.0,33.9,0,1,0,0,0,1,0,1,0
29,26.0,41.0,1,1,1,1,1,1,1,0,2
25,24.9,36.5,1,1,1,1,1,1,1,2,2
39,27.9,38.5,1,1,1,1,1,1,1,2,2
44,20.4,41.6,1,1,1,1,1,1,1,1,2
20,23.8,30.7,0,0,0,0,0,0,0,0,0
18,24.4,30.0,1,1,1,0,1,1,2,1,2
20,29.4,30.8,0,1,1,1,1,1,1,1,2
22,21.0,34.0,0,1,0,1,1,1,1,0,1
32,26.6,38.9,1,1,1,1,1,1,0,2,2
31,26.7,25.4,0,0,0,0,0,0,2,1,0
20,33.4,41.2,1,0,1,1,0,1,1,2,2
18,20.7,41.7,1,1,1,1,1,1,3,0,2
22,22.3,42.2,1,1,1,1,1,1,1,0,2
43,21.0,30.2,1,0,0,1,1,1,3,2,1
40,17.5,31.9,0,1,1,1,1,0,2,1,1
31,34.0,24.4,0,0,1,1,1,1,1,1,1
24,19.5,35.1,1,1,1,1,1,0,3,1,2
44,21.6,27.1,0,0,0,0,1,1,1,0,0
26,31.8,40.4,1,1,1,1,1,1,1,1,2
32,17.1,41.0,1,1,1,1,0,1,0,0,2
32,29.1,48.8,1,1,1,1,1,1,1,1,2
43,18.7,26.0,0,0,1,1,1,1,2,1,1
27,31.5,27.2,0,0,0,1,0,1,2,2,1
45,17.0,32.1,0,0,1,1,0,1,0,1,1
30,17.1,29.3,0,0,0,0,0,1,1,0,0
36,22.9,35.9,1,1,1,1,1,1,0,1,2
24,30.2,29.1,0,0,1,0,0,1,2,0,1
34,25.4,30.5,0,0,1,0,1,1,0,0,0
37,23.9,27.5,0,0,0,0,1,1,3,0,0
21,32.0,32.1,1,1,1,1,1,1,1,1,2
22,35.8,37.4,1,1,1,1,1,1,1,0,2
40,28.7,31.3,0,0,0,0,0,1,2,1,0
24,22.5,26.2,0,0,0,0,0,1,1,2,0
30,23.5,27.1,0,0,1,1,0,1,0,1,1
32,19.3,28.1,0,1,0,0,0,1,1,0,0
28,26.0,28.3,1,1,1,0,1,1,0,0,2
21,17.7,53.5,1,1,1,1,1,1,3,1,2
30,28.1,25.2,0,1,0,1,1,1,1,2,1
24,35.1,28.3,0,0,0,1,1,0,1,0,0
44,28.9,35.1,1,1,1,1,1,1,1,2,2
36,23.2,33.2,1,1,1,1,1,1,0,1,2
39,28.0,29.1,1,0,1,1,1,1,2,1,2
45,33.3,27.8,0,0,0,1,1,1,3,2,1
19,33.0,39.8,1,1,1,1,0,1,2,1,2
27,20.7,27.5,0,1,1,0,1,0,1,2,1
30,27.9,45.1,1,1,1,1,1,1,1,1,2
42,24.7,32.8,1,1,1,1,1,1,0,1,2
38,29.4,28.6,0,0,1,0,1,1,2,1,1
23,27.3,28.4,0,1,1,1,1,1,1,0,2
45,17.0,27.2,0,1,0,0,0,1,1,1,0
45,23.8,28.7,0,1,0,1,0,1,3,0,1
29,26.5,28.7,0,1,1,1,1,1,0,0,1
29,18.6,28.7,0,1,0,0,0,1,0,1,0
37,28.3,35.6,1,1,1,1,1,1,0,1,2
28,18.2,40.0,1,0,1,1,1,1,1,2,2
43,21.7,30.4,0,0,0,0,0,0,0,1,0
40,31.9,31.5,1,1,1,1,1,1,1,1,2
45,21.3,28.9,0,0,1,0,0,0,1,0,0
42,28.3,47.8,1,1,1,1,1,1,0,2,2
24,17.1,29.5,0,1,0,1,1,1,2,1,1
18,35.5,49.4,1,1,1,1,1,1,1,1,2
18,24.0,33.1,1,1,1,1,1,1,2,1,2
42,26.0,40.6,1,1,1,1,1,1,1,0,2
44,26.4,34.4,1,1,1,0,1,1,1,1,2
42,28.4,31.0,0,1,1,1,1,1,3,2,2
37,18.2,29.1,1,1,1,1,0,1,0,0,2
30,25.5,30.1,0,1,1,1,0,1,1,1,1
26,22.3,30.5,0,0,1,0,1,1,2,2,0
20,17.4,28.1,0,1,0,0,0,0,1,0,0
24,30.2,36.7,1,0,1,1,0,1,1,2,2
23,23.8,26.0,0,0,1,1,1,1,1,2,1
25,26.7,39.1,1,1,1,1,1,1,2,1,2
44,26.4,32.4,1,1,1,1,0,1,2,0,2
26,23.9,28.4,1,1,1,0,0,1,0,0,2
22,35.0,42.0,1,1,1,1,1,1,0,0,2
18,25.3,28.0,0,1,1,0,1,0,1,2,1
36,18.0,26.8,0,0,1,0,0,1,1,2,0
27,23.6,25.8,0,0,1,0,0,0,1,1,0
29,27.9,27.0,0,1,0,0,1,0,1,1,0
41,28.1,32.0,0,0,1,1,0,0,0,0,1
32,20.3,25.8,0,0,1,1,0,0,0,1,1
44,30.0,33.8,0,1,1,1,1,1,3,1,2
39,17.0,30.3,1,1,1,0,1,1,0,2,2
41,31.0,30.2,1,1,1,0,0,1,1,1,2
26,19.2,28.1,0,0,0,0,0,1,1,2,0
37,24.4,46.3,1,1,1,1,1,1,3,1,2
34,30.6,25.3,0,1,0,0,0,1,2,1,1
34,26.1,28.3,0,1,1,1,1,1,2,1,1
43,29.4,37.1,1,1,1,1,1,1,0,2,2
37,28.5,31.6,1,1,1,0,1,1,2,1,2
29,31.7,28.8,0,1,1,0,0,1,1,1,1
24,30.6,28.0,1,1,1,1,1,1,1,0,2
19,23.3,34.3,1,1,1,0,1,1,1,0,2
20,28.5,28.8,1,1,0,1,1,1,2,1,2
34,18.2,29.2,1,1,1,1,0,1,2,0,2
22,25.2,40.4,1,1,1,1,1,1,2,0,2
34,29.4,28.8,0,0,0,0,0,0,3,1,0
41,26.1,24.0,0,0,0,0,0,1,1,0,0
34,27.6,27.8,0,0,1,0,0,0,1,2,1
44,24.5,38.1,1,0,1,0,1,1,0,1,1
34,30.9,54.6,1,0,1,1,1,1,2,1,2
19,25.1,28.4,0,1,0,1,0,1,0,0,1
19,23.3,44.6,1,0,0,1,1,1,2,0,1
45,29.8,44.5,1,1,1,1,1,1,1,1,2
39,18.8,44.9,1,1,1,1,1,1,1,2,2
40,27.9,39.3,1,1,1,1,0,1,0,1,2
22,20.5,42.5,1,1,1,1,1,1,1,0,2
18,31.6,29.4,0,1,1,1,1,1,2,1,2
18,24.2,43.1,1,1,1,1,1,1,0,0,2
36,26.1,31.3,0,1,1,1,1,1,1,2,1
19,27.5,28.0,1,0,1,1,1,1,0,2,2
38,17.0,27.2,0,1,0,0,0,0,1,1,0
29,22.4,35.8,1,1,1,1,1,1,0,1,2
43,30.5,42.8,1,1,1,1,1,1,1,2,2
23,29.7,24.0,0,0,1,0,1,1,2,1,1
40,26.9,45.4,1,1,0,1,1,1,1,1,2
21,19.0,34.0,1,1,1,1,1,1,1,2,2
40,28.3,34.1,1,1,1,1,1,1,1,1,2
28,28.9,31.3,1,1,1,1,1,1,0,1,2
41,25.7,28.0,1,1,1,1,1,1,1,2,2
44,31.4,24.0,0,1,1,1,0,1,1,1,2
34,22.2,28.8,0,0,0,0,0,0,1,1,0
23,23.1,31.4,0,1,1,1,1,1,2,0,1
41,17.0,28.0,1,0,1,0,0,0,1,1,1
22,29.9,26.1,0,0,1,0,1,0,2,0,1
37,27.0,28.0,1,0,1,1,1,1,3,1,2
19,17.4,28.3,1,1,1,1,0,1,0,1,2
23,17.1,36.1,1,1,1,0,1,1,1,2,2
39,21.3,39.0,1,1,1,1,1,1,1,1,2
28,29.3,29.9,1,1,1,1,1,1,0,1,2
33,24.1,27.0,0,1,1,0,0,1,2,0,1
33,21.6,43.7,1,1,1,1,0,1,2,2,2
18,20.7,44.8,1,1,0,1,1,1,1,1,2
26,20.5,48.0,1,1,1,1,1,1,1,1,2
45,17.0,53.3,1,1,1,1,1,1,0,0,2
44,19.7,28.3,0,0,0,0,1,1,1,1,0
23,20.4,28.3,0,1,1,0,0,0,2,1,1
33,28.8,44.9,1,1,1,1,1,1,1,1,2
20,24.7,26.1,0,0,1,1,0,0,1,2,1
37,21.5,42.1,1,1,1,1,1,1,2,2,2
45,36.6,39.4,1,0,1,1,1,1,1,2,2
44,22.3,25.7,0,0,1,0,0,0,1,1,0
21,31.1,29.8,1,1,1,0,1,1,1,2,2
36,33.3,33.3,0,1,1,1,1,1,1,2,2
43,18.0,39.2,1,1,0,0,0,1,2,0,1
20,25.9,32.6,1,1,1,1,0,1,2,1,2
36,23.0,41.4,1,1,1,1,1,1,0,0,2
37,22.6,35.0,0,0,0,0,1,0,3,0,0
24,28.2,28.0,1,1,1,1,1,1,1,0,2
37,22.5,42.7,1,0,1,1,0,1,2,0,2
26,23.1,37.5,1,1,1,0,1,1,2,1,2
18,24.7,41.6,1,1,1,1,1,1,1,1,2
25,23.7,30.2,0,1,1,0,0,1,2,0,1
24,19.9,29.0,0,1,1,1,1,0,0,1,1
35,29.3,28.5,0,0,1,0,1,1,0,2,1
25,30.5,35.6,1,1,1,1,1,1,2,2,2
18,27.1,24.1,0,1,1,0,1,1,2,1,1
28,23.7,27.6,0,1,1,0,0,0,2,1,1
45,22.1,28.0,1,1,1,1,1,1,2,0,2
42,22.1,30.0,0,0,0,0,1,0,1,0,0
42,36.8,28.0,1,1,1,1,1,1,1,0,2
35,30.0,46.2,1,1,1,1,1,1,3,1,2
40,21.5,41.4,1,1,0,1,1,1,1,2,2
27,26.3,28.9,0,0,1,0,1,1,2,0,0
20,23.8,28.0,0,1,1,1,1,0,1,0,1
24,28.3,35.4,1,1,1,1,0,0,2,0,2
45,28.1,47.2,1,1,1,1,1,1,1,1,2
33,30.7,33.9,1,1,1,1,1,0,3,1,2
43,21.4,27.0,0,1,1,0,0,1,1,1,1
33,26.0,32.9,1,1,1,1,0,1,3,0,2
42,17.1,37.5,1,1,1,0,1,1,0,1,2
37,19.5,31.2,1,0,0,0,1,1,1,0,1
45,29.7,47.9,1,1,1,1,1,1,2,1,2
34,20.9,37.5,1,0,1,1,0,1,2,0,2
19,21.5,33.6,1,1,1,1,1,1,3,1,2
18,25.5,28.6,0,1,0,0,1,1,0,1,0
33,28.8,41.9,1,1,1,0,1,1,0,1,2
29,20.4,24.4,0,1,0,1,0,0,1,1,0
22,17.0,31.2,0,1,0,0,1,1,0,1,0
22,21.3,30.8,0,0,1,1,1,1,3,0,1
44,31.3,33.5,0,1,0,0,1,1,1,1,1
40,27.1,34.2,0,1,1,0,0,0,1,1,1
26,31.9,25.6,0,1,1,0,1,1,0,1,1
26,20.1,53.7,1,1,1,0,1,1,1,1,2
20,17.6,37.8,1,0,1,1,0,1,1,2,2
36,27.7,28.4,0,1,1,1,1,1,0,1,2
33,26.7,28.8,1,1,1,1,1,1,1,0,2
33,27.0,35.5,1,0,1,1,1,1,1,1,2
20,30.0,28.9,0,0,1,1,1,1,3,0,1
37,27.5,33.3,0,0,1,1,1,1,1,1,1
41,27.4,51.8,1,1,1,1,1,1,1,1,2
39,28.9,42.0,1,1,1,1,1,1,3,0,2
41,27.9,36.9,1,1,1,1,1,1,2,2,2
18,29.6,25.7,0,1,1,0,0,1,3,1,1
41,30.3,26.4,0,1,0,1,1,1,3,1,1
37,32.9,24.0,0,0,0,0,0,0,1,0,0
28,22.4,28.3,0,0,1,0,0,1,2,1,0
34,27.8,32.3,0,0,1,1,1,0,0,2,1
25,23.7,29.4,0,0,1,1,0,1,1,1,1
21,21.5,33.0,1,1,1,0,1,1,2,2,2
23,22.2,28.0,1,1,0,1,1,1,1,0,2
25,27.9,27.1,0,0,1,0,0,0,2,1,1
37,27.5,41.2,1,0,0,0,1,1,2,1,1
20,27.4,26.7,0,1,1,1,1,1,1,1,2
33,24.4,28.0,1,1,1,1,1,1,2,0,2
42,25.5,28.6,0,0,1,0,0,1,1,1,0
20,29.4,34.3,1,1,1,1,0,1,1,1,2
42,18.4,35.7,1,1,1,0,1,1,2,1,2
35,25.6,29.4,1,0,1,0,1,1,1,1,1
31,25.9,29.7,0,0,0,1,1,1,2,1,0
35,29.1,47.3,1,1,1,1,1,1,1,1,2
19,19.0,29.0,0,0,0,1,1,1,1,0,0
39,32.7,36.7,1,0,1,1,0,1,2,1,2
20,26.5,32.6,1,1,1,0,1,1,1,1,2
33,26.8,26.6,0,1,1,0,0,0,1,2,1
26,23.6,35.2,1,1,1,1,0,1,0,0,2
21,28.1,28.4,1,1,1,0,0,1,2,1,2
18,25.7,26.2,0,1,1,0,0,1,0,0,1
21,31.3,39.2,1,1,1,1,1,1,2,0,2
18,18.6,29.9,0,0,0,0,1,1,1,1,0
31,26.3,38.1,1,1,1,1,1,1,2,1,2
38,27.5,28.0,1,1,0,1,1,1,3,0,2
33,24.6,40.8,1,1,1,1,1,1,0,1,2
37,23.6,36.0,1,1,0,0,1,1,1,2,1
41,23.8,49.0,1,1,1,1,1,1,2,2,2
25,26.3,29.2,0,0,1,1,1,1,2,0,1
24,17.0,49.7,1,1,1,1,1,1,1,1,2
20,30.1,26.2,0,1,1,1,1,0,2,1,2
34,23.2,53.9,1,1,1,0,0,1,2,0,2
18,26.1,25.4,0,1,1,0,1,1,2,1,1
33,27.3,28.3,0,0,1,1,1,0,2,1,1
29,23.0,34.0,1,0,1,1,1,1,1,0,2
44,24.9,26.0,0,0,0,0,1,1,3,2,0
36,17.0,40.2,1,1,0,0,1,1,1,2,1
39,29.0,25.2,0,0,0,0,0,1,0,1,0
40,30.7,24.0,0,0,1,0,1,1,1,1,1
39,17.3,36.1,1,1,1,1,0,1,0,1,2
31,23.5,28.6,0,0,1,0,1,1,0,1,0
23,19.6,30.4,0,0,1,1,1,0,1,1,1
23,24.6,36.3,1,1,1,1,1,1,0,2,2
30,28.6,30.4,0,1,1,1,0,1,2,0,2
36,30.2,34.2,1,1,1,1,1,1,0,0,2
39,30.9,29.2,0,1,1,0,1,1,1,1,1
25,31.8,27.0,0,1,1,1,1,1,0,0,2
44,24.4,43.4,1,1,1,1,1,1,0,1,2
44,20.0,26.9,0,0,0,0,1,1,1,1,0
19,24.9,26.4,0,0,0,0,0,1,1,2,0
38,28.5,30.2,0,0,1,1,0,1,3,1,1
18,19.6,28.2,0,0,0,0,0,1,2,1,0
45,33.5,32.5,1,1,1,0,1,1,2,0,2
32,29.8,27.4,0,1,0,1,1,1,0,1,1
18,24.5,28.6,1,1,1,1,1,1,1,1,2
22,22.1,48.8,1,1,1,1,1,1,0,1,2
45,22.3,25.7,0,0,1,1,1,1,2,0,1
33,25.9,38.6,1,1,1,1,1,0,0,0,2
36,24.4,34.0,0,1,0,0,1,1,1,1,0
21,30.1,48.3,1,1,1,1,1,1,1,1,2
20,23.9,26.8,0,0,1,1,1,1,1,1,1
34,27.9,41.5,1,1,1,1,1,1,3,1,2
34,25.4,28.8,1,0,1,1,1,1,2,0,2
29,26.8,32.6,0,1,0,0,0,0,2,1,0
45,24.4,29.8,1,1,1,1,0,1,1,1,2
31,28.9,28.0,1,1,1,0,0,1,2,0,2
38,29.0,25.4,0,0,1,0,1,1,2,1,1
23,27.7,29.2,0,1,1,1,0,1,3,1,2
20,28.4,35.3,1,1,1,0,0,1,1,1,2
45,21.0,50.0,1,1,1,1,1,1,1,2,2
26,27.1,34.2,1,1,1,1,1,1,2,0,2
22,31.5,31.3,1,1,1,1,1,1,1,2,2
41,27.9,36.2,1,1,1,1,1,1,2,1,2
34,20.6,28.9,1,1,1,1,0,1,3,1,2
31,25.3,28.8,0,1,1,1,0,0,1,2,1
38,27.3,32.0,0,0,1,1,0,1,1,2,1
20,21.9,33.9,1,1,0,1,1,1,1,1,2
45,19.0,33.2,1,1,1,1,1,1,2,1,2
18,24.0,28.1,0,0,0,0,1,1,2,1,0
37,21.9,24.2,0,0,0,0,0,0,0,1,0
38,25.4,33.8,1,1,1,1,1,1,1,0,2
40,17.9,35.1,1,1,1,1,0,1,0,0,2
18,28.2,30.4,0,1,1,0,0,1,2,2,1
20,22.5,36.5,1,1,1,1,1,1,1,0,2
35,30.3,27.0,0,1,1,1,1,1,1,0,2
42,24.2,27.3,0,0,1,0,1,1,2,1,0
27,25.4,24.0,0,0,1,1,0,1,0,0,1
39,24.7,30.8,0,1,1,0,0,1,0,0,1
43,22.2,34.0,1,1,0,1,1,1,1,1,2
20,37.4,31.2,0,1,1,0,1,1,1,1,1
25,23.1,37.4,1,1,1,1,1,1,1,1,2
31,30.4,28.0,1,1,1,1,1,1,3,1,2
41,20.3,32.4,0,1,1,0,0,1,2,1,1
35,27.3,29.8,1,1,1,1,1,1,2,1,2
32,27.8,45.5,1,1,1,0,1,1,3,1,2
39,25.4,36.1,1,1,1,1,1,1,1,1,2
40,22.8,24.0,0,0,0,0,1,0,1,2,0
19,24.2,33.0,1,0,1,1,1,1,1,1,2
44,23.6,38.6,1,1,0,1,1,1,2,1,2
27,37.0,29.3,0,1,0,1,1,1,2,0,1
19,25.4,34.2,0,0,0,0,0,1,1,1,0
43,28.0,33.3,1,0,1,1,1,0,1,0,2
34,34.1,43.2,1,1,1,1,1,1,1,1,2
25,21.3,28.5,0,0,0,0,0,1,1,2,0
18,25.7,33.6,1,1,1,1,0,1,2,1,2
26,24.2,25.6,0,0,1,0,1,1,1,0,0
28,25.1,33.1,1,1,1,1,1,1,3,1,2
39,24.6,25.8,0,0,0,0,1,1,1,0,0
33,22.0,31.8,1,1,1,1,1,1,2,1,2
24,26.4,27.0,0,1,1,1,0,1,3,1,1
27,20.4,29.3,0,1,1,0,1,0,3,0,1
40,30.2,30.1,0,1,1,1,0,1,0,2,2
43,28.5,30.0,0,1,1,1,0,1,1,0,2
20,23.1,43.4,1,1,1,1,1,1,1,2,2
35,23.4,29.2,0,1,1,0,0,0,1,0,1
42,26.8,40.0,1,1,1,0,1,1,2,0,2
41,21.7,29.6,0,1,0,1,1,1,3,0,1
30,34.2,33.1,0,1,0,0,0,1,0,0,1
45,27.2,31.0,0,1,1,1,1,1,1,1,2
43,27.4,32.8,0,1,1,0,0,1,0,1,1
24,28.8,24.0,0,1,1,1,0,1,2,1,2
42,22.7,28.7,0,1,1,1,1,1,3,0,1
21,30.7,28.0,1,0,1,0,0,1,1,1,2
30,26.0,28.2,0,0,1,0,1,1,0,1,0
37,30.1,31.1,1,1,1,1,1,1,2,1,2
18,24.5,50.5,1,1,1,1,0,1,2,1,2
25,31.8,24.0,0,0,1,1,0,1,1,1,1
31,27.4,42.2,1,1,1,1,1,1,2,0,2
33,36.0,28.9,1,1,1,0,1,0,3,1,2
31,23.7,42.2,1,1,1,1,1,1,1,1,2
29,26.5,35.4,1,1,1,1,1,1,1,1,2
36,20.5,28.7,0,1,1,0,0,1,1,0,1
40,23.0,42.9,1,1,1,1,1,1,1,0,2
32,28.5,34.2,1,1,1,1,0,0,1,1,2
45,30.9,28.0,1,1,1,0,0,1,1,0,2
19,39.7,44.1,1,1,1,1,1,1,0,0,2
19,25.0,29.4,0,0,0,1,0,1,1,2,0
40,21.0,29.6,0,1,0,0,0,1,0,1,0
39,29.1,45.8,1,1,1,1,1,1,1,1,2
36,20.1,35.0,1,1,1,1,1,1,2,0,2
42,28.2,27.0,0,1,1,0,1,1,2,2,1
43,23.1,29.9,0,1,1,0,1,1,1,0,1
39,26.5,28.1,0,1,0,1,1,1,1,1,1
43,30.7,31.3,0,1,0,1,0,1,2,2,1
43,25.0,28.9,1,1,1,1,1,0,1,1,2
39,30.0,35.0,1,1,0,1,1,1,3,2,2
34,29.7,29.3,0,1,1,1,1,1,1,1,2
37,17.0,26.2,0,1,0,0,0,1,2,0,0
27,21.2,30.9,0,1,0,1,1,0,0,0,0
23,18.0,25.0,0,1,0,0,1,1,2,0,0
32,35.1,39.8,1,0,1,1,1,1,2,0,2
39,25.0,35.8,1,1,1,1,1,1,3,1,2
28,34.0,28.0,1,1,1,1,1,1,3,0,2
45,17.7,30.4,0,1,1,0,1,0,1,2,1
22,22.8,52.1,1,1,1,1,1,1,1,1,2
18,29.3,28.0,1,1,1,1,1,1,1,1,2
25,26.4,31.7,1,1,1,1,1,1,1,2,2
38,28.1,47.2,1,1,1,1,0,1,0,0,2
45,19.5,26.3,0,0,1,1,0,1,2,1,1
29,32.1,27.1,0,1,1,1,1,1,3,1,2
29,29.2,28.3,0,0,1,1,1,1,1,0,1
22,27.4,31.2,0,1,1,1,1,1,1,1,2
24,22.2,27.4,0,1,0,1,0,0,0,1,0
21,27.1,43.3,1,1,1,1,1,1,2,1,2
23,24.1,32.2,1,1,1,0,1,1,1,1,2
30,17.6,42.7,1,1,1,1,1,1,3,1,2
37,25.3,26.9,0,0,1,1,0,1,2,1,1
32,24.7,34.4,1,0,1,1,1,1,2,0,2
20,30.6,45.2,1,1,1,1,1,1,1,1,2
40,17.0,45.2,1,1,1,1,1,1,0,2,2
25,26.6,51.5,1,1,1,1,1,1,3,2,2
37,20.0,51.0,1,1,1,1,1,1,2,1,2
33,27.0,45.3,1,1,1,1,1,1,3,1,2
30,27.3,28.3,0,0,1,0,0,1,1,2,1
35,25.1,29.1,0,0,1,0,1,0,2,1,0
45,29.4,24.0,0,1,1,1,1,1,0,1,2
27,19.5,27.7,0,0,0,0,0,0,2,0,0
36,30.8,31.3,0,1,1,0,1,0,2,2,1
34,22.1,29.7,1,1,1,1,1,0,2,1,2
41,18.0,42.9,1,1,1,0,0,0,2,1,1
36,24.2,28.0,1,1,0,1,0,1,1,0,2
45,17.0,26.6,0,0,0,0,0,0,3,1,0
43,26.7,43.7,1,1,1,1,1,1,3,1,2
40,24.3,46.6,1,1,1,1,1,1,0,1,2
43,31.4,28.8,0,0,1,1,1,0,3,0,1
22,28.6,35.7,1,0,1,1,1,1,1,1,2
43,18.8,29.2,0,0,1,0,0,1,2,0,0
38,21.5,28.2,0,0,0,0,1,1,1,1,0
40,28.0,42.3,1,1,1,0,1,1,3,0,2
26,29.6,26.5,0,0,1,0,1,1,0,0,1
29,31.4,37.8,1,1,1,1,1,1,1,0,2
38,31.3,36.5,1,0,1,0,1,1,1,0,2
18,25.1,35.4,1,1,1,1,1,1,1,0,2
43,27.2,27.3,0,0,1,1,0,0,2,2,1
43,31.7,24.7,0,1,0,1,1,0,0,1,1
18,24.0,29.3,0,1,1,1,0,1,2,1,1
32,27.3,28.0,1,0,0,1,1,1,3,1,2
19,23.9,28.0,0,0,1,1,1,0,2,1,1
39,22.9,31.4,0,0,0,0,1,0,2,2,0
33,25.7,39.8,1,1,1,0,1,1,1,0,2
42,22.2,38.6,1,1,1,1,0,1,1,0,2
25,24.9,29.0,0,1,1,0,0,1,1,2,1
30,20.5,53.6,1,1,1,1,1,1,0,1,2
38,24.6,31.8,1,1,1,0,1,1,3,0,2
18,27.7,29.3,0,0,1,1,1,1,0,0,1
33,22.7,27.3,0,1,0,0,1,1,3,0,0
24,25.5,31.6,1,1,1,1,1,1,0,2,2
22,26.2,43.0,1,1,1,1,1,1,2,0,2
39,27.7,36.1,1,1,1,1,0,1,0,2,2
40,24.9,28.7,0,0,1,1,0,1,0,2,1
20,30.7,27.0,0,0,0,1,0,1,2,1,1
29,17.0,27.2,0,0,1,0,1,1,1,0,0
43,39.6,31.0,0,1,1,1,0,1,2,0,2
33,21.3,31.2,0,1,1,0,0,1,1,1,1
36,27.4,24.2,0,1,0,1,0,1,0,1,1
22,21.0,38.9,1,1,1,1,1,1,3,1,2
39,28.6,39.2,1,1,1,1,1,1,1,1,2
42,26.8,47.5,1,0,1,0,1,1,2,2,1
31,22.4,47.3,1,1,1,0,1,1,1,1,2
45,30.7,25.9,0,0,1,0,1,1,2,1,1
22,24.7,40.0,1,1,1,0,0,1,1,2,2
32,28.1,26.3,0,1,1,1,1,1,1,0,2
34,21.1,28.9,1,1,0,1,1,1,1,0,2
31,25.4,47.7,1,1,1,1,1,1,1,0,2
37,35.1,51.9,1,1,1,1,1,1,1,0,2
22,30.1,47.3,1,0,1,0,0,1,2,1,2
29,27.0,28.0,1,1,1,0,1,1,2,0,2
33,23.3,33.2,0,1,1,0,0,0,0,1,1
43,25.8,31.6,0,0,0,0,0,0,1,2,0
43,26.4,31.9,1,1,1,1,1,0,1,0,2
33,27.7,30.9,0,1,1,0,1,0,0,1,1
38,20.3,50.3,1,1,1,1,1,1,1,0,2
24,28.7,32.7,1,1,1,1,1,1,0,0,2
21,20.3,30.7,0,1,1,0,1,1,3,1,1
18,33.3,40.2,1,1,1,0,1,1,2,2,2
22,21.8,28.0,1,1,1,1,1,1,0,1,2
40,26.9,31.9,1,1,1,1,1,1,0,0,2
43,30.3,38.2,1,1,1,1,1,1,2,1,2
27,24.3,35.6,1,1,0,1,0,1,1,0,2
39,27.1,42.9,1,1,1,1,1,0,2,0,2
22,32.4,60.1,1,1,1,1,1,1,3,1,2
21,28.2,27.2,0,0,1,0,0,1,1,0,1
19,27.2,31.3,1,1,1,0,1,1,0,1,2
37,17.4,49.3,1,1,1,0,1,1,2,1,2
27,21.0,28.5,0,1,1,1,0,1,3,1,1
43,30.5,28.0,1,1,1,1,1,1,1,0,2
36,28.2,33.2,1,0,0,0,0,1,2,2,1
43,29.0,28.5,0,1,1,0,1,1,1,1,1
18,28.5,33.0,1,1,1,1,1,1,1,1,2
41,31.7,37.7,1,1,1,1,1,1,2,0,2
22,24.2,40.2,1,1,0,0,1,1,3,1,1
30,26.1,29.7,0,1,1,0,0,1,2,1,1
21,20.6,26.3,0,0,1,1,0,0,2,0,1
33,19.4,32.2,0,0,1,1,1,0,0,0,1
41,17.6,46.1,1,1,1,1,1,1,1,1,2
33,21.3,27.2,0,0,1,1,0,0,1,2,1
40,33.0,28.0,1,1,1,1,1,1,0,1,2
19,18.0,29.1,0,1,0,0,1,1,2,0,0
34,24.0,28.4,0,0,0,1,1,0,1,1,0
45,19.3,31.7,1,0,0,1,1,1,2,2,1
44,22.6,34.8,1,1,1,1,0,1,2,1,2
37,26.3,30.7,0,0,1,0,0,0,1,0,0
41,22.1,24.0,0,0,0,0,0,1,0,2,0
29,30.7,29.3,0,0,1,0,1,1,2,0,1
35,32.9,43.6,1,1,1,1,1,1,3,1,2
20,17.0,46.3,1,1,1,0,1,1,2,1,2
45,22.2,27.8,0,1,0,0,0,0,0,2,0
18,25.8,29.2,0,0,1,0,0,1,0,2,0
18,30.9,26.6,0,0,1,0,0,1,1,2,1
36,23.3,44.0,1,1,1,0,0,1,0,0,2
28,25.4,49.5,1,1,1,0,1,1,2,2,2
22,19.9,28.9,0,1,1,1,0,1,2,0,1
29,18.1,28.0,1,1,1,0,0,1,1,0,2
20,32.4,26.2,0,0,0,0,0,0,1,1,0
18,17.0,27.0,0,0,0,0,0,0,1,1,0
18,36.7,35.6,1,1,0,1,1,1,3,1,2
25,29.0,36.1,1,1,1,1,1,1,1,1,2
27,28.8,58.4,1,1,1,1,1,1,2,2,2
28,28.3,32.9,1,1,1,1,1,1,1,0,2
29,24.3,25.6,0,0,1,1,0,0,2,0,1
30,27.4,38.7,1,1,1,1,1,1,1,2,2
29,24.6,31.9,0,0,0,0,1,0,1,0,0
31,28.2,56.2,1,1,1,1,1,1,2,1,2
19,25.3,33.4,0,1,0,1,1,1,1,1,1
36,20.9,28.0,1,1,0,1,1,1,1,1,2
35,21.3,31.1,0,0,1,0,0,1,0,1,0
20,20.8,32.2,0,0,1,0,1,1,1,0,0
40,30.2,31.3,1,1,1,1,1,1,1,2,2
34,22.5,28.2,0,0,0,0,0,0,2,0,0
43,17.0,44.7,1,1,1,1,0,0,3,1,2
25,27.4,29.1,0,1,0,1,0,0,0,0,1
43,32.8,31.2,0,1,1,1,1,1,1,1,2
27,29.2,31.5,0,1,0,1,0,0,0,1,1
43,22.6,25.8,0,0,0,0,1,1,1,2,0
19,17.9,48.9,1,1,1,1,0,1,1,1,2
36,24.9,28.0,0,0,1,0,0,1,2,1,0
26,24.7,55.3,1,1,1,1,1,1,1,2,2
24,20.8,42.8,1,1,1,1,1,1,1,1,2
21,28.1,28.7,0,0,1,1,0,1,2,1,1
43,34.4,28.0,1,1,1,1,1,1,3,1,2
38,26.6,44.5,1,1,1,1,1,1,3,1,2
35,26.3,35.0,1,1,1,1,0,1,2,2,2
30,21.0,24.0,0,0,0,1,1,0,3,0,0
28,32.2,31.2,0,0,1,0,0,1,1,1,1
41,25.1,46.1,1,1,1,0,1,1,0,1,2
21,22.7,47.8,1,1,1,1,1,1,0,2,2
42,25.8,28.6,1,1,1,0,0,1,2,2,2
38,27.8,26.3,0,1,1,1,0,1,3,1,2
42,26.2,33.4,1,1,0,1,1,1,0,1,2
21,31.3,28.0,1,1,1,1,0,1,2,1,2
27,27.3,28.6,1,0,0,1,1,0,2,1,1
22,24.1,29.1,0,0,0,0,1,0,3,2,0
26,27.4,30.2,1,1,1,0,1,1,2,2,2
41,27.9,26.1,0,1,1,1,1,1,3,2,2
20,19.3,30.7,0,0,0,0,1,1,1,0,0
34,31.0,36.5,1,1,1,1,1,1,1,2,2
20,24.1,24.9,0,1,1,0,1,0,1,2,1
33,24.2,29.2,0,0,0,0,0,0,1,1,0
21,29.1,27.7,0,0,1,1,1,1,0,1,1
35,29.1,28.0,1,1,1,1,1,1,2,1,2
34,22.1,32.5,1,1,1,1,1,1,2,1,2
24,29.4,32.6,0,1,0,0,0,1,2,2,1
41,22.8,36.1,1,1,1,1,1,1,1,1,2
40,34.2,36.3,1,1,1,1,0,1,1,1,2
22,21.5,29.6,0,0,0,0,1,1,1,1,0
29,26.6,50.7,1,1,1,1,1,1,0,1,2
34,21.7,29.1,1,1,1,0,1,1,1,2,2
40,36.2,53.9,1,1,1,0,1,1,0,1,2
30,19.6,28.7,0,0,1,0,1,1,0,1,0
40,28.0,39.4,1,1,1,1,0,1,2,0,2
42,22.0,42.1,1,1,0,1,0,1,0,1,2
20,23.8,27.5,0,1,0,0,0,0,3,1,0
26,27.7,29.3,0,0,1,1,1,1,1,2,1
34,31.4,27.2,0,1,1,1,0,1,3,0,2
34,33.3,26.4,0,1,1,0,1,0,0,1,1
37,18.1,31.3,1,1,0,1,0,1,1,0,2
33,26.8,27.3,0,0,1,1,1,1,1,1,1
42,32.5,27.4,0,1,1,0,1,1,2,2,1
39,17.4,35.1,1,1,1,0,1,1,1,1,2
30,27.0,27.9,0,1,0,0,0,0,1,1,0
44,25.5,43.4,1,1,1,1,1,1,2,1,2
36,27.5,28.6,0,0,1,1,1,1,1,0,1
34,21.8,28.8,0,0,1,0,1,1,0,1,0
21,18.6,25.5,0,0,1,0,0,0,1,1,0
29,17.0,27.8,0,0,1,1,0,1,2,1,1
26,30.2,27.7,0,1,1,0,0,0,1,2,1
36,30.8,45.4,1,1,1,1,1,1,1,1,2
29,27.0,39.5,1,1,0,1,1,1,0,1,2
26,22.9,28.8,0,1,1,0,1,1,1,2,1
24,17.7,39.0,1,1,1,0,1,1,2,2,2
45,28.2,31.7,1,1,1,1,1,1,1,1,2
31,20.2,36.4,1,1,1,1,1,1,1,0,2
37,22.1,27.3,0,1,1,0,1,1,0,1,1
36,22.7,26.6,0,0,0,0,0,0,1,1,0
43,24.6,29.9,0,0,1,0,1,1,0,0,0
32,21.9,36.2,1,0,1,0,0,1,1,0,1
33,25.7,28.8,1,1,1,1,1,1,1,0,2
38,22.5,28.0,0,1,1,0,0,1,3,1,1
22,28.9,27.0,0,0,1,0,0,1,0,1,1
20,30.4,47.6,1,1,1,1,1,1,1,1,2
29,26.0,40.5,1,1,1,1,1,1,1,0,2
42,27.7,37.6,1,1,1,1,1,1,1,1,2
37,35.7,31.3,1,1,1,1,1,1,2,0,2
44,19.9,31.9,0,1,1,1,1,1,1,0,1
38,19.6,41.5,1,1,1,0,0,0,0,1,1
21,28.8,32.3,1,1,1,1,1,1,2,1,2
38,34.8,29.1,0,0,1,1,1,1,1,1,1
40,24.2,42.5,1,1,1,1,1,1,0,1,2
33,33.8,31.5,1,1,1,1,1,1,1,0,2
42,26.0,25.6,0,1,1,0,1,0,1,1,1
24,22.2,34.1,1,1,1,1,1,1,2,0,2
30,20.7,59.1,1,1,1,1,1,1,0,0,2
38,28.5,42.3,1,1,1,1,1,1,1,1,2
27,21.1,26.3,0,0,0,0,1,0,1,1,0
43,25.9,31.4,0,1,1,0,0,1,1,0,1
24,33.1,49.0,1,1,1,1,1,1,3,0,2
31,24.0,28.6,0,1,0,0,1,1,0,2,0
43,31.8,33.3,1,1,1,1,1,1,3,1,2
22,19.7,44.8,1,1,1,0,0,1,1,0,2
20,22.9,27.1,0,1,1,0,0,0,2,1,1
40,18.7,29.4,1,1,1,1,1,1,1,0,2
28,25.9,28.0,1,0,1,0,0,1,1,1,1
28,29.2,34.2,0,0,1,0,0,0,2,0,1
35,25.9,39.1,1,1,1,0,1,1,2,1,2
32,31.4,33.3,1,1,1,1,1,1,1,0,2
29,21.9,36.1,1,1,1,1,1,1,0,1,2
26,26.6,44.5,1,1,1,1,1,1,1,1,2
27,23.0,35.7,1,1,1,1,1,1,3,1,2
43,27.2,28.0,1,1,1,1,1,1,1,0,2
29,27.9,40.6,1,1,1,1,0,1,2,1,2
34,28.3,47.7,1,1,1,1,1,1,2,1,2
23,20.4,47.1,1,1,1,1,1,1,2,1,2
24,21.2,29.5,0,1,0,0,0,0,1,1,0
31,22.1,48.2,1,1,1,1,1,1,1,1,2
30,24.4,25.2,0,0,0,0,0,0,3,1,0
25,25.9,27.7,0,0,0,0,0,0,2,1,0
27,28.9,31.5,0,1,1,1,0,0,2,2,2
26,21.4,28.0,1,1,1,1,1,1,1,0,2
35,17.8,52.0,1,1,1,1,1,1,2,0,2
44,35.8,38.4,1,1,1,1,1,1,1,1,2
43,20.1,42.6,1,1,1,1,1,1,1,2,2
19,29.5,28.0,1,1,1,1,1,1,2,2,2
22,25.7,42.0,1,1,1,0,0,1,1,1,2
22,26.7,46.8,1,1,0,1,0,1,2,1,2
23,25.5,31.8,0,1,0,0,0,1,1,1,0
36,23.7,28.5,0,1,0,1,0,1,1,1,1
25,27.7,42.4,1,1,1,1,0,1,1,1,2
33,23.4,28.0,1,1,1,1,1,0,1,2,2
30,31.1,27.0,0,1,1,1,0,1,1,1,2
18,28.2,32.9,0,1,1,0,1,1,2,1,1
39,28.4,39.9,1,1,1,1,1,1,2,1,2
37,23.1,27.9,0,1,0,1,0,1,1,1,1
34,24.4,36.3,1,1,1,1,0,1,1,1,2
24,19.8,33.9,1,1,1,0,0,1,2,1,2
42,23.8,25.1,0,0,1,1,1,1,2,0,1
30,20.5,29.2,0,0,0,0,1,1,2,0,0
21,31.8,36.9,1,1,1,1,1,1,2,1,2
21,25.7,40.3,1,1,1,1,1,1,1,2,2
23,26.3,28.0,1,1,1,1,1,1,1,0,2
45,24.4,28.0,1,1,1,0,0,1,1,1,2
36,26.4,29.9,0,0,1,0,0,1,0,0,0
29,37.3,36.4,1,1,1,1,1,1,2,0,2
39,24.1,39.5,1,1,1,1,1,1,0,2,2
24,22.4,32.2,1,1,0,1,1,1,3,2,2
44,28.0,27.9,0,1,0,1,1,1,2,0,1
27,17.0,39.0,1,1,1,0,0,1,2,1,2
43,25.8,32.1,1,1,0,1,0,1,3,0,2
36,23.7,26.8,0,0,1,0,0,0,1,2,0
24,20.7,30.2,0,0,1,0,0,1,2,0,0
20,27.9,42.4,1,1,1,1,1,1,0,0,2
30,25.8,25.6,0,1,1,0,0,0,0,1,1
30,17.0,29.0,0,0,0,1,1,1,2,2,0
35,22.4,29.5,0,1,0,1,0,1,0,0,1
45,17.0,34.1,1,0,0,0,0,0,3,1,0
43,26.9,44.6,1,1,1,1,1,1,2,0,2
37,26.9,28.0,1,1,1,1,0,1,2,2,2
45,21.7,30.9,0,0,0,1,0,0,1,0,0
25,28.1,40.6,1,1,1,1,1,1,2,2,2
26,19.3,39.0,1,1,1,0,1,1,0,1,2
24,20.9,35.3,1,1,1,1,1,1,2,1,2
18,27.5,29.9,1,1,1,1,1,1,0,2,2
20,22.2,30.8,0,0,0,1,1,1,2,2,0
30,25.2,38.8,1,1,1,1,1,1,1,1,2
45,22.8,31.1,0,0,0,0,0,1,0,0,0
42,23.5,52.2,1,1,1,1,1,1,1,1,2
45,23.7,25.6,0,0,1,0,1,0,0,1,0
34,22.1,26.5,0,0,0,0,0,1,2,1,0
42,27.0,30.7,0,1,1,1,0,0,1,1,1
41,22.5,42.1,1,0,0,0,1,1,1,0,1
18,25.6,26.8,0,0,0,1,0,0,1,1,0
23,22.0,47.1,1,1,1,1,1,0,1,1,2
38,18.1,26.9,0,0,1,1,0,0,1,0,1
23,29.9,24.5,0,1,0,1,1,1,2,1,1
43,27.9,43.0,1,0,0,0,1,0,0,1,1
29,36.5,25.4,0,1,0,0,0,1,0,1,1
30,20.5,27.8,0,0,1,1,1,1,1,0,1
30,24.5,59.2,1,1,1,1,1,1,1,1,2
32,24.9,29.6,0,1,1,1,1,1,1,0,1
38,30.2,27.2,0,1,1,1,1,1,1,1,2
33,23.1,27.3,0,0,0,0,1,1,2,1,0
39,19.9,35.2,1,1,1,1,0,1,0,1,2
38,31.3,34.0,1,1,1,0,1,1,1,0,2
28,24.0,42.8,1,1,1,1,0,1,1,1,2
45,29.7,28.0,1,1,1,1,1,1,2,2,2
22,29.2,26.9,0,1,1,0,1,1,3,0,1
21,25.4,27.5,0,0,1,0,1,1,1,2,0
20,24.7,46.6,1,1,1,1,1,1,3,1,2
36,23.6,28.2,0,0,0,0,0,0,1,1,0
37,25.4,30.0,0,1,1,1,1,1,0,0,1
42,29.6,28.3,0,1,1,1,1,1,0,0,2
35,21.7,32.4,0,0,1,1,0,1,1,2,1
32,26.0,40.7,1,1,0,0,1,1,1,1,1
26,20.1,29.9,0,1,0,0,1,1,0,0,0
34,20.7,39.3,1,1,1,1,1,1,1,1,2
31,25.4,27.1,0,0,1,1,0,1,1,0,1
32,17.0,36.0,1,0,1,0,0,1,0,1,1
18,35.4,30.4,0,1,1,1,1,1,1,1,2
38,19.8,28.8,0,0,0,1,0,0,2,2,0
39,25.3,46.8,1,1,1,0,1,1,1,1,2
39,31.1,39.3,1,1,1,1,1,1,2,0,2
20,21.4,30.9,0,0,0,1,0,0,2,1,0
33,17.0,28.6,0,0,0,0,1,1,1,1,0
40,23.4,27.8,0,0,1,1,0,1,1,1,1
42,21.3,29.0,0,0,1,0,0,1,1,2,0
28,17.0,29.8,0,0,1,0,1,1,1,1,0
29,26.9,48.9,1,1,1,1,1,0,1,0,2
27,26.5,33.8,0,1,1,1,0,1,1,2,1
33,31.0,26.5,0,1,1,0,1,1,0,0,1
25,20.1,33.8,1,1,1,1,1,1,2,0,2
23,17.8,47.1,1,1,1,1,1,1,1,1,2
29,23.5,28.0,1,1,1,1,1,1,2,2,2
41,25.1,28.3,0,1,1,0,1,1,1,1,1
45,29.9,32.5,0,1,0,1,0,1,2,0,1
38,32.3,58.6,1,1,1,1,1,1,1,1,2
25,31.3,26.1,0,1,0,1,1,1,1,0,1
43,26.8,28.8,0,0,1,1,1,1,3,0,1
45,29.3,40.7,1,1,1,1,1,1,2,0,2
21,22.4,47.6,1,1,1,1,1,1,0,1,2
43,26.3,33.0,1,1,1,0,1,1,0,2,2
25,19.8,28.6,0,0,0,0,1,0,2,0,0
43,25.8,29.9,0,1,1,1,1,1,2,0,1
45,25.9,42.9,1,1,1,1,1,1,1,2,2
35,33.8,26.9,0,0,1,1,1,1,1,1,1
45,24.4,43.3,1,1,1,1,1,1,2,2,2
45,25.9,44.6,1,0,1,1,1,1,1,0,2
22,26.6,35.9,1,1,1,1,1,1,2,0,2
26,23.3,28.8,0,0,1,1,1,1,0,1,1
21,21.6,27.1,0,0,0,0,0,0,3,1,0
44,31.7,33.1,1,1,1,1,1,1,2,1,2
39,20.8,52.5,1,1,1,1,1,1,2,1,2
34,19.1,28.0,1,1,1,0,1,1,1,0,2
26,28.8,28.1,0,1,1,1,1,1,0,1,2
18,31.1,26.4,0,1,1,1,0,1,1,1,2
38,23.3,38.0,1,1,1,1,1,1,2,1,2
37,23.4,36.2,1,1,1,0,1,1,2,1,2
30,26.9,46.0,1,1,1,1,1,1,1,1,2
45,22.1,26.8,0,0,1,0,1,0,2,0,0
33,21.7,38.5,1,1,1,1,1,1,2,0,2
30,29.7,35.1,1,0,1,1,1,1,0,1,2
31,28.4,30.9,1,1,1,1,1,1,1,0,2
20,31.8,27.0,0,1,1,1,1,1,2,1,2
23,19.5,30.2,0,0,0,0,0,1,1,2,0
35,23.1,55.0,1,1,1,1,1,1,2,1,2
36,26.8,30.5,0,1,0,0,0,1,1,0,0
22,21.1,28.0,1,1,1,1,1,1,3,2,2
32,28.6,37.7,1,1,1,1,1,1,0,0,2
42,31.4,31.1,0,1,1,0,1,1,1,0,1
19,22.7,45.5,1,1,1,1,1,1,0,1,2
27,25.7,25.9,0,0,1,0,1,1,0,1,0
41,32.5,48.0,1,1,1,1,1,1,1,0,2
35,34.1,41.1,1,1,1,0,1,1,0,1,2
44,29.1,27.5,0,1,0,0,1,1,3,1,1
30,28.3,29.2,0,1,0,0,0,0,3,0,0
22,21.4,31.9,0,1,1,1,1,1,1,0,1
40,27.2,28.6,0,0,0,1,1,1,2,1,1
41,28.2,33.4,1,0,1,1,1,0,1,1,2
18,24.5,31.7,1,1,1,0,0,1,2,0,2
39,22.6,28.6,0,1,1,1,1,1,2,0,1
18,19.3,30.1,0,1,0,0,0,1,0,1,0
35,17.2,31.2,0,0,1,1,1,0,2,2,1
32,17.0,28.0,1,1,1,1,1,1,2,0,2
34,28.3,24.0,0,0,1,0,0,0,1,1,1
28,26.2,52.9,1,1,1,1,1,1,3,0,2
38,23.2,32.2,1,1,1,1,1,1,3,0,2
43,23.9,39.6,1,1,1,1,1,1,1,0,2
42,26.5,27.7,0,1,0,1,0,1,2,1,1
39,24.7,38.8,1,1,0,1,1,1,3,1,2
44,19.1,28.2,0,0,1,0,0,0,1,2,0
44,29.9,24.0,0,0,1,0,0,1,1,1,1
34,27.0,48.7,1,0,1,1,1,1,0,2,2
30,26.8,47.5,1,1,1,1,1,1,2,0,2
18,29.5,28.3,0,0,1,0,1,0,2,0,1
19,21.6,32.1,0,1,0,1,0,1,0,2,1
26,31.3,26.7,0,1,1,1,1,1,3,1,2
20,24.8,27.7,0,0,1,0,1,1,2,2,0
18,29.8,26.3,0,0,0,1,1,1,2,0,1
38,29.0,27.2,0,1,1,1,0,0,0,1,2
33,20.5,43.2,1,1,1,0,0,0,1,1,1
40,27.9,35.1,1,1,1,1,1,1,2,0,2
23,27.1,35.8,1,1,1,1,1,1,1,1,2
45,25.6,41.6,1,1,1,1,1,1,2,1,2
34,25.0,33.9,0,1,0,1,0,1,2,0,1
22,25.1,35.1,1,1,1,1,1,1,1,0,2
22,29.4,38.0,1,1,1,1,1,1,2,0,2
23,28.3,47.2,1,0,1,0,1,1,0,0,2
20,25.6,28.9,1,1,1,0,1,1,1,1,2
38,18.3,44.1,1,1,1,1,1,1,0,0,2
40,27.9,44.3,1,1,1,1,1,1,1,0,2
22,29.0,26.5,0,1,0,1,1,1,1,2,1
38,36.5,31.5,1,1,1,1,1,1,2,1,2
22,30.7,28.0,1,1,1,1,1,1,2,1,2
27,17.0,42.5,1,0,1,0,1,1,1,1,1
27,25.9,39.5,1,1,1,1,1,1,2,2,2
36,34.2,28.4,0,1,1,0,0,1,0,0,1
34,28.5,27.7,0,0,1,0,1,1,0,1,1
38,27.1,44.1,1,1,0,0,1,1,2,1,2
31,29.8,46.4,1,1,1,1,1,1,2,0,2
26,22.5,37.2,1,0,1,1,0,1,2,1,2
31,27.8,29.3,0,0,1,0,0,1,1,2,1
18,24.3,27.6,0,1,0,1,0,1,2,2,1
36,25.4,31.4,1,1,1,1,1,0,2,0,2
30,29.5,42.2,1,1,1,1,0,1,3,0,2
30,21.1,51.0,1,1,1,0,1,1,1,2,2
21,31.7,38.2,1,1,1,1,1,1,1,1,2
18,23.5,28.0,1,1,1,1,1,1,2,0,2
34,26.8,28.4,0,1,1,0,1,1,3,1,1
25,18.8,28.0,1,1,1,1,1,1,1,0,2
19,29.0,30.2,0,1,1,1,0,0,1,0,2
45,32.4,28.0,0,1,1,1,1,1,1,2,2
25,23.0,34.0,1,1,1,0,1,1,1,0,2
24,20.2,28.0,1,1,1,1,1,1,1,0,2
43,26.8,31.0,0,1,0,0,1,0,0,0,0
43,32.5,32.9,1,1,1,1,1,1,1,1,2
19,18.5,27.6,0,1,0,1,0,1,1,0,1
39,20.2,28.9,0,1,0,0,0,1,0,1,0
39,23.3,28.6,0,0,0,0,1,1,1,1,0
20,21.6,32.2,0,0,1,0,1,1,0,2,0
44,21.6,28.0,1,0,1,1,1,1,3,0,2
35,17.0,27.3,0,1,0,0,0,0,1,2,0
29,28.3,37.8,1,1,1,1,1,1,2,0,2
18,27.1,32.2,1,1,0,0,1,1,1,1,2
39,17.3,29.1,0,0,0,0,1,0,3,1,0
29,32.5,34.4,1,1,1,1,1,1,1,0,2
22,33.6,28.0,0,0,1,1,0,1,1,1,1
44,21.9,33.3,1,1,1,1,1,1,1,0,2
42,31.1,29.0,0,1,0,1,1,1,2,0,1
34,22.7,30.0,0,1,0,0,0,0,1,1,0
33,26.4,28.1,0,0,0,0,1,1,1,1,0
32,21.5,32.0,0,1,1,1,0,1,0,0,1
40,36.1,26.5,0,0,1,1,0,1,2,0,1
32,24.1,39.1,1,1,1,1,1,1,1,0,2
22,26.1,28.9,1,1,1,1,1,1,0,1,2
38,22.2,47.8,1,1,1,1,1,1,1,1,2
31,34.4,55.8,1,1,1,1,1,1,1,0,2
19,34.6,25.3,0,1,1,1,1,1,2,0,2
28,33.3,34.3,0,1,1,0,1,1,0,1,1
36,30.1,27.9,0,1,1,1,1,0,1,1,2
24,22.5,28.8,0,1,1,1,1,1,2,1,1
23,29.5,33.1,1,1,1,0,1,1,2,2,2
45,25.5,37.0,1,1,1,0,1,0,1,0,1
19,31.8,28.6,0,1,0,1,0,0,2,2,1
23,30.9,26.8,0,1,1,1,0,1,1,0,2
35,22.4,44.2,1,1,1,0,0,1,1,2,2
19,30.0,44.5,1,1,1,1,1,1,3,0,2
35,28.8,29.2,0,0,0,1,1,1,3,1,1
32,17.0,41.2,1,1,1,1,1,1,1,1,2
44,29.3,32.2,1,1,1,0,0,1,0,1,2
36,23.4,25.1,0,0,0,0,0,1,1,2,0
19,21.2,26.7,0,0,1,0,0,0,0,1,0
37,21.5,42.4,1,1,1,1,1,1,0,2,2
42,24.9,35.1,1,1,1,1,1,1,1,1,2
23,27.8,36.4,1,1,1,1,1,1,3,1,2
18,18.9,28.9,0,0,1,0,0,0,2,0,0
41,26.4,28.6,0,1,1,1,1,1,1,2,1
32,28.3,46.4,1,1,1,1,0,1,1,1,2
45,34.4,40.7,1,1,1,1,1,1,0,1,2
40,20.3,31.3,0,1,1,0,0,0,1,1,1
27,23.8,28.0,1,1,1,0,0,1,0,1,2
36,26.8,39.7,1,1,1,1,1,1,2,2,2
34,31.0,38.7,1,1,1,1,1,1,0,0,2
22,24.0,52.5,1,1,1,1,1,0,2,0,2
21,31.3,31.1,1,1,0,1,1,1,2,0,2
27,17.0,27.9,0,0,1,0,0,0,1,1,0
41,19.5,41.0,1,1,1,1,1,1,0,0,2
34,27.2,30.0,0,1,1,0,1,1,2,0,1
27,18.7,33.3,1,1,1,0,0,1,3,0,2
34,19.9,27.5,0,1,1,1,1,1,2,1,1
45,23.0,41.8,1,1,1,1,0,1,1,1,2
37,29.2,26.5,0,0,1,1,1,1,1,0,1
41,17.0,31.5,0,1,1,0,0,1,1,2,1
22,26.3,30.0,0,1,1,0,0,0,3,2,1
19,30.5,28.9,0,1,0,1,1,1,2,0,1
23,24.6,42.9,1,1,1,1,1,1,2,1,2
38,23.7,36.2,1,1,1,0,1,1,1,1,2
19,27.4,30.6,1,1,1,1,0,1,2,0,2
30,24.6,27.4,0,1,0,1,1,1,1,0,1
28,32.2,29.7,0,1,1,0,1,1,0,1,1
28,20.2,29.0,0,0,0,0,0,0,1,1,0
33,25.3,27.4,0,0,1,0,0,1,3,0,0
28,26.5,46.0,1,1,1,1,1,1,2,2,2
36,23.7,28.1,0,0,0,1,1,0,0,1,0
32,17.0,26.8,0,1,1,0,0,0,2,1,1
42,24.7,29.1,0,1,1,1,0,0,1,0,1
40,29.8,26.0,0,1,1,1,0,1,1,1,2
40,29.2,35.9,1,1,1,1,1,1,1,0,2
33,27.2,37.5,1,1,1,1,1,1,1,1,2
28,20.2,26.9,0,1,0,0,1,1,1,1,0
39,27.4,27.9,0,1,1,1,1,1,1,1,2
33,22.7,26.1,0,1,1,0,1,1,2,1,1
25,27.2,31.5,0,1,1,1,1,1,1,1,2
21,26.1,26.8,0,1,1,1,0,1,2,2,1
25,20.8,38.1,1,1,1,1,1,1,0,1,2
21,21.2,46.4,1,1,1,1,1,1,2,0,2
41,27.2,28.9,1,1,1,0,1,1,2,1,2
42,24.4,24.9,0,0,1,0,0,0,2,0,0
20,21.5,29.5,0,0,1,0,0,1,1,2,0
20,21.1,33.5,1,0,1,1,1,1,2,1,2
44,24.0,28.0,1,1,1,1,1,1,0,1,2
35,33.0,52.0,1,1,1,1,1,1,2,0,2
43,23.0,26.5,0,1,1,1,1,1,0,1,1
36,25.4,34.9,1,1,1,0,0,1,0,2,2
36,26.0,26.3,0,0,1,0,0,0,1,0,0
38,20.1,34.1,1,1,1,1,1,1,2,1,2
22,17.0,30.0,1,1,1,1,1,1,0,2,2
35,20.6,52.6,1,1,1,0,1,1,3,1,2
45,26.7,28.8,0,0,0,1,0,1,3,1,0
27,25.9,35.7,1,1,0,1,1,1,2,1,2
39,28.9,27.4,0,0,1,0,1,1,1,1,1
38,26.0,25.7,0,1,0,1,1,0,2,0,0
23,25.0,29.6,0,0,0,1,1,1,1,0,0
18,22.6,28.0,1,1,1,1,1,0,1,1,2
22,29.7,30.7,0,1,1,1,0,1,3,2,2
26,21.1,29.4,0,0,1,0,1,1,3,0,0
29,20.2,36.2,1,1,1,1,1,1,3,0,2
43,28.2,26.3,0,0,0,0,1,1,1,1,0
31,19.1,28.0,1,1,1,1,1,1,1,2,2
19,37.1,30.5,0,0,1,0,1,1,1,0,1
34,25.9,25.7,0,1,1,0,1,1,1,2,1
31,27.2,43.4,1,1,1,1,1,1,1,0,2
43,21.6,30.1,0,1,1,0,0,0,1,2,1
30,24.0,35.7,1,1,1,0,1,1,2,1,2
44,23.5,37.0,1,1,1,1,1,0,2,1,2
26,22.9,43.9,1,1,1,1,1,1,2,1,2
43,28.5,38.3,1,1,1,1,1,1,2,1,2
42,23.3,26.0,0,1,1,1,1,1,0,0,1
32,30.4,28.4,0,0,0,0,1,0,0,0,0
42,38.3,28.0,1,1,0,1,1,1,2,1,2
39,24.1,49.6,1,1,1,1,1,1,1,2,2
32,26.2,44.5,1,0,1,1,0,1,1,1,2
41,27.3,37.1,1,1,1,0,1,1,0,1,2
28,34.2,34.4,1,1,1,1,1,1,1,1,2
33,25.1,33.4,1,1,0,1,1,1,2,0,2
34,21.5,27.8,0,0,1,0,1,0,2,2,0
43,19.4,53.2,1,0,1,1,1,1,3,1,2
21,25.2,33.2,1,1,1,1,1,1,1,1,2
18,23.3,29.5,0,1,1,1,0,1,1,1,1
25,35.1,38.2,1,1,1,1,1,1,2,2,2
34,34.0,36.3,1,1,1,1,1,1,1,2,2
20,20.5,50.0,1,1,1,1,0,1,1,1,2
37,22.1,25.0,0,1,1,1,0,1,3,1,1
32,25.9,31.7,0,1,1,1,1,0,2,1,1
32,32.2,40.0,1,1,1,1,1,1,3,1,2
41,25.8,28.0,1,1,1,0,1,1,1,1,2
39,22.4,25.4,0,0,1,0,1,1,1,0,0
31,25.2,30.5,0,1,1,0,0,1,2,1,1
43,22.5,28.0,1,1,1,1,1,1,0,1,2
45,28.4,27.5,0,0,0,0,1,1,2,1,0
40,22.1,33.8,1,1,1,0,1,1,0,0,2
31,23.0,46.2,1,1,1,1,1,1,2,1,2
41,31.1,32.3,0,1,1,0,0,1,2,1,1
19,21.8,31.7,1,1,1,1,0,1,0,0,2
30,18.6,26.2,0,0,1,1,1,0,1,1,1
43,26.0,30.2,0,0,0,1,0,1,2,2,0
31,23.8,32.7,1,1,0,1,0,1,2,1,2
44,28.0,29.0,0,1,1,1,1,1,1,0,2
41,27.0,45.4,1,1,1,0,1,1,2,2,2
36,25.3,35.6,1,1,1,1,0,1,1,0,2
24,25.2,25.7,0,0,1,1,0,0,1,2,1
20,22.0,28.1,0,1,1,0,0,1,0,0,1
32,25.9,29.8,0,0,1,1,1,1,3,0,1
40,29.7,28.2,0,0,0,1,0,0,0,1,0
31,20.8,30.5,0,0,0,0,0,1,1,1,0
28,25.5,27.5,0,0,0,1,1,1,2,1,0
32,30.5,30.6,1,1,1,0,1,1,1,1,2
45,27.9,34.1,1,1,1,1,1,1,1,2,2
30,31.8,34.9,1,1,1,1,1,1,1,1,2
35,22.8,40.3,1,0,1,1,1,1,2,1,2
43,17.0,31.1,0,1,0,0,1,0,1,0,0
23,26.5,26.8,0,0,1,0,0,1,2,0,0
20,27.2,41.9,1,1,1,1,1,1,2,1,2
36,32.1,34.3,1,1,1,1,1,1,2,0,2
32,31.2,27.1,0,1,1,1,1,1,2,1,2
42,28.1,38.7,1,1,1,1,1,1,1,1,2
40,29.2,36.4,1,1,1,1,1,1,1,0,2
22,24.6,39.8,1,1,0,1,1,1,2,1,2
45,19.6,29.6,0,0,0,0,0,0,3,0,0
27,26.1,38.5,1,1,1,1,1,1,1,1,2
24,30.2,32.9,1,1,1,1,1,1,1,1,2
42,28.7,30.9,1,1,1,1,1,1,1,1,2
34,29.5,31.2,1,1,1,1,1,1,1,0,2
24,23.4,28.0,1,1,0,1,0,1,0,1,2
39,24.2,45.5,1,1,1,1,0,1,1,0,2
43,27.8,26.1,0,1,1,0,0,0,1,1,1
29,22.9,41.9,1,1,1,0,1,1,1,1,2
42,23.0,31.1,1,0,1,0,1,1,1,1,1
34,26.9,33.9,1,1,1,0,1,1,2,2,2
30,29.2,30.9,0,1,1,0,1,1,2,1,1
37,24.5,28.7,0,1,1,0,1,0,3,0,1
42,19.9,38.1,1,1,0,1,1,1,1,0,2
21,22.0,44.3,1,1,1,1,1,1,0,2,2
27,26.5,48.4,1,1,1,1,1,1,3,0,2
20,26.4,39.3,1,1,1,1,1,1,2,1,2
26,26.7,28.4,1,1,0,0,1,1,1,1,1
30,28.0,36.2,1,1,1,1,1,1,0,1,2
35,25.5,32.1,1,1,1,1,1,1,0,1,2
32,26.8,34.0,1,1,1,1,1,1,0,1,2
21,25.3,37.2,1,1,1,1,1,1,0,1,2
32,31.0,24.4,0,1,0,1,1,0,3,2,1
39,32.4,41.3,1,1,0,1,1,1,1,1,2
19,19.8,42.5,1,1,1,0,0,1,2,1,2
32,24.3,29.8,0,1,0,0,0,0,2,1,0
25,25.7,28.1,0,0,0,0,1,1,2,1,0
25,24.2,25.1,0,0,1,0,0,1,2,2,0
34,34.1,26.0,0,1,1,1,1,1,3,0,2
29,26.6,26.4,0,1,1,1,0,1,1,0,1
36,21.6,31.9,0,1,1,0,0,0,3,2,1
27,28.4,28.0,1,1,0,0,0,0,2,1,1
26,26.8,35.0,1,1,1,1,1,1,0,0,2
22,27.0,31.6,0,1,1,0,1,1,2,1,1
23,34.2,28.1,0,1,1,1,1,0,2,2,2
37,27.2,44.9,1,1,1,1,0,1,3,2,2
43,24.0,28.6,0,1,1,0,0,1,1,1,1
19,17.0,29.1,1,1,0,0,1,1,1,0,1
44,24.7,28.0,1,1,0,1,1,1,0,2,2
41,31.8,48.6,1,0,1,1,0,1,1,1,2
44,25.1,30.5,0,1,0,1,1,1,0,2,1
30,17.0,29.3,1,0,1,1,0,1,1,0,2
23,23.1,28.6,0,1,1,0,0,1,2,0,1
22,30.3,47.5,1,1,1,1,1,1,1,1,2
42,28.1,35.8,1,1,1,1,1,1,1,0,2
18,21.5,28.3,0,0,1,0,0,1,1,1,0
38,22.8,27.3,0,0,0,1,0,0,0,2,0
39,23.5,29.0,0,1,0,0,1,1,1,1,0
38,22.3,47.5,1,1,1,1,1,1,0,2,2
23,17.0,28.0,0,0,0,0,1,0,1,1,0
23,29.2,30.1,1,1,1,1,1,1,0,1,2
40,31.5,24.3,0,0,1,1,1,0,0,2,1
33,18.2,34.1,1,1,1,1,1,0,1,1,2
21,31.5,42.3,1,1,1,1,1,1,1,1,2
28,25.0,49.3,1,1,1,1,1,1,0,1,2
41,31.4,36.8,1,1,1,1,1,1,1,1,2
40,25.7,29.7,0,0,1,0,1,1,2,0,0
26,26.2,31.0,0,1,1,0,0,1,2,2,1
40,27.3,29.1,1,1,0,1,1,1,0,2,2
20,21.7,28.0,0,1,1,1,0,0,1,1,1
36,31.2,29.1,0,1,1,0,0,1,2,1,1
25,20.1,30.8,0,1,0,0,0,0,0,1,0
22,23.6,27.3,0,0,0,0,1,1,2,1,0
21,28.0,28.6,0,0,0,0,1,1,3,1,0
41,23.1,33.7,1,1,1,0,0,0,2,2,1
23,29.2,24.5,0,1,1,0,0,1,2,1,1
19,32.1,29.5,1,1,1,1,0,1,2,0,2
37,30.4,33.6,0,0,0,1,1,1,2,2,1
45,17.0,41.8,1,1,1,0,1,1,2,1,2
28,26.1,30.9,0,1,1,1,0,1,2,2,1
21,30.4,43.3,1,1,1,1,1,1,2,0,2
32,19.2,31.5,1,1,1,0,0,1,1,0,2
23,29.0,32.3,0,1,1,0,1,1,1,2,1
39,28.7,39.0,1,1,1,0,1,1,2,0,2
34,19.7,50.4,1,1,1,1,0,1,0,2,2
41,29.5,57.3,1,1,1,1,0,1,2,2,2
23,26.8,34.2,1,1,1,1,1,1,3,1,2
36,28.6,24.0,0,1,1,1,1,0,2,0,2
42,20.9,36.0,1,1,1,1,1,1,3,1,2
19,26.2,30.6,0,1,0,1,1,1,2,2,1
32,17.3,27.9,0,1,1,0,0,0,0,1,1
28,17.0,32.8,1,0,1,0,1,0,2,1,1
25,26.2,27.7,0,0,1,1,1,0,1,1,1
43,30.8,36.9,1,1,1,1,1,1,1,0,2
36,26.7,42.9,1,1,1,1,1,1,1,2,2
30,25.2,50.1,1,1,1,1,0,1,1,2,2
29,24.6,36.1,1,1,1,1,1,1,1,2,2
22,21.0,27.5,0,1,0,0,0,0,1,1,0
23,24.4,25.3,0,0,0,1,0,1,2,1,0
43,27.5,27.4,0,1,1,1,1,1,2,0,2
39,23.4,24.0,0,0,1,1,0,1,1,1,1
21,29.1,25.4,0,0,1,0,1,1,1,1,1
36,26.4,28.9,0,0,1,1,0,1,2,2,1
37,27.0,37.2,1,1,1,1,1,1,2,2,2
18,29.8,33.4,1,1,1,1,1,1,3,2,2
37,23.0,28.5,0,0,1,1,1,1,0,2,1
