age,unexplained_weight_change_kg,temperature_sensitivity,heart_rate_resting_bpm,fatigue_level,hair_loss_severity,cycle_flow_changes,mood_anxiety_depression_score,tsh_level_est,thyroid_risk_level
56,-4.6,0,58.0,1,0,-1,7.4,4.72,1
46,2.3,0,66.0,1,1,1,5.8,1.23,0
32,-3.6,0,92.0,1,0,0,2.3,0.57,0
60,-0.7,0,71.0,0,1,0,1.1,4.94,1
25,0.0,1,48.0,0,1,-1,8.3,0.62,0
38,0.7,0,54.0,2,1,0,2.6,3.59,0
56,-3.0,1,67.0,1,1,0,6.5,3.1,2
36,0.7,1,84.0,0,0,0,4.0,2.44,0
40,-3.5,1,69.0,1,1,0,6.3,1.47,2
28,3.0,1,85.0,2,2,0,3.8,2.72,0
28,-0.5,0,66.0,0,0,1,1.8,3.78,0
41,0.7,0,48.0,2,2,0,3.0,1.11,0
53,11.6,0,66.0,0,0,1,2.7,3.62,0
57,-5.0,0,76.0,0,0,-1,4.9,3.52,0
41,6.2,0,75.0,0,0,0,6.9,2.4,0
20,-12.0,0,57.0,2,2,0,3.4,1.46,0
39,-9.4,0,68.0,0,0,0,1.1,3.53,0
19,-5.6,0,104.0,0,2,1,5.7,2.73,2
41,-5.3,-1,57.0,1,2,-1,6.5,1.09,0
61,0.9,0,80.0,2,0,-1,9.7,1.62,0
47,1.3,-1,48.0,1,0,1,6.3,3.29,0
55,-1.1,1,82.0,1,1,0,5.2,2.16,0
19,-0.7,0,61.0,0,0,0,6.2,3.86,0
38,2.4,-1,77.0,1,1,0,9.4,1.64,1
50,3.7,-1,57.0,2,0,1,8.5,1.11,1
29,-6.0,0,75.0,2,0,-1,3.9,7.51,1
39,-1.6,0,61.0,1,1,-1,3.1,0.73,0
61,-0.3,0,63.0,1,0,0,3.4,1.49,0
42,2.2,-1,77.0,0,0,1,5.5,2.38,1
44,-3.5,0,67.0,1,0,0,7.7,3.64,0
59,-0.4,0,77.0,0,0,0,5.5,2.97,0
45,0.1,0,70.0,2,1,0,1.6,8.06,1
33,-3.2,0,73.0,3,1,1,7.5,1.88,0
32,-3.3,0,77.0,3,0,1,8.3,1.19,0
64,0.4,-1,68.0,3,1,1,3.6,1.77,0
61,-0.6,1,60.0,2,1,-1,7.0,1.66,0
20,2.3,0,66.0,2,0,-1,4.8,1.93,0
54,-4.7,0,86.0,1,0,0,9.0,1.12,0
24,-1.6,-1,73.0,2,2,1,8.6,3.22,0
38,-1.0,0,62.0,1,1,0,5.7,2.52,0
26,3.7,-1,77.0,1,1,0,7.2,0.94,1
56,-4.2,0,78.0,2,1,0,9.0,3.6,0
35,1.1,1,78.0,1,0,-1,5.5,1.24,0
21,1.1,0,60.0,1,1,0,3.8,0.99,0
42,7.4,-1,64.0,3,1,0,7.8,2.12,1
31,-4.5,-1,64.0,0,1,0,3.0,0.7,0
26,-3.0,0,68.0,1,0,0,4.5,2.87,0
43,-4.2,-1,78.0,3,0,0,8.8,0.37,0
19,-7.5,-1,76.0,2,0,0,7.5,1.09,0
37,7.9,1,77.0,1,2,0,4.6,5.18,1
45,-5.6,0,88.0,1,0,0,2.9,1.33,0
64,-3.7,0,80.0,1,0,0,4.2,1.48,0
24,5.9,1,70.0,3,0,0,3.6,4.32,0
61,-7.9,-1,58.0,2,0,-1,2.6,1.25,0
25,3.4,1,63.0,1,1,-1,7.7,3.18,0
64,-6.4,0,69.0,0,1,0,3.3,4.07,0
52,5.6,1,82.0,0,1,0,5.1,2.68,0
31,-9.8,0,72.0,3,0,1,4.5,0.85,0
34,-7.9,1,64.0,1,1,0,9.8,1.4,2
53,-2.5,1,63.0,2,0,0,4.5,10.26,1
57,4.4,0,71.0,0,0,0,1.7,1.5,0
21,-0.1,1,83.0,2,0,0,1.8,12.08,1
19,-1.5,0,91.0,3,0,0,6.3,5.61,1
23,6.1,0,70.0,2,0,-1,6.4,2.75,0
59,9.7,0,71.0,0,1,-1,4.8,2.41,0
21,3.0,0,57.0,2,1,0,4.9,1.52,0
46,-2.8,-1,95.0,2,1,1,1.5,1.91,2
35,-1.9,0,55.0,1,0,-1,5.6,1.33,0
43,-5.8,0,86.0,3,0,-1,5.5,1.94,0
61,0.5,1,68.0,2,0,0,2.3,0.89,0
51,-7.3,1,65.0,3,2,0,1.9,0.86,2
27,2.5,0,59.0,2,1,1,2.1,4.4,0
53,9.0,0,101.0,0,1,0,1.9,0.77,2
31,3.2,0,75.0,1,0,1,6.5,3.43,0
48,-2.1,-1,72.0,1,1,0,2.8,0.65,0
32,2.4,-1,83.0,3,0,0,3.3,2.94,1
25,7.3,0,64.0,2,1,0,2.6,1.78,0
31,7.1,0,72.0,2,2,0,9.6,4.45,0
40,-4.5,1,73.0,1,2,0,8.7,1.65,2
57,2.3,0,66.0,0,1,-1,3.1,0.6,0
38,-0.7,0,86.0,2,0,0,3.9,1.8,0
33,3.6,0,69.0,1,2,0,2.9,2.22,0
62,1.7,-1,53.0,1,1,1,5.4,1.86,0
35,-10.7,0,68.0,2,0,0,1.2,2.84,0
64,-1.6,0,75.0,0,0,0,7.0,1.44,0
41,0.9,0,61.0,1,0,-1,5.7,0.94,0
43,-6.5,0,62.0,1,0,0,9.1,1.11,0
42,2.6,1,65.0,0,0,0,2.5,1.48,0
62,-6.9,1,87.0,3,1,1,8.2,1.47,2
58,-3.6,0,66.0,1,0,1,8.1,8.53,1
46,6.0,0,89.0,0,0,-1,2.1,4.28,0
32,-4.0,0,65.0,1,1,1,4.6,3.04,0
62,2.6,-1,76.0,2,1,-1,2.5,2.63,1
18,-7.9,0,67.0,1,1,0,3.3,2.41,0
42,9.4,-1,81.0,2,0,0,3.4,2.42,1
24,-1.4,0,59.0,0,2,-1,6.0,2.22,0
26,0.4,0,81.0,0,2,0,4.7,2.06,0
41,0.8,-1,73.0,1,0,-1,9.5,0.57,0
18,2.7,1,64.0,2,0,-1,2.1,1.61,0
61,-6.8,1,70.0,3,1,0,9.8,1.74,2
25,-0.0,0,90.0,0,1,0,3.1,1.28,0
41,-3.0,0,74.0,1,2,1,8.0,1.44,0
28,-7.6,1,64.0,3,2,0,4.1,2.41,2
34,4.4,-1,58.0,1,1,0,2.3,3.19,1
25,-1.6,1,78.0,2,1,0,8.7,2.41,0
52,1.1,-1,74.0,0,0,-1,3.8,3.14,0
52,0.8,1,80.0,3,0,-1,6.9,3.18,0
50,-1.5,0,54.0,2,0,0,6.1,1.68,0
22,8.9,1,58.0,3,1,0,5.2,2.76,0
59,-0.2,1,86.0,2,1,0,5.5,0.71,0
56,-7.0,-1,76.0,1,1,0,7.6,1.6,0
58,-1.8,0,78.0,3,0,0,1.8,1.49,0
45,2.2,1,60.0,1,1,-1,7.0,5.05,1
24,2.4,0,60.0,1,0,-1,9.1,2.47,0
26,-4.9,1,84.0,2,0,1,1.5,0.9,2
25,4.2,0,84.0,2,1,0,2.3,2.88,0
29,-7.9,0,59.0,3,1,1,7.4,3.48,0
51,5.1,0,57.0,1,2,-1,4.9,1.91,0
50,-5.9,-1,71.0,2,0,1,4.6,3.05,0
40,-1.0,1,62.0,2,0,0,2.2,0.45,0
41,4.8,0,62.0,0,0,-1,5.6,0.4,0
54,0.5,0,57.0,1,0,1,2.1,0.99,0
52,3.7,0,66.0,1,2,0,5.3,2.2,0
61,2.8,0,58.0,1,1,0,7.9,5.05,1
57,5.8,1,59.0,3,2,-1,3.3,1.02,0
39,4.8,1,76.0,2,0,0,5.3,1.21,0
44,-2.0,0,71.0,2,2,1,9.9,2.12,0
52,2.8,1,78.0,3,0,0,7.2,1.5,0
18,-6.9,1,52.0,1,2,0,8.6,1.45,2
52,-0.3,0,72.0,2,0,-1,4.7,1.56,0
54,3.7,1,97.0,1,0,0,7.9,4.43,2
64,0.6,-1,68.0,3,1,0,1.4,3.93,0
31,2.0,-1,82.0,0,2,0,2.1,2.04,1
20,-1.0,1,82.0,3,0,0,2.8,5.43,1
18,5.1,0,82.0,1,0,-1,4.6,2.73,0
22,-0.4,1,74.0,1,2,1,8.6,4.02,0
43,-2.1,1,79.0,2,0,0,4.1,1.2,2
31,4.0,-1,80.0,1,0,0,6.9,1.36,1
56,-6.3,1,80.0,2,0,0,7.4,1.35,2
44,2.3,0,59.0,1,0,0,6.3,1.91,0
26,-4.7,0,52.0,2,2,0,4.2,2.09,0
32,5.8,0,53.0,1,1,1,6.2,2.45,0
32,-1.2,1,69.0,0,1,0,4.1,6.58,1
43,0.6,-1,79.0,1,2,1,1.8,3.1,0
59,1.9,0,59.0,1,0,0,9.9,1.48,0
30,-8.7,0,83.0,0,0,-1,2.1,2.01,0
49,-2.9,0,66.0,1,0,0,1.7,4.97,1
56,4.7,0,66.0,1,0,0,8.9,3.22,0
49,3.9,-1,62.0,0,0,0,3.7,4.93,1
21,1.3,0,49.0,2,2,1,6.9,1.51,0
47,-6.1,0,75.0,3,1,0,4.0,1.31,0
54,2.6,1,93.0,0,0,1,4.5,1.33,0
40,3.2,0,71.0,2,1,0,3.4,1.58,0
56,0.2,-1,50.0,2,1,0,4.1,1.06,0
62,5.5,1,81.0,1,2,0,4.7,2.4,0
32,-3.1,-1,53.0,2,2,0,7.5,2.43,0
60,-2.3,1,57.0,1,1,1,5.6,4.5,2
46,-11.2,0,69.0,1,1,0,9.5,0.7,0
53,4.1,1,73.0,0,1,-1,1.4,1.14,0
30,1.4,0,60.0,2,1,0,5.5,3.27,0
49,-7.6,-1,69.0,2,0,0,6.3,2.25,0
24,-7.9,0,81.0,0,0,-1,9.3,2.07,0
39,-3.9,1,82.0,1,1,-1,1.4,4.3,2
45,3.6,0,87.0,3,0,0,6.2,1.1,0
19,-1.4,-1,95.0,1,0,0,8.7,1.3,0
59,-3.6,1,82.0,1,1,0,3.2,1.21,2
62,-4.5,1,69.0,3,0,0,8.9,0.6,2
23,-4.7,0,82.0,2,1,-1,1.2,2.18,0
45,-8.7,1,78.0,2,1,0,7.6,1.47,2
45,-5.4,1,78.0,2,2,0,9.4,1.3,2
61,-4.8,0,74.0,3,0,0,6.9,1.16,0
61,3.1,-1,61.0,1,0,0,5.0,1.99,1
37,-0.7,0,60.0,1,1,0,1.4,1.25,0
47,-3.7,-1,71.0,1,1,-1,9.3,2.3,0
28,10.4,0,74.0,3,2,-1,5.2,2.65,0
45,-3.0,0,64.0,2,0,-1,1.3,1.69,0
42,5.3,-1,77.0,0,0,1,7.2,1.62,1
56,7.3,0,97.0,3,2,0,5.3,2.25,2
50,-7.1,-1,51.0,1,0,0,2.1,1.98,0
18,0.3,1,79.0,0,1,0,2.9,4.47,0
44,-2.3,1,71.0,1,0,0,1.6,2.44,2
30,-2.7,-1,77.0,1,0,0,6.2,3.89,0
58,2.5,1,67.0,3,0,0,6.6,2.9,0
20,-2.8,0,70.0,1,0,-1,5.6,0.91,0
56,-2.2,0,74.0,2,1,0,8.4,1.44,0
23,-0.8,-1,68.0,2,2,0,8.7,1.96,0
25,-1.7,0,54.0,0,0,0,6.5,3.39,0
44,-5.3,1,69.0,3,1,0,1.1,6.4,1
26,3.6,0,55.0,1,0,0,7.3,1.51,0
54,4.7,-1,80.0,1,1,0,4.8,2.08,1
50,1.5,-1,50.0,1,0,0,6.1,3.25,0
59,-1.7,0,84.0,3,2,1,6.8,1.95,0
61,-3.2,0,77.0,1,1,0,4.2,5.4,1
41,-3.2,-1,77.0,0,1,0,9.3,0.9,0
32,10.6,0,48.0,0,1,0,2.2,3.02,0
49,4.2,1,68.0,1,1,1,7.0,3.01,0
49,-3.8,1,86.0,2,2,0,1.0,4.02,2
41,0.7,0,66.0,1,1,0,9.3,2.09,0
58,-1.6,1,59.0,1,2,0,2.0,3.44,0
29,2.6,0,64.0,0,1,0,1.9,1.73,0
56,2.4,0,71.0,1,0,1,4.0,1.25,0
19,4.9,-1,62.0,3,1,-1,4.4,1.14,1
20,-3.8,0,87.0,1,0,-1,2.9,0.85,0
54,0.5,1,71.0,3,1,1,6.3,1.55,0
34,-7.9,0,65.0,1,0,0,5.0,2.43,0
19,-5.7,0,56.0,0,1,0,1.3,1.78,0
19,4.0,0,78.0,3,0,0,3.9,2.27,0
45,-4.3,-1,78.0,1,0,-1,8.3,4.22,0
40,-3.8,1,62.0,2,0,0,7.2,1.48,2
54,-0.0,0,48.0,3,2,0,7.5,8.2,1
49,3.1,0,77.0,0,0,0,7.3,3.17,0
50,-4.8,0,70.0,0,0,0,3.8,1.79,0
18,-15.0,0,76.0,2,1,1,1.9,1.77,0
36,-3.9,-1,95.0,1,1,-1,3.5,1.1,2
19,5.4,0,72.0,0,0,1,8.5,1.98,0
61,1.5,-1,66.0,0,0,0,9.8,0.55,0
43,6.0,0,58.0,0,0,0,5.4,4.28,0
49,-5.1,1,68.0,2,2,1,1.1,0.37,2
23,-7.4,1,74.0,0,0,0,2.3,2.06,2
49,2.1,0,73.0,1,0,0,3.9,1.01,0
21,1.1,0,93.0,2,0,0,6.2,1.32,0
28,1.4,-1,78.0,1,0,0,1.7,1.43,0
34,4.2,1,70.0,0,1,0,9.5,6.39,1
55,1.9,0,64.0,2,0,1,4.3,1.04,0
41,1.8,0,75.0,0,0,0,9.2,3.49,0
22,3.2,0,61.0,2,0,0,8.0,4.04,0
51,2.3,-1,74.0,3,0,0,7.8,0.5,1
23,3.9,0,78.0,1,0,-1,6.5,1.39,0
39,4.5,-1,69.0,1,1,-1,6.6,4.91,1
28,6.9,0,64.0,1,1,0,6.7,0.91,0
33,-2.9,0,48.0,1,2,0,6.7,4.13,0
50,2.2,-1,86.0,3,2,0,6.0,1.99,1
26,-1.7,0,77.0,3,1,1,9.9,1.94,0
23,-3.8,-1,77.0,1,0,-1,7.6,2.1,0
33,-3.1,0,53.0,2,1,0,8.0,2.47,0
46,2.2,0,89.0,3,1,0,8.9,1.13,0
20,1.9,-1,66.0,3,1,0,2.9,1.72,0
37,1.8,1,69.0,1,1,-1,1.8,2.52,0
53,-1.0,-1,59.0,1,0,1,5.3,2.24,0
36,0.0,-1,51.0,1,1,0,5.6,2.48,0
43,3.7,0,86.0,3,1,1,8.5,1.31,0
20,-6.7,0,87.0,0,2,0,5.0,2.94,0
36,0.1,-1,70.0,2,0,1,6.1,2.17,0
37,0.4,0,64.0,1,0,0,5.7,0.78,0
49,3.4,0,67.0,1,0,1,1.3,1.46,0
24,-6.1,1,68.0,1,1,-1,6.5,1.18,2
58,6.7,0,58.0,3,0,0,8.5,1.17,0
50,1.0,1,68.0,0,0,1,2.4,1.51,0
57,1.2,1,74.0,2,2,-1,6.3,2.91,0
56,-1.8,0,84.0,0,0,-1,6.3,1.38,0
35,2.4,1,72.0,0,1,0,2.5,2.3,0
57,0.2,0,53.0,1,0,1,2.1,2.09,0
18,5.4,1,76.0,1,1,0,9.8,1.26,0
28,-6.5,-1,69.0,1,1,0,4.5,1.64,0
45,0.8,0,88.0,1,2,-1,3.0,3.38,0
42,1.8,0,89.0,0,2,-1,2.5,2.2,0
40,-0.8,0,90.0,1,0,1,7.0,2.8,0
48,-1.8,0,65.0,3,0,-1,6.5,4.32,0
47,-1.6,0,96.0,3,0,0,6.8,2.61,2
59,0.8,-1,76.0,1,1,1,1.8,0.64,0
52,-8.1,-1,92.0,2,2,0,9.0,2.37,0
24,4.3,0,66.0,3,0,0,4.5,1.39,0
33,-2.2,0,68.0,0,1,-1,3.8,5.97,1
43,0.6,1,75.0,2,0,0,5.2,2.56,0
19,1.7,1,74.0,3,1,-1,4.5,1.41,0
18,-2.4,1,87.0,0,2,0,8.8,2.83,2
29,-0.6,0,69.0,0,0,0,9.4,2.13,0
22,-9.2,0,86.0,3,0,0,3.7,0.72,0
54,3.3,-1,81.0,1,0,0,8.8,3.38,1
49,4.9,1,69.0,0,1,-1,8.0,1.58,0
26,-7.7,0,80.0,1,1,0,9.4,4.72,1
58,-1.8,-1,66.0,1,0,0,3.2,1.87,0
52,-5.5,0,100.0,2,0,0,6.2,4.78,1
36,-0.8,1,48.0,2,0,-1,3.5,2.6,0
33,2.9,0,80.0,3,1,0,8.4,3.61,0
20,4.4,0,51.0,1,1,-1,1.0,1.5,0
37,5.0,0,69.0,1,0,0,6.1,2.49,0
41,5.9,-1,71.0,1,1,0,4.1,0.71,1
50,-1.0,0,90.0,1,1,0,3.9,1.87,0
41,-5.2,0,64.0,0,0,0,6.8,0.83,0
28,-0.5,-1,88.0,3,0,1,8.7,1.01,0
25,2.8,1,58.0,3,1,1,6.5,1.18,0
53,-5.5,0,88.0,1,2,-1,8.7,2.99,0
55,7.5,1,66.0,2,0,0,3.4,1.84,0
57,4.0,1,73.0,1,0,-1,5.7,2.05,0
37,-0.9,-1,68.0,1,0,0,5.1,1.81,0
52,-3.2,0,87.0,2,1,0,1.1,3.85,0
42,-3.0,0,85.0,1,0,0,6.0,2.02,0
52,0.3,1,77.0,3,0,0,7.0,2.34,0
42,-1.0,-1,58.0,2,1,0,6.3,1.43,0
46,4.3,0,63.0,1,1,0,7.6,4.01,0
35,-1.5,0,60.0,2,0,-1,6.1,4.2,0
63,2.3,0,48.0,0,0,0,1.6,1.97,0
35,-0.1,-1,87.0,1,1,0,2.0,1.42,0
19,1.2,0,68.0,1,0,0,6.4,0.76,0
52,-1.0,0,68.0,1,0,0,3.5,1.2,0
33,3.2,0,90.0,2,2,0,1.7,0.55,0
58,3.3,0,66.0,1,0,0,4.9,1.17,0
53,2.1,0,62.0,2,1,-1,6.0,2.49,0
50,2.7,0,69.0,2,2,0,4.0,1.95,0
21,-4.2,-1,58.0,1,0,1,7.5,8.12,1
50,1.5,1,76.0,2,0,1,6.8,1.61,0
31,5.6,0,68.0,1,1,0,4.0,1.54,0
38,2.2,0,66.0,1,2,0,7.8,3.81,0
37,-4.6,-1,65.0,1,2,-1,6.8,0.63,0
25,-0.2,-1,71.0,1,1,1,6.7,0.83,0
24,1.7,0,73.0,0,0,-1,6.0,3.0,0
20,-3.4,0,66.0,2,1,1,1.1,1.79,0
34,-6.1,1,68.0,1,0,0,7.3,1.82,2
50,-1.4,-1,71.0,1,0,0,4.4,1.15,0
29,-3.3,0,70.0,3,0,1,9.5,2.33,0
39,-0.1,0,72.0,2,0,-1,8.4,1.24,0
39,-7.2,-1,64.0,3,1,0,6.3,2.1,0
63,2.5,-1,84.0,0,0,0,3.3,1.0,1
47,-2.9,0,73.0,2,0,0,2.8,1.81,0
55,4.5,0,66.0,3,0,0,4.1,6.79,1
55,-1.2,0,76.0,2,2,0,5.3,1.56,0
62,-0.1,0,71.0,2,1,0,3.7,1.86,0
25,-0.8,0,51.0,1,0,-1,5.6,1.78,0
44,-3.1,-1,76.0,0,0,1,2.5,2.24,0
44,11.1,0,60.0,1,0,-1,9.8,2.67,0
51,-2.2,1,83.0,1,2,0,2.0,2.35,2
38,4.6,0,69.0,3,1,0,9.4,2.38,0
47,-4.9,0,81.0,1,1,-1,9.2,1.81,0
50,1.7,0,64.0,3,1,-1,5.7,2.14,0
45,2.2,1,73.0,3,0,1,7.5,1.77,0
64,-0.1,1,87.0,1,1,0,4.9,0.68,0
50,-2.6,0,69.0,1,1,-1,6.7,9.76,1
22,-1.2,1,65.0,3,0,-1,4.1,3.12,0
36,-1.8,-1,80.0,3,0,0,3.7,1.12,0
21,10.8,-1,80.0,1,1,1,6.2,2.31,1
52,-0.1,1,65.0,1,2,0,5.5,0.9,0
34,2.4,1,48.0,1,0,-1,6.2,1.5,0
61,8.0,-1,65.0,2,2,0,3.6,0.83,1
45,-3.9,0,80.0,1,1,-1,4.3,1.95,0
47,0.2,-1,63.0,2,0,-1,1.8,0.78,0
46,-1.2,0,72.0,0,0,0,1.5,2.54,0
63,-0.4,1,64.0,0,0,0,3.3,3.03,0
23,-0.8,0,49.0,1,1,0,1.7,1.23,0
52,-3.3,0,64.0,1,0,0,1.9,2.22,0
58,0.9,0,80.0,1,0,1,8.3,1.19,0
54,-4.8,-1,48.0,1,1,1,1.3,2.74,0
41,4.4,0,75.0,1,1,0,6.9,1.33,0
46,2.8,0,58.0,0,0,0,3.5,3.23,0
63,-2.2,1,79.0,1,0,0,8.8,0.68,2
48,-2.0,1,81.0,3,0,0,5.4,1.1,2
52,1.2,-1,70.0,1,1,0,3.8,1.04,0
50,-3.6,1,70.0,1,1,0,5.7,2.28,2
38,8.2,1,62.0,2,0,1,4.4,2.81,0
49,1.6,1,56.0,3,1,1,6.1,2.38,0
40,1.8,0,92.0,1,1,0,2.0,1.48,0
50,3.1,0,62.0,2,1,0,10.0,0.38,0
20,-2.6,0,91.0,2,1,-1,4.8,2.06,0
35,4.9,-1,62.0,2,0,0,4.1,3.23,1
42,0.5,-1,78.0,0,0,0,7.4,10.06,1
59,4.3,-1,58.0,2,1,0,4.3,1.56,1
48,-0.9,0,78.0,0,1,1,8.5,1.35,0
20,5.9,0,68.0,2,1,-1,5.1,2.44,0
57,1.8,0,68.0,2,0,0,7.5,1.73,0
63,9.8,-1,79.0,1,2,0,2.0,4.33,1
41,-1.7,1,66.0,2,1,0,8.6,1.24,0
49,0.9,1,55.0,0,0,0,7.6,1.73,0
64,-4.6,1,81.0,2,0,1,2.9,3.41,2
39,-2.4,1,58.0,1,1,0,2.3,2.42,2
40,2.8,0,78.0,1,1,0,3.8,4.04,0
19,5.1,1,84.0,0,0,-1,9.8,1.55,0
44,13.3,-1,67.0,3,2,0,3.3,4.3,1
59,-0.4,0,86.0,0,0,1,5.1,0.74,0
19,-4.2,-1,78.0,0,0,0,1.3,0.76,0
43,3.4,-1,64.0,1,2,1,4.6,4.34,1
34,-5.1,-1,89.0,2,2,0,6.1,2.02,0
57,2.5,0,58.0,1,1,-1,9.6,3.5,0
50,-2.3,1,67.0,0,2,-1,5.7,2.14,2
26,1.0,0,70.0,1,0,0,8.4,2.01,0
60,4.9,-1,79.0,1,2,0,5.9,0.91,1
56,-0.5,1,85.0,1,0,0,1.4,1.98,0
46,4.2,0,85.0,1,0,0,3.8,4.56,1
59,3.9,0,75.0,2,0,0,6.2,2.08,0
43,-8.4,0,69.0,1,0,0,9.6,3.03,0
52,-4.1,0,50.0,1,0,0,8.7,2.98,0
42,-7.0,0,56.0,1,0,0,3.1,1.1,0
41,9.0,1,93.0,3,0,-1,3.0,3.37,0
30,-0.5,0,50.0,3,0,-1,2.8,1.67,0
24,8.0,0,63.0,2,1,-1,9.3,1.72,0
53,-7.3,1,86.0,1,0,-1,8.7,7.09,1
62,-2.6,0,75.0,0,0,-1,8.0,2.88,0
37,3.6,-1,83.0,1,1,0,4.5,1.37,1
18,0.8,-1,79.0,1,2,0,5.5,2.09,0
25,2.4,-1,90.0,1,1,1,5.2,2.06,1
63,-5.6,0,76.0,2,0,-1,3.3,5.54,1
33,6.2,0,80.0,3,1,0,5.5,2.06,0
31,3.5,-1,63.0,2,0,0,1.3,7.57,1
29,1.8,1,79.0,1,0,-1,2.2,0.92,0
40,-3.1,0,67.0,2,0,1,9.0,1.98,0
32,1.5,-1,67.0,1,1,-1,7.8,1.27,0
45,-1.3,0,83.0,0,0,1,4.8,1.5,0
51,-7.4,0,83.0,2,0,1,5.7,1.52,0
19,-0.2,-1,92.0,0,0,0,4.3,1.31,0
49,-0.7,0,91.0,1,2,0,7.7,5.69,1
40,4.8,1,83.0,1,1,0,8.1,4.73,1
39,-10.1,0,51.0,2,0,0,7.9,2.56,0
42,1.1,0,94.0,2,1,0,7.5,1.51,0
39,-5.2,0,83.0,1,1,-1,2.8,1.34,0
39,1.4,-1,63.0,2,1,-1,4.0,3.14,0
59,1.7,-1,81.0,1,0,0,5.2,2.41,0
23,-0.4,0,60.0,1,2,0,4.0,1.85,0
32,3.6,-1,79.0,2,0,1,7.8,2.79,1
60,-5.6,-1,56.0,2,1,-1,4.0,3.44,0
54,5.0,1,62.0,3,0,1,2.2,1.84,0
50,-3.2,1,81.0,1,0,0,4.6,1.26,2
25,-7.0,1,85.0,2,0,0,9.8,0.91,2
61,-1.2,1,76.0,2,1,0,3.0,2.34,0
61,-9.4,-1,69.0,3,0,0,6.5,7.39,1
22,1.1,1,48.0,0,1,-1,4.9,1.03,0
56,-1.2,-1,69.0,2,0,0,1.6,3.89,0
21,5.6,1,78.0,2,1,1,5.4,1.34,0
23,2.9,1,68.0,1,1,0,7.3,1.52,0
62,-6.3,0,72.0,1,1,0,5.6,3.49,0
49,-3.8,1,70.0,1,1,1,8.8,1.73,2
47,2.3,0,68.0,2,1,0,3.6,2.34,0
64,3.8,0,73.0,3,0,0,1.8,2.31,0
52,5.5,0,69.0,2,1,0,9.4,1.34,0
57,5.5,0,89.0,2,0,1,4.4,3.45,0
33,-0.4,-1,48.0,1,1,0,6.2,1.94,0
30,1.6,0,65.0,0,1,0,8.1,0.88,0
59,5.8,1,62.0,1,0,0,3.9,1.18,0
47,-1.4,-1,75.0,1,0,1,7.4,0.31,2
36,1.7,1,73.0,1,0,-1,2.2,2.08,0
34,-1.5,1,91.0,0,1,1,3.6,4.4,0
36,-2.5,1,95.0,1,2,-1,2.3,1.07,2
45,0.2,1,63.0,1,1,0,8.3,2.86,0
43,-3.1,0,72.0,1,1,0,3.0,2.61,0
54,-0.6,1,74.0,1,2,0,7.5,1.28,0
43,-4.7,1,62.0,0,0,1,9.5,5.06,1
40,-0.9,-1,80.0,3,0,0,5.7,1.71,0
26,2.0,0,69.0,3,1,0,5.9,6.73,1
29,-2.6,0,59.0,2,1,-1,5.1,0.75,0
18,0.0,-1,69.0,0,2,-1,3.9,1.71,0
18,0.6,0,60.0,2,0,0,5.3,1.84,0
64,2.0,0,84.0,2,0,0,6.4,1.97,0
51,-0.6,-1,95.0,2,0,-1,9.9,3.1,0
49,4.9,0,75.0,0,0,-1,9.4,15.47,1
42,-9.5,1,73.0,2,0,0,8.8,2.65,2
57,13.2,0,74.0,2,1,0,9.0,2.04,0
62,-3.9,-1,86.0,2,0,0,5.2,1.04,0
18,1.8,-1,86.0,2,1,-1,6.9,0.65,0
33,-4.2,0,71.0,1,0,-1,9.1,4.06,0
56,2.9,1,75.0,1,1,1,4.5,1.45,0
22,1.2,-1,80.0,0,0,0,9.7,9.61,1
39,-2.9,0,58.0,2,0,1,4.7,3.39,0
46,4.8,-1,87.0,0,0,1,6.4,2.47,1
20,-0.7,0,93.0,1,2,0,7.4,2.55,0
29,2.5,1,86.0,1,1,-1,9.6,2.57,0
43,-4.1,0,57.0,1,0,1,3.2,1.33,0
33,-0.1,-1,48.0,0,0,0,7.7,0.7,0
54,9.0,0,81.0,2,2,0,5.7,1.45,0
39,4.3,-1,63.0,2,0,0,3.4,1.99,1
46,1.4,0,75.0,0,0,0,8.0,1.37,0
31,-2.0,0,90.0,0,1,-1,6.0,0.93,0
45,0.3,-1,64.0,0,2,0,6.9,1.29,0
22,0.9,0,67.0,3,0,0,3.9,3.75,0
64,2.0,0,75.0,1,0,0,5.3,3.15,0
47,-4.8,1,56.0,1,2,0,6.6,2.23,2
63,3.0,1,63.0,0,0,0,4.6,2.86,0
22,-4.9,-1,72.0,2,0,0,2.8,1.02,0
29,7.3,1,68.0,3,1,1,9.7,1.25,0
33,-3.5,0,79.0,2,2,-1,5.6,2.43,0
43,1.3,0,105.0,2,0,0,7.6,1.1,2
43,4.5,1,73.0,0,2,-1,4.7,2.15,0
38,-1.1,1,62.0,0,1,0,4.2,0.94,0
56,1.5,1,89.0,0,0,0,4.7,0.75,0
53,6.5,0,53.0,1,2,1,4.7,3.13,0
50,2.5,0,55.0,0,0,0,5.9,3.73,0
47,1.6,1,65.0,1,0,1,5.9,1.38,0
54,-7.6,0,69.0,1,1,-1,5.5,0.81,0
40,-4.2,0,65.0,3,0,0,2.2,0.54,0
27,4.7,0,72.0,2,0,-1,5.5,6.08,1
22,2.6,0,75.0,2,0,1,2.5,2.15,0
53,3.2,-1,85.0,2,0,0,2.1,1.4,1
51,2.9,-1,73.0,0,1,0,9.4,1.62,1
48,5.8,1,65.0,2,1,1,6.4,0.64,0
27,-1.2,-1,84.0,1,2,-1,6.9,2.92,0
36,0.5,0,62.0,2,0,-1,4.6,6.69,1
49,-4.6,-1,52.0,1,0,1,9.2,1.26,0
18,-5.8,-1,86.0,3,0,0,6.7,8.42,1
22,-7.4,-1,86.0,1,0,-1,7.9,1.88,0
62,-4.0,-1,62.0,1,0,0,4.3,5.47,1
21,7.0,1,67.0,3,1,0,9.6,2.42,0
33,-7.0,0,61.0,0,2,-1,8.4,2.42,0
41,-1.4,1,76.0,2,2,0,8.7,6.09,1
33,-5.8,0,93.0,2,0,-1,2.5,3.22,0
19,-2.7,0,80.0,2,2,0,3.4,2.52,0
45,0.8,0,84.0,3,0,1,3.6,0.63,0
49,-3.2,0,82.0,3,0,1,3.4,0.82,0
44,4.9,1,72.0,0,2,0,8.7,2.65,0
37,6.9,0,85.0,2,1,-1,1.3,4.86,1
41,-10.1,0,81.0,2,0,1,1.7,2.18,0
29,-3.1,1,89.0,2,0,0,3.5,1.41,2
52,0.3,1,66.0,0,0,-1,2.8,0.67,0
50,5.1,1,51.0,2,1,1,3.1,1.26,0
50,-2.0,0,85.0,3,0,0,8.2,2.18,0
60,-0.1,1,76.0,3,2,0,6.1,1.2,0
54,-5.2,0,68.0,1,0,0,1.1,1.13,0
29,-6.9,0,69.0,0,0,0,4.9,1.95,0
20,6.5,-1,103.0,1,0,0,4.7,4.8,1
18,-8.2,0,64.0,2,1,0,2.0,3.04,0
50,10.5,-1,62.0,2,0,0,7.1,2.39,1
57,3.3,0,73.0,1,1,0,7.3,2.25,0
27,3.1,1,86.0,0,2,0,7.5,2.8,0
60,2.6,-1,99.0,1,2,0,7.6,1.88,1
61,-1.1,-1,80.0,1,1,0,1.0,1.57,0
46,1.8,-1,57.0,3,2,0,9.6,3.14,0
30,-0.9,1,96.0,2,1,1,8.3,1.76,2
29,2.5,0,72.0,1,1,0,9.1,0.99,0
48,-0.2,0,62.0,1,0,0,1.1,4.79,1
63,-4.3,1,59.0,0,0,0,9.4,0.66,2
19,-3.9,1,82.0,3,0,0,8.3,5.01,1
52,-4.4,0,75.0,1,0,-1,8.5,2.73,0
40,4.4,0,76.0,1,0,0,1.8,1.13,0
34,-2.8,1,87.0,1,2,0,7.6,2.04,2
43,-8.6,0,62.0,2,0,0,9.6,1.56,0
25,1.8,-1,88.0,2,0,1,7.1,3.27,0
46,6.8,1,66.0,2,1,-1,6.1,3.23,0
43,3.5,0,98.0,1,0,0,9.5,2.66,2
27,-2.7,0,79.0,1,0,0,5.0,3.15,0
43,-7.1,0,61.0,0,0,-1,6.4,1.88,0
51,-0.6,-1,48.0,2,0,1,5.3,5.8,1
58,-0.7,-1,82.0,0,0,0,9.4,4.2,0
24,-4.4,1,68.0,2,1,0,1.7,1.51,2
21,2.5,-1,70.0,3,1,0,5.5,3.28,1
62,8.3,0,81.0,3,0,0,7.2,3.11,0
28,1.0,0,84.0,1,0,0,8.1,1.72,0
46,0.7,-1,87.0,1,0,-1,6.2,1.64,0
53,-4.2,1,58.0,0,1,1,9.2,4.17,2
42,6.3,-1,89.0,2,0,0,9.5,2.0,1
38,-0.3,0,65.0,2,0,0,1.6,2.35,0
53,-2.6,0,48.0,1,1,0,4.6,4.67,1
27,0.3,-1,58.0,1,0,0,1.2,9.21,1
54,2.1,-1,75.0,2,0,0,4.0,1.47,1
26,0.6,0,60.0,3,0,0,5.8,1.76,0
41,5.4,1,71.0,1,2,0,9.2,2.11,0
52,1.7,-1,76.0,2,2,0,8.6,2.13,0
52,-1.3,0,70.0,0,1,1,2.1,2.52,0
53,1.8,0,66.0,0,0,0,1.8,1.5,0
35,2.2,1,57.0,3,1,1,6.3,0.94,0
56,-5.8,0,72.0,2,2,1,5.8,5.77,1
49,5.2,0,48.0,2,2,0,3.4,2.91,0
41,-1.4,0,64.0,0,0,0,9.1,1.57,0
40,-1.2,0,61.0,2,1,0,9.3,2.62,0
49,3.4,1,69.0,1,0,1,4.6,6.05,1
54,3.4,-1,69.0,1,0,0,9.0,1.26,1
29,-3.2,0,84.0,1,1,0,4.5,2.29,0
30,3.6,1,91.0,0,0,1,7.6,0.87,0
40,-2.5,1,59.0,2,2,0,5.3,1.88,2
42,8.2,1,96.0,2,0,0,2.1,2.92,2
52,-3.7,1,63.0,0,1,0,9.4,1.03,2
58,1.1,0,74.0,0,2,-1,5.1,1.8,0
47,-3.5,0,78.0,0,2,0,7.6,3.25,0
34,10.0,0,101.0,0,0,-1,4.3,2.87,2
37,-5.6,-1,65.0,2,0,0,1.2,1.01,0
42,2.4,0,50.0,2,1,1,1.9,2.52,0
39,-3.3,0,90.0,0,0,0,5.5,2.82,0
30,-1.6,-1,62.0,0,2,1,7.2,2.15,0
36,2.0,1,68.0,2,2,1,4.0,3.87,0
53,5.5,0,59.0,2,0,0,7.3,1.41,0
29,7.3,1,68.0,1,0,-1,7.3,2.58,0
58,-6.9,-1,62.0,1,0,0,7.3,1.0,0
36,1.2,0,80.0,2,2,0,5.4,0.77,0
29,6.6,0,73.0,1,0,-1,9.2,3.22,0
26,-7.6,0,64.0,0,0,0,5.4,2.04,0
24,1.4,0,84.0,2,0,-1,5.1,1.52,0
45,-0.0,1,75.0,2,1,1,2.8,1.06,0
31,1.9,-1,50.0,2,0,-1,3.8,3.31,0
48,-3.5,0,83.0,2,0,-1,1.4,0.81,0
36,-6.5,0,74.0,2,2,-1,6.7,3.65,0
64,-8.6,0,89.0,1,2,1,3.2,2.64,0
33,4.4,1,73.0,1,1,0,3.7,0.84,0
22,5.0,1,62.0,0,0,1,7.9,2.17,0
52,1.4,0,70.0,0,0,0,3.9,9.9,1
29,-2.4,0,82.0,2,1,0,3.2,4.11,0
42,-7.3,0,63.0,3,0,0,2.5,1.23,0
38,2.5,1,67.0,3,2,0,8.0,3.1,0
53,-5.0,0,69.0,2,1,0,2.2,0.86,0
40,-3.2,0,58.0,0,0,0,5.1,0.88,0
33,-2.6,1,63.0,0,2,0,5.6,1.93,2
56,-0.9,0,74.0,2,2,1,7.2,2.8,0
62,-3.4,1,86.0,2,0,-1,6.7,3.28,2
59,0.2,-1,76.0,2,1,1,8.3,3.3,0
56,-2.8,0,71.0,2,0,-1,1.4,2.71,0
31,3.2,0,62.0,2,0,0,3.7,0.76,0
48,4.6,1,85.0,2,0,0,3.5,1.94,0
22,0.5,1,77.0,0,1,0,2.3,3.6,0
52,2.1,0,64.0,2,2,0,3.6,2.63,0
40,9.5,0,83.0,3,1,0,3.8,2.25,0
46,-5.3,0,79.0,1,0,0,5.7,2.45,0
60,-5.6,1,62.0,2,1,0,7.0,2.43,2
28,3.1,0,71.0,1,0,0,4.4,0.62,0
35,8.8,0,66.0,3,2,1,7.5,4.03,0
64,-1.2,-1,104.0,0,0,0,4.0,1.88,2
29,7.8,1,78.0,2,0,0,3.6,3.08,0
26,0.4,0,74.0,0,0,0,5.9,0.5,0
27,-3.1,0,78.0,2,1,0,1.2,5.46,1
61,-4.5,-1,89.0,0,0,0,1.7,1.01,0
34,2.8,1,71.0,1,1,0,4.8,9.25,1
55,-4.1,-1,65.0,1,0,-1,9.5,7.18,1
24,0.4,0,82.0,3,0,0,7.5,0.91,0
63,7.1,1,70.0,1,0,-1,1.8,3.29,0
30,-1.4,0,59.0,0,2,0,8.6,1.09,0
57,5.9,-1,57.0,2,2,0,7.6,1.37,1
59,-5.5,0,90.0,1,0,1,6.5,1.39,0
26,-2.4,1,74.0,3,0,0,8.4,2.63,2
44,-6.3,0,65.0,0,0,-1,4.6,2.45,0
19,0.3,1,69.0,2,1,1,3.0,0.98,0
22,3.5,-1,82.0,1,0,1,5.6,2.62,1
46,0.3,0,68.0,0,2,0,5.9,1.78,0
54,5.5,0,55.0,2,2,0,5.8,0.68,0
55,-3.4,1,76.0,2,0,1,6.1,1.55,2
36,1.0,-1,87.0,2,0,0,9.5,5.45,1
25,-2.4,1,86.0,1,2,1,9.1,1.58,2
62,1.6,0,65.0,1,1,-1,8.9,0.67,0
18,2.3,0,87.0,1,0,-1,8.2,3.28,0
39,2.6,-1,75.0,3,0,0,9.5,1.15,1
34,-4.8,1,87.0,1,0,0,1.9,2.29,2
24,-4.0,-1,79.0,1,0,1,3.4,1.82,0
42,-3.2,0,54.0,1,0,1,5.5,5.8,1
62,-1.1,0,93.0,2,0,0,8.6,1.82,0
21,0.4,1,73.0,1,1,-1,5.5,1.01,0
53,3.2,0,79.0,3,0,1,7.7,1.52,0
23,-3.8,1,56.0,1,0,0,2.3,0.96,2
48,-7.2,0,78.0,3,0,-1,3.3,1.78,0
36,9.7,0,85.0,0,1,0,7.6,5.82,1
61,-5.1,0,95.0,2,2,0,2.5,4.26,2
56,3.8,1,89.0,3,0,0,4.2,6.85,1
44,0.1,1,79.0,0,0,0,3.4,2.68,0
27,1.1,-1,53.0,3,2,0,4.1,2.19,0
43,-0.0,0,74.0,1,0,1,7.4,1.11,0
36,-1.7,-1,65.0,3,0,0,4.3,2.37,0
56,2.1,0,75.0,2,0,0,6.0,1.86,0
20,-2.0,0,57.0,1,0,0,1.9,3.21,0
62,5.2,0,69.0,0,0,0,8.2,1.03,0
30,2.6,0,66.0,1,2,0,4.3,2.08,0
45,2.7,0,65.0,0,1,-1,6.8,0.78,0
37,-2.3,0,66.0,0,0,0,7.5,2.47,0
45,-1.1,0,70.0,0,2,0,2.9,3.02,0
25,-5.3,0,75.0,1,0,0,9.0,0.76,0
58,-1.6,-1,48.0,2,0,-1,6.5,0.9,0
56,-4.7,1,48.0,0,1,0,4.9,0.93,2
18,5.9,0,68.0,0,1,0,2.6,1.81,0
20,0.2,0,70.0,2,0,-1,9.5,0.87,0
30,0.8,0,74.0,0,0,-1,7.8,4.6,1
45,-1.0,0,63.0,0,1,1,2.9,2.62,0
42,0.9,-1,72.0,0,1,1,4.0,2.88,0
50,11.1,0,74.0,3,1,0,8.3,0.78,0
55,-1.4,1,63.0,2,0,0,7.3,4.38,0
23,-2.9,0,84.0,1,0,0,7.9,2.97,0
61,2.4,0,74.0,2,0,1,5.0,1.34,0
62,-11.4,0,79.0,1,0,0,7.4,0.8,0
49,0.3,-1,73.0,2,2,0,4.5,1.92,0
62,-1.7,0,97.0,2,0,-1,2.9,1.52,2
64,-4.5,1,79.0,2,0,0,6.7,1.56,2
38,2.3,-1,66.0,1,1,1,9.8,1.32,1
33,0.2,0,82.0,0,0,0,3.8,3.1,0
38,-8.1,0,52.0,1,0,0,5.1,0.42,0
28,-2.9,0,73.0,3,1,-1,7.1,4.75,1
54,-13.0,1,76.0,2,2,0,5.9,3.67,2
53,1.3,-1,74.0,2,1,0,8.6,2.29,0
52,1.3,0,68.0,3,0,0,7.9,1.85,0
36,-3.6,-1,60.0,0,1,1,1.5,3.86,0
37,2.4,1,63.0,2,1,-1,10.0,1.96,0
35,-5.8,-1,73.0,2,0,0,7.8,1.7,0
64,-4.3,0,59.0,3,0,1,8.8,3.99,0
58,1.9,0,93.0,3,2,0,6.9,7.07,1
31,-3.1,0,48.0,2,0,0,8.7,1.12,0
32,-0.3,0,68.0,1,1,0,2.0,2.6,0
48,-2.5,0,73.0,2,0,1,4.1,1.05,0
18,-1.8,0,78.0,0,0,-1,8.9,2.72,0
20,-1.7,0,61.0,2,0,1,2.8,1.26,0
33,-3.2,-1,86.0,3,1,0,1.7,4.17,0
40,1.4,0,55.0,1,0,-1,8.1,1.9,0
28,-2.8,0,65.0,2,1,0,8.5,2.07,0
29,0.1,0,79.0,1,1,0,2.5,5.36,1
27,-3.3,0,84.0,1,1,0,8.7,1.3,0
49,-6.9,1,55.0,1,2,0,7.2,3.04,2
33,4.1,0,104.0,2,1,1,5.7,1.38,2
25,2.2,-1,61.0,3,0,-1,8.5,4.13,1
55,10.3,-1,56.0,3,2,0,4.8,5.88,1
29,-4.7,1,78.0,0,1,0,2.7,1.72,2
41,-0.9,0,68.0,3,0,0,3.6,0.54,0
45,-0.6,-1,66.0,2,0,0,5.5,1.33,0
25,4.5,0,79.0,1,1,-1,5.8,8.67,1
45,-2.3,0,54.0,0,0,0,8.3,1.41,0
53,-5.3,0,52.0,1,1,0,8.1,5.83,1
43,5.4,0,65.0,3,0,-1,6.2,1.4,0
25,-1.4,-1,85.0,2,0,1,8.0,1.38,0
45,4.0,1,65.0,2,1,1,2.7,3.21,0
45,3.4,0,91.0,1,0,0,1.5,2.99,0
54,-0.1,0,86.0,2,0,0,8.9,3.36,0
58,-0.8,0,75.0,0,1,0,1.7,2.02,0
53,-1.8,0,76.0,1,0,0,3.2,3.75,0
44,-0.1,0,75.0,2,1,0,7.3,3.59,0
34,3.9,0,74.0,0,1,0,4.7,4.01,0
26,-3.6,0,68.0,2,1,-1,8.9,1.39,0
50,0.5,1,69.0,1,0,-1,3.7,3.74,0
37,-5.0,1,59.0,2,0,-1,1.1,1.47,2
30,-4.5,-1,48.0,1,1,-1,3.7,1.83,0
45,-0.1,-1,85.0,2,2,-1,6.2,1.81,0
46,-8.8,1,74.0,0,1,1,4.4,1.11,2
30,9.3,0,72.0,0,1,0,5.8,0.71,0
63,-5.4,1,77.0,3,0,-1,8.9,4.2,2
52,-0.2,-1,62.0,1,0,0,9.2,1.32,0
23,5.3,0,60.0,2,0,1,3.4,1.71,0
35,-3.9,0,69.0,3,0,0,5.2,1.3,0
22,-10.4,0,88.0,1,0,0,5.9,1.73,0
64,-2.0,0,58.0,1,2,1,9.5,1.49,0
42,-3.9,-1,48.0,2,0,0,10.0,4.34,0
19,-10.2,0,66.0,3,0,0,3.1,1.41,0
27,1.3,0,86.0,3,0,0,7.5,5.63,1
47,0.9,0,51.0,1,2,0,4.4,3.99,0
62,5.1,1,58.0,2,1,0,1.1,1.51,0
22,-5.0,0,75.0,0,1,0,1.1,2.44,0
50,-7.2,1,103.0,3,2,0,5.1,2.75,2
18,-1.8,-1,56.0,3,0,0,5.4,3.34,0
35,-0.4,0,55.0,0,1,-1,1.2,3.54,0
49,4.1,1,76.0,1,0,-1,7.2,2.25,0
64,6.3,-1,86.0,0,0,0,3.6,1.14,1
28,5.5,-1,65.0,1,1,1,6.0,2.96,1
38,1.2,0,53.0,2,1,0,3.7,1.75,0
43,3.6,-1,77.0,1,0,0,2.5,0.38,1
42,-2.9,0,79.0,0,0,0,4.7,2.55,0
39,0.8,1,93.0,1,1,-1,3.1,1.3,0
44,-5.4,0,80.0,3,0,-1,5.8,1.53,0
30,0.3,0,82.0,2,0,0,2.8,2.02,0
50,0.4,0,69.0,1,0,-1,5.6,0.79,0
51,7.7,0,101.0,0,0,-1,2.4,2.19,2
58,-1.0,-1,67.0,3,1,0,7.0,1.67,0
52,0.4,0,65.0,2,0,-1,7.8,1.19,0
18,1.1,0,94.0,1,0,0,2.0,2.07,0
38,-2.0,0,54.0,0,1,0,5.2,0.73,0
23,-3.6,-1,50.0,0,2,0,1.6,2.11,0
45,5.8,0,73.0,0,0,0,6.4,2.67,0
34,-4.4,-1,72.0,2,0,0,3.4,2.42,0
22,-6.0,-1,69.0,3,0,0,5.7,3.23,0
48,3.1,1,84.0,1,1,0,5.7,4.05,0
22,5.2,0,61.0,2,1,1,9.3,1.92,0
55,-2.0,-1,73.0,1,1,-1,5.9,3.89,0
20,-2.0,-1,68.0,2,2,-1,6.2,1.91,0
40,1.3,-1,61.0,2,1,1,4.6,1.32,0
54,-3.2,0,71.0,0,1,0,9.5,1.59,0
54,-3.5,-1,82.0,1,0,0,8.0,2.36,0
27,4.0,-1,97.0,2,0,0,3.6,3.86,1
27,2.7,0,79.0,0,2,-1,8.6,2.02,0
36,5.9,0,48.0,1,0,0,4.9,1.34,0
34,-5.6,0,72.0,1,0,0,8.5,4.79,1
38,-2.3,0,73.0,3,1,0,8.4,0.85,0
31,1.3,-1,83.0,1,0,0,2.7,1.35,0
26,-4.2,1,74.0,2,1,0,7.3,3.44,2
63,2.9,1,87.0,1,1,0,3.6,5.81,1
18,5.5,1,77.0,2,0,-1,3.7,2.69,0
62,-2.6,1,91.0,2,1,0,3.7,2.34,2
30,0.2,1,67.0,3,0,0,7.5,1.69,0
21,6.6,0,74.0,1,0,0,3.1,2.8,0
18,8.1,-1,82.0,2,1,0,1.0,2.18,1
57,3.4,0,65.0,2,1,-1,7.4,1.28,0
49,2.7,0,63.0,1,1,0,2.5,1.67,0
51,-3.8,0,64.0,0,0,0,1.9,1.2,0
45,1.6,0,63.0,0,1,-1,3.1,2.03,0
48,2.5,-1,78.0,0,0,0,4.4,2.22,1
25,-0.9,0,50.0,3,2,0,5.3,5.37,1
56,-2.7,1,53.0,1,0,0,1.4,1.41,2
43,-5.8,0,94.0,1,1,0,9.7,1.81,0
51,-7.8,0,63.0,2,0,0,7.4,4.29,0
20,-8.8,0,74.0,1,0,1,3.9,5.95,1
29,2.6,0,54.0,1,0,0,3.9,2.68,0
18,0.7,1,73.0,0,2,1,5.0,1.73,0
61,-2.2,0,63.0,3,1,1,6.6,1.52,0
22,-1.5,1,53.0,3,2,-1,2.3,0.67,0
47,0.9,0,88.0,3,0,0,2.7,1.15,0
47,-0.7,0,86.0,1,0,0,8.7,2.14,0
34,-6.0,-1,71.0,2,0,1,3.3,1.81,0
64,4.1,0,84.0,0,1,0,4.4,2.93,0
40,1.4,0,95.0,0,0,1,8.8,1.79,0
32,1.2,0,81.0,0,2,0,7.0,1.3,0
54,3.8,0,78.0,2,2,0,4.1,2.47,0
38,-3.7,1,74.0,1,2,-1,7.2,9.05,1
31,5.5,-1,80.0,1,1,-1,1.2,1.66,1
19,-0.6,1,68.0,0,1,0,7.6,2.19,0
28,4.0,0,69.0,1,1,-1,5.4,3.35,0
56,3.3,0,77.0,2,0,1,8.3,1.43,0
55,-4.7,-1,66.0,1,1,-1,9.6,4.32,0
51,2.3,0,68.0,2,0,0,9.3,0.78,0
55,1.5,0,72.0,1,0,0,9.2,1.58,0
51,0.1,-1,86.0,2,0,0,5.6,1.67,0
35,-0.4,0,58.0,2,0,0,4.2,2.2,0
47,-0.4,1,81.0,1,0,0,5.2,0.62,0
32,3.7,-1,82.0,1,0,-1,7.2,4.53,1
44,2.6,1,81.0,2,1,-1,9.0,2.58,0
51,0.1,0,62.0,2,0,0,2.9,3.95,0
55,-6.7,0,52.0,1,1,0,9.3,5.3,1
50,2.2,0,79.0,1,0,0,8.3,1.29,0
41,3.3,-1,74.0,3,1,0,9.8,0.45,1
32,10.4,-1,84.0,2,1,0,8.9,4.01,1
47,4.8,-1,64.0,1,1,0,3.5,1.7,1
59,-8.5,-1,81.0,1,1,-1,2.0,1.02,0
34,0.4,0,85.0,1,0,0,2.0,2.85,0
22,8.2,1,71.0,2,1,1,3.6,8.83,1
46,2.8,1,77.0,1,0,1,6.5,1.89,0
21,1.5,0,77.0,3,0,0,8.2,3.56,0
27,4.1,-1,62.0,1,1,0,9.1,1.11,1
34,-2.8,0,78.0,1,0,1,6.6,0.73,0
27,2.2,0,91.0,2,1,0,1.1,3.48,0
34,-1.1,-1,72.0,3,1,-1,2.7,2.79,0
37,-0.1,0,54.0,2,0,-1,1.9,1.52,0
41,3.7,0,64.0,1,0,0,4.3,5.61,1
22,-4.2,0,51.0,2,0,1,5.5,0.7,0
51,5.8,0,87.0,2,2,0,1.4,0.96,0
23,-1.9,1,81.0,1,1,-1,4.1,1.45,0
19,1.2,1,66.0,0,0,-1,2.6,1.63,0
30,-6.3,0,55.0,1,0,0,6.8,4.85,1
60,3.2,1,62.0,1,1,1,5.2,2.07,0
60,6.5,1,64.0,3,1,0,5.5,1.79,0
28,-2.3,0,73.0,1,0,0,4.8,0.94,0
64,-5.0,0,73.0,3,0,-1,9.6,3.87,0
40,1.3,0,88.0,1,2,1,2.9,1.02,0
33,6.5,1,64.0,2,0,0,5.6,0.94,0
48,-6.5,1,54.0,1,0,0,7.6,1.58,2
28,-5.0,-1,58.0,0,2,0,6.0,2.22,0
33,-2.0,0,72.0,1,1,0,9.4,1.31,0
25,-3.7,0,63.0,0,0,-1,4.4,3.08,0
21,-3.7,0,68.0,2,0,0,5.2,1.7,0
57,-9.4,-1,67.0,1,0,-1,1.8,3.79,0
21,2.7,1,84.0,2,0,0,6.5,2.73,0
42,1.5,0,65.0,1,2,0,3.6,5.9,1
20,-7.6,1,67.0,0,0,0,2.4,1.54,2
49,6.6,1,81.0,1,1,0,5.9,3.34,0
20,7.6,0,65.0,3,2,0,5.8,0.69,0
44,-3.4,0,77.0,2,0,-1,1.7,11.42,1
46,5.2,0,76.0,1,0,0,7.3,3.24,0
49,-2.6,-1,74.0,1,1,0,6.6,1.69,0
36,0.8,0,58.0,0,2,0,2.7,1.72,0
38,-3.8,-1,87.0,3,1,1,5.2,1.74,0
22,10.0,0,99.0,2,0,0,7.5,6.07,1
35,-1.3,-1,72.0,1,1,1,5.8,3.45,0
45,0.6,-1,59.0,2,1,0,4.6,1.54,0
59,-3.1,-1,72.0,0,2,-1,3.9,0.96,0
39,8.4,-1,84.0,3,0,0,6.5,4.13,1
38,8.5,0,65.0,0,1,0,9.5,3.33,0
23,7.3,0,70.0,2,2,0,7.0,3.08,0
18,4.3,0,76.0,1,0,-1,1.7,1.92,0
22,-2.8,-1,86.0,2,0,1,5.1,1.68,0
58,3.7,-1,81.0,2,0,-1,9.0,5.54,1
29,-0.0,-1,82.0,2,0,1,1.9,5.85,1
43,5.9,-1,67.0,2,0,1,9.9,2.96,1
63,5.0,1,77.0,3,2,0,9.5,3.6,0
51,-2.9,-1,63.0,0,0,0,1.7,2.32,0
31,4.3,0,82.0,1,0,0,9.4,0.89,0
43,3.1,-1,86.0,1,1,1,4.3,1.12,1
62,-12.5,-1,79.0,3,0,0,8.6,4.01,0
44,3.6,0,68.0,1,0,0,4.8,4.32,0
26,-1.9,0,70.0,2,1,0,5.0,3.79,0
43,-4.0,-1,94.0,2,2,1,6.7,2.48,0
64,-3.8,-1,68.0,1,1,0,8.0,3.88,0
39,-0.6,0,85.0,1,1,0,1.3,1.94,0
64,2.2,-1,76.0,1,0,0,6.3,2.92,1
47,-6.1,-1,68.0,1,2,1,2.7,1.78,0
60,0.9,1,56.0,1,0,0,4.1,1.07,0
34,2.6,0,75.0,0,1,-1,4.1,3.38,0
43,8.4,0,73.0,3,0,0,5.2,4.33,0
53,-4.8,0,94.0,3,2,1,4.0,8.89,1
18,-1.6,0,62.0,1,1,0,2.0,2.36,0
25,1.2,0,100.0,1,1,1,2.3,1.07,2
52,5.2,0,77.0,0,0,-1,1.3,1.65,0
32,-1.4,0,77.0,2,0,0,5.2,1.86,0
64,5.4,-1,65.0,2,1,0,9.6,2.2,1
39,-8.7,0,76.0,0,1,1,2.0,2.67,0
31,-5.6,0,78.0,0,0,-1,9.5,2.5,0
43,1.6,1,83.0,2,2,1,7.6,3.21,0
45,-6.3,0,60.0,2,2,0,6.7,2.27,0
40,-5.3,0,89.0,0,0,-1,6.8,0.53,0
31,-2.4,-1,76.0,2,1,0,8.4,2.31,0
41,3.5,0,79.0,1,1,0,2.0,2.12,0
19,-8.5,-1,69.0,1,0,0,5.5,2.8,0
62,0.8,0,61.0,2,0,-1,7.3,1.62,0
43,4.6,-1,73.0,2,1,-1,6.3,2.3,1
31,-0.9,0,74.0,1,1,1,8.5,2.81,0
24,-1.7,-1,55.0,3,0,-1,1.7,1.83,0
20,1.8,0,82.0,1,1,0,7.2,3.02,0
64,-0.9,1,84.0,2,1,0,5.8,2.1,0
40,6.3,-1,63.0,1,1,0,4.4,2.21,1
63,-5.0,0,60.0,3,0,0,4.1,0.35,2
60,-0.2,0,68.0,3,2,0,6.6,1.01,0
64,0.9,-1,72.0,0,0,0,9.0,1.02,0
62,-1.7,1,69.0,3,0,0,5.5,2.29,0
35,-12.9,-1,71.0,2,0,-1,8.4,4.32,0
55,-0.7,0,75.0,2,0,-1,4.6,1.88,0
52,4.1,0,56.0,1,2,0,1.9,3.35,0
32,3.5,0,57.0,2,0,0,1.6,2.97,0
42,1.6,0,48.0,3,1,0,1.5,2.19,0
54,-4.9,0,83.0,1,0,0,4.4,2.84,0
45,1.8,-1,72.0,3,0,0,4.0,2.33,0
27,-2.6,0,85.0,0,2,-1,7.5,1.85,0
56,1.6,0,58.0,0,1,0,7.7,2.55,0
34,0.5,1,72.0,1,0,0,1.5,4.8,1
56,-4.4,1,75.0,2,1,0,3.0,2.67,2
39,-4.0,1,65.0,2,0,0,3.5,2.3,2
43,1.6,0,53.0,0,0,-1,5.9,1.19,0
61,-1.0,0,93.0,3,1,0,2.3,4.71,1
42,-3.8,1,89.0,0,1,1,2.2,0.87,2
34,-4.2,0,67.0,0,0,0,9.5,0.72,0
30,-1.4,-1,78.0,0,2,0,8.2,2.52,0
37,7.1,1,66.0,2,1,1,2.6,1.19,0
42,-2.4,1,60.0,3,0,0,4.7,3.87,2
21,-0.1,0,94.0,2,1,0,4.2,0.73,0
27,0.5,-1,52.0,2,1,-1,8.1,3.59,0
20,-5.1,0,69.0,0,1,0,5.6,3.3,0
58,-7.9,1,73.0,1,0,-1,2.2,2.16,2
62,-4.6,1,92.0,1,1,1,7.7,0.57,2
35,1.1,-1,83.0,1,0,0,4.6,0.72,0
64,0.4,-1,52.0,0,1,0,3.4,2.33,0
53,3.2,1,72.0,2,1,0,4.4,1.75,0
64,0.4,0,72.0,1,0,0,5.5,3.12,0
39,-0.5,0,69.0,2,1,0,4.1,1.93,0
51,-2.7,1,79.0,1,2,1,3.2,1.83,2
64,4.0,-1,55.0,0,2,1,4.6,0.47,1
25,-4.1,0,67.0,2,0,0,1.2,3.3,0
57,-5.0,-1,78.0,0,0,1,8.0,1.36,0
61,2.6,0,80.0,3,1,0,2.5,1.59,0
36,-6.0,1,74.0,2,0,0,1.4,1.06,2
59,10.9,0,69.0,0,2,0,6.9,0.8,0
58,0.4,1,71.0,3,0,0,8.0,4.87,1
54,1.6,0,81.0,1,0,-1,8.3,3.25,0
23,-3.6,0,72.0,0,0,0,5.4,3.28,0
43,-1.4,-1,59.0,2,0,0,2.8,1.77,0
51,-1.9,0,57.0,1,1,0,7.6,0.71,0
62,-2.4,0,54.0,2,0,0,7.3,7.11,1
23,2.8,-1,89.0,2,0,1,3.2,2.59,1
54,-2.0,0,82.0,3,0,0,9.1,2.19,0
50,4.6,0,71.0,1,1,0,1.9,1.62,0
39,12.0,0,67.0,1,0,-1,9.8,0.59,0
38,-1.3,0,65.0,2,1,-1,8.7,3.99,0
23,0.7,0,85.0,0,1,0,7.2,1.07,0
23,1.7,-1,95.0,1,1,0,9.4,2.8,0
21,8.2,-1,65.0,1,2,0,7.5,3.2,1
47,-0.4,0,86.0,0,2,-1,2.7,2.46,0
28,-3.7,0,72.0,1,2,0,5.0,2.67,0
47,-5.7,-1,69.0,3,0,0,1.6,4.52,1
48,-0.3,1,90.0,3,0,0,4.5,1.25,0
41,-2.0,1,72.0,0,0,-1,7.7,2.22,2
26,9.0,0,76.0,0,2,-1,4.5,1.76,0
20,8.0,-1,75.0,1,2,0,4.0,0.67,1
48,-4.7,1,52.0,3,2,-1,6.4,2.39,2
57,-3.2,0,75.0,0,0,1,8.8,4.27,0
54,0.3,1,65.0,2,2,0,1.4,4.6,1
53,6.3,1,55.0,0,0,-1,4.5,6.14,1
41,0.3,1,66.0,2,0,-1,2.4,0.69,0
48,-2.9,0,66.0,1,0,0,7.3,5.35,1
23,-0.3,-1,84.0,2,0,-1,2.0,2.25,0
19,-2.8,0,59.0,1,1,1,7.0,5.26,1
37,2.7,0,63.0,2,0,1,3.6,1.59,0
45,-3.2,0,75.0,1,0,0,2.8,1.46,0
28,-2.3,-1,56.0,2,1,0,9.4,0.97,0
21,5.2,-1,64.0,3,2,-1,1.2,3.21,1
32,-3.5,1,52.0,0,1,0,4.9,2.74,2
23,-6.5,0,83.0,3,0,0,1.2,1.03,0
47,0.4,1,68.0,2,1,0,5.4,0.55,0
55,-1.6,1,72.0,0,2,0,5.5,2.58,0
19,2.3,0,83.0,1,0,0,3.9,2.77,0
32,1.4,0,63.0,0,1,0,2.2,1.11,0
28,-0.1,1,68.0,2,0,-1,4.4,0.99,0
25,-0.3,0,59.0,2,0,0,7.1,2.98,0
43,-3.3,0,59.0,0,1,0,8.0,6.13,1
62,0.4,-1,61.0,1,2,1,5.8,1.5,0
61,4.0,0,66.0,2,0,-1,6.3,1.19,0
22,-4.4,0,67.0,3,1,0,2.8,2.41,0
23,-0.0,0,75.0,1,2,0,3.6,2.95,0
43,4.7,-1,61.0,3,2,-1,2.5,1.62,1
21,2.3,0,76.0,1,0,0,3.2,6.79,1
36,5.9,-1,78.0,1,2,0,3.0,3.46,1
37,-2.6,-1,66.0,2,0,1,5.7,1.6,0
50,-8.2,0,62.0,1,1,-1,6.1,0.77,0
37,0.9,1,73.0,1,0,0,9.5,4.44,0
29,1.6,0,70.0,1,0,0,2.8,4.12,0
64,6.2,-1,75.0,2,1,1,6.8,1.68,1
18,5.3,-1,91.0,2,0,0,8.4,2.49,1
43,2.4,0,73.0,1,0,1,6.0,1.84,0
31,3.4,0,64.0,1,0,1,3.3,2.75,0
55,-0.9,1,61.0,1,1,0,3.4,1.09,0
54,-5.5,0,62.0,2,0,1,1.4,1.0,0
28,0.5,1,54.0,1,1,1,3.7,3.28,0
53,4.4,0,83.0,2,0,0,7.7,3.53,0
30,3.0,0,48.0,1,0,0,1.4,1.5,0
60,3.8,0,78.0,1,0,0,3.0,1.28,0
20,-1.9,1,62.0,0,0,0,7.4,4.01,0
50,-1.2,0,66.0,1,0,-1,8.0,1.31,0
23,2.2,0,61.0,3,0,0,5.1,2.08,0
27,-2.5,0,89.0,1,2,0,7.3,1.93,0
22,-2.3,-1,72.0,0,1,0,4.5,0.84,0
40,1.3,0,81.0,1,0,-1,2.4,2.26,0
27,3.4,-1,88.0,1,0,1,4.6,2.13,1
61,-0.9,0,74.0,0,2,0,6.2,2.5,0
19,-5.2,0,58.0,1,0,-1,9.5,2.21,0
30,-3.3,0,69.0,1,0,0,1.6,7.25,1
57,0.9,1,63.0,2,1,0,5.6,4.04,0
19,0.9,1,66.0,1,1,1,4.0,2.06,0
37,1.1,1,71.0,1,1,-1,5.6,2.18,0
18,2.3,-1,70.0,3,0,0,1.2,5.8,1
54,0.0,-1,77.0,1,0,1,3.8,3.38,0
26,1.2,0,79.0,1,1,1,8.4,0.96,0
34,-0.2,0,70.0,1,0,0,6.0,3.56,0
26,5.2,0,77.0,1,1,0,5.1,4.24,0
28,6.4,-1,65.0,2,1,-1,3.6,5.32,1
32,-5.4,0,88.0,1,0,0,3.7,1.58,0
41,-1.1,-1,65.0,2,2,0,4.4,1.51,0
55,0.1,1,86.0,0,1,-1,8.5,1.14,0
52,-1.2,-1,54.0,1,1,1,9.7,2.42,0
47,8.1,0,67.0,2,0,-1,4.9,3.13,0
48,1.0,-1,68.0,1,0,0,4.5,1.48,0
22,-3.6,0,75.0,2,0,1,8.6,1.85,0
61,2.7,0,82.0,1,0,-1,4.8,0.59,0
31,1.2,1,57.0,2,2,1,6.0,4.98,1
28,1.4,1,59.0,0,0,1,3.1,0.79,0
26,8.1,0,55.0,3,0,0,7.7,2.52,0
51,1.6,1,88.0,0,0,-1,5.8,2.32,0
29,-1.4,1,76.0,3,1,0,8.3,2.07,0
52,-8.8,1,59.0,1,0,0,8.0,2.1,2
52,-0.7,1,67.0,2,0,0,2.9,1.1,0
18,5.9,-1,86.0,1,0,0,7.4,1.65,1
57,-0.4,0,69.0,3,2,1,8.2,3.6,0
39,-10.1,-1,68.0,0,0,-1,4.1,4.3,0
46,-2.2,-1,63.0,0,2,0,2.6,1.56,0
25,4.5,1,60.0,1,1,-1,1.0,0.79,0
28,2.5,0,86.0,0,0,0,5.1,1.26,0
58,-3.8,0,92.0,0,1,1,4.2,6.12,1
54,-2.5,1,60.0,3,0,0,6.0,1.31,2
31,-1.8,1,89.0,3,2,-1,2.7,1.9,0
47,-3.0,1,66.0,1,1,0,8.7,4.71,1
52,-9.1,-1,78.0,3,0,0,3.3,1.47,0
38,3.4,-1,89.0,1,0,0,3.0,1.82,1
54,5.7,0,70.0,1,0,0,5.3,3.24,0
22,-6.8,-1,68.0,2,2,0,5.5,5.62,1
36,5.6,-1,82.0,2,0,1,2.9,1.37,1
31,-0.5,0,59.0,3,1,1,3.4,4.64,1
43,5.5,1,86.0,1,0,0,2.5,1.7,0
21,0.2,0,74.0,2,2,1,7.5,1.18,0
42,0.6,0,65.0,0,0,0,7.9,2.34,0
62,1.7,0,65.0,0,1,0,5.2,1.01,0
59,-3.6,-1,55.0,0,0,-1,7.4,2.67,0
42,5.4,-1,66.0,3,1,0,7.6,13.33,1
35,-5.0,1,69.0,2,0,0,2.2,3.91,2
57,-1.8,0,59.0,2,0,-1,9.7,1.89,0
25,2.4,1,71.0,1,0,0,8.4,3.79,0
56,-2.3,-1,78.0,1,1,0,2.8,1.15,0
57,3.5,1,69.0,0,0,0,2.7,1.27,0
31,6.2,0,80.0,1,1,0,2.1,1.92,0
49,4.6,0,62.0,1,0,1,2.2,2.12,0
55,-8.7,0,84.0,2,2,-1,7.7,0.93,0
50,0.6,1,73.0,1,2,0,5.2,1.68,0
40,4.6,0,91.0,0,1,0,8.0,1.85,0
32,-5.9,0,101.0,0,0,0,7.7,5.08,1
50,3.3,1,66.0,0,0,0,6.4,0.93,0
42,3.0,1,67.0,1,0,-1,7.2,0.88,0
34,-5.5,0,69.0,3,0,1,1.2,2.24,0
50,3.8,0,79.0,2,1,0,3.8,4.02,0
64,1.2,0,88.0,2,1,1,6.7,2.8,0
19,2.9,-1,64.0,1,2,0,1.1,2.41,1
31,-4.3,0,77.0,1,0,0,1.3,1.69,0
57,0.7,1,70.0,0,1,1,8.7,3.02,0
57,-7.7,1,79.0,3,0,0,7.2,3.31,2
56,-10.2,0,90.0,2,1,0,3.4,1.73,0
23,0.6,0,69.0,0,0,0,7.2,1.14,0
23,5.0,-1,52.0,1,0,1,8.1,1.14,1
20,1.1,1,81.0,1,0,0,3.8,3.41,0
24,-0.3,1,62.0,2,1,0,1.3,0.8,0
25,-0.8,0,70.0,3,2,-1,9.4,5.51,1
59,-4.2,1,81.0,2,0,1,4.1,1.53,2
32,-1.0,0,76.0,1,0,-1,2.0,2.42,0
64,1.9,0,71.0,0,0,0,5.4,3.07,0
46,-2.0,-1,65.0,0,1,0,7.9,1.34,0
50,3.4,0,48.0,0,0,0,3.0,1.53,0
47,0.9,0,80.0,0,1,0,3.4,2.18,0
56,1.4,0,69.0,2,2,-1,3.2,1.21,0
44,4.0,0,90.0,2,2,0,9.9,1.06,0
53,-2.4,1,77.0,0,0,0,2.8,1.12,2
46,3.0,-1,66.0,2,2,1,6.2,4.16,1
55,-1.7,0,85.0,0,1,-1,9.3,2.56,0
50,1.5,0,86.0,1,0,1,2.3,1.25,0
54,-2.9,0,69.0,1,1,0,9.7,3.4,0
44,-4.1,0,86.0,1,1,1,9.5,1.29,0
50,0.4,0,65.0,1,0,0,9.0,0.62,0
21,-8.5,-1,74.0,1,0,0,2.9,3.06,0
39,-1.3,0,79.0,1,0,1,6.7,5.41,1
19,-7.2,0,81.0,3,1,1,7.8,2.81,0
27,3.5,-1,79.0,0,0,0,9.9,0.65,1
22,4.7,0,68.0,0,2,0,2.6,1.99,0
27,-3.9,0,85.0,0,1,0,7.9,1.71,0
50,1.9,0,71.0,2,1,0,4.0,2.53,0
55,4.0,1,65.0,0,0,0,2.6,1.21,0
30,4.1,-1,65.0,2,1,0,4.8,1.65,1
48,1.0,-1,95.0,1,0,1,8.1,0.86,2
64,3.3,1,63.0,1,0,-1,5.2,2.3,0
53,-2.9,0,87.0,2,1,0,5.8,0.88,0
62,0.4,0,58.0,0,0,-1,10.0,2.62,0
41,-2.1,1,78.0,0,1,0,4.6,1.28,2
32,-3.3,1,76.0,1,0,-1,6.5,0.31,2
46,0.2,1,91.0,2,0,0,4.3,3.24,0
25,1.6,0,64.0,1,0,0,4.5,2.71,0
22,5.2,0,61.0,0,2,1,7.3,4.53,1
46,1.2,0,71.0,3,1,0,9.4,0.57,0
64,2.9,-1,92.0,0,1,0,5.9,1.36,1
21,2.9,0,61.0,2,0,0,7.9,2.18,0
29,12.1,0,48.0,2,0,1,1.8,2.84,0
62,-8.1,1,73.0,1,2,0,2.9,0.84,2
19,-3.1,0,83.0,0,0,0,5.5,2.61,0
44,6.6,0,60.0,0,0,0,1.2,1.43,0
48,-1.6,0,82.0,2,1,1,3.3,0.66,0
53,4.0,-1,60.0,2,0,-1,5.7,1.28,1
53,1.0,-1,70.0,2,1,0,1.1,2.74,0
43,9.5,0,81.0,3,1,1,3.4,0.68,0
60,-5.0,-1,58.0,2,0,0,5.6,2.95,0
44,5.5,0,74.0,0,0,0,6.2,2.39,0
22,7.9,1,87.0,1,0,0,9.3,1.73,0
37,-4.6,1,78.0,2,2,0,6.8,0.75,2
28,3.5,0,63.0,1,1,0,4.7,0.79,0
27,-4.3,-1,90.0,0,0,0,9.4,1.59,0
57,0.1,1,80.0,2,0,0,8.1,1.03,0
55,-1.2,1,50.0,1,1,0,2.8,1.65,0
23,-10.8,-1,82.0,3,1,1,2.2,3.47,0
25,1.9,0,65.0,2,0,-1,7.1,1.71,0
40,0.6,0,74.0,0,0,0,6.0,1.68,0
64,6.7,1,84.0,3,0,0,8.1,1.68,0
43,2.8,1,65.0,1,1,0,7.6,3.7,0
63,10.3,-1,52.0,1,2,0,6.6,4.38,1
60,0.5,1,90.0,1,0,0,9.9,2.59,0
29,-0.5,0,86.0,0,1,1,5.8,2.19,0
43,-0.8,1,71.0,1,0,0,2.0,2.31,0
30,-2.0,0,82.0,0,0,1,8.5,4.74,1
57,-9.9,1,68.0,1,0,1,3.3,2.68,2
35,-1.0,-1,73.0,1,1,-1,8.0,5.02,1
42,-9.3,0,70.0,2,0,0,9.6,1.57,0
50,2.0,-1,68.0,2,1,1,7.3,0.9,1
64,-5.6,1,76.0,0,0,1,6.4,1.35,2
57,-4.0,1,58.0,1,0,-1,5.1,1.44,2
60,-3.0,1,69.0,1,0,-1,4.3,5.27,1
29,-0.9,1,76.0,0,1,-1,4.2,3.13,0
61,0.0,-1,94.0,2,0,1,6.7,1.37,0
53,4.9,0,58.0,2,1,-1,7.8,3.27,0
21,-2.6,-1,78.0,0,0,0,7.1,1.86,0
22,2.2,-1,80.0,1,0,1,2.8,5.37,1
54,12.3,-1,49.0,0,0,-1,5.4,1.65,1
25,1.7,0,77.0,2,0,0,8.1,0.8,0
59,-0.8,0,83.0,0,0,0,5.3,1.8,0
45,-3.5,-1,79.0,3,0,1,5.8,1.65,0
48,-0.9,-1,71.0,2,1,0,7.9,0.9,0
26,-4.0,-1,76.0,1,1,0,7.0,2.86,0
46,1.2,1,74.0,2,0,0,4.7,4.73,1
31,0.5,1,52.0,3,0,0,9.1,1.03,0
57,-9.7,1,74.0,2,0,-1,2.5,3.61,2
58,-0.1,0,68.0,0,0,0,10.0,1.4,0
39,4.8,0,64.0,1,0,0,2.1,1.98,0
28,-1.8,1,102.0,2,2,1,1.1,1.86,2
40,-2.9,0,87.0,2,0,1,9.0,1.98,0
18,-6.2,0,58.0,2,0,0,3.2,2.67,0
63,-8.4,-1,76.0,3,0,0,7.6,1.09,0
54,3.7,-1,89.0,3,0,0,8.3,4.38,1
38,-0.8,0,54.0,3,1,1,8.7,2.72,0
43,3.5,0,73.0,0,0,0,9.9,3.32,0
63,6.9,0,73.0,1,0,0,3.6,1.26,0
53,4.1,-1,57.0,2,1,0,7.4,1.03,1
40,-2.4,-1,77.0,2,0,0,2.0,4.09,0
18,0.7,1,85.0,2,1,0,4.7,1.01,0
57,-2.8,-1,90.0,0,1,0,8.6,2.2,0
32,-3.2,0,69.0,2,0,-1,4.3,3.71,0
38,1.5,1,102.0,2,1,0,6.3,1.87,2
64,-3.7,-1,48.0,0,0,0,5.5,4.06,0
26,-9.9,-1,76.0,1,1,-1,6.8,1.71,0
26,-4.0,0,55.0,0,0,0,9.8,0.94,0
27,-1.4,0,73.0,1,0,0,1.5,2.52,0
43,6.8,0,66.0,0,1,0,6.2,2.27,0
58,-2.2,1,78.0,1,2,0,8.8,10.1,1
52,2.3,-1,70.0,1,2,0,5.3,1.14,1
42,-0.8,0,62.0,2,1,0,1.7,1.73,0
43,5.5,0,63.0,2,0,0,6.0,1.3,0
28,5.2,-1,95.0,2,0,-1,4.0,1.85,1
55,5.3,0,77.0,1,0,1,2.4,1.8,0
19,-7.8,0,52.0,0,0,0,8.6,1.19,0
24,0.9,0,79.0,3,0,0,5.7,2.67,0
35,3.4,-1,70.0,0,2,-1,9.4,1.77,1
44,1.7,0,72.0,3,0,0,8.3,4.51,1
51,2.9,0,82.0,2,0,0,7.2,1.36,0
44,0.3,1,86.0,1,0,0,1.0,6.15,1
34,-3.4,-1,62.0,3,1,0,4.9,2.38,0
60,-7.6,0,72.0,0,1,-1,2.8,4.32,0
61,-2.9,0,65.0,1,1,0,9.2,2.16,0
41,12.1,0,79.0,2,0,1,2.6,1.26,0
42,-2.2,0,69.0,1,1,1,3.6,1.72,0
24,-8.8,0,72.0,3,0,-1,5.7,0.88,0
23,3.3,1,69.0,0,2,0,3.4,1.88,0
41,3.8,1,71.0,1,1,0,2.9,2.23,0
50,5.8,0,92.0,2,0,-1,6.4,2.07,0
46,2.1,0,101.0,2,0,0,1.8,4.47,2
60,3.8,1,77.0,1,1,-1,1.5,1.84,0
